{
    "atom_coords": [
        [0.3743858178601727, 0.7487716357203524, 0.562568090402209],
        [0.8756141821398273, 0.7512283642796476, 0.312431909597791],
        [0.0024929087649994, 0.004985817529942, 0.9965891178147643],
        [0.2475070912350006, 0.495014182470058, 0.8784108821852357],
        [0.5028257273358321, 0.0056514546716073, 0.752633018162129],
        [0.756074988816323, 0.5121499776325251, 0.6271144652683702],
        [0.9921522096783448, 0.9843044193568176, 0.5010445775448957],
        [0.2578477903216552, 0.5156955806431824, 0.3739554224551043],
        [0.493925011183677, 0.9878500223674749, 0.2478855347316298],
        [0.7471742726641679, 0.4943485453283927, 0.122366981837871]
    ],
    "atom_properties": {
        "force": {
            "value": [
                [-0.002651, 0.002651, -0.001962],
                [0.002651, -0.002651, 0.001962],
                [-0.036524, 0.036524, -0.075822],
                [0.036524, -0.036524, 0.075822],
                [-0.064863, 0.064863, 0.146439],
                [0.034781, -0.034781, 0.128812],
                [0.004759, -0.004759, 0.008454],
                [-0.004759, 0.004759, -0.008454],
                [-0.034781, 0.034781, -0.128812],
                [0.064863, -0.064863, -0.146439]
            ]
        }
    },
    "atom_type": [
        "N",
        "N",
        "Zr",
        "Zr",
        "Zr",
        "Zr",
        "Zr",
        "Zr",
        "Zr",
        "Zr"
    ],
    "coordinate_mode": "Direct",
    "global_properties": {
        "energy": {
            "value": -91.796775
        }
    },
    "lattice_vectors": [
        [2.295555449280302, 2.295555449239183, -1.63036e-11],
        [-4.5594556591941044, 2.2639002198769034, 2.2693627328645762],
        [4.585302185135506, -4.585302185118475, 9.186174671604105]
    ]
}