{
    "atom_coords": [
        [0.5, 0.5007261914412311, 0.4998953795520151],
        [0.5, 0.7489924962954646, 0.9976608188545342],
        [0.0, 0.8747085481922383, 0.7491262599519359],
        [0.5, 0.9987930337700703, 0.5001744410685234],
        [0.0, 0.991055589677039, 0.0009986536593942],
        [0.5, 0.1140368086252437, 0.7451311524156523],
        [0.0, 0.2488913425632333, 0.4980264235174658],
        [0.5, 0.3739432537976626, 0.2500350701262448],
        [0.0, 0.5094642198958752, 0.0049217828668091],
        [0.5, 0.6381789295058624, 0.7506227445709683],
        [0.0, 0.7524792045427944, 0.5045236641629032],
        [0.5, 0.8737303816932851, 0.2488836092535607]
    ],
    "atom_properties": {
        "force": {
            "value": [
                [-0.011508, 0.011508, -0.038537],
                [0.054589, -0.054589, -0.048302],
                [-0.065516, 0.065516, 0.068553],
                [0.006736, -0.006736, -0.054387],
                [0.028046, -0.028046, 0.087875],
                [-0.057761, 0.057761, -0.039121],
                [-0.010738, 0.010738, -0.009624],
                [0.049136, -0.049136, 0.008744],
                [-0.012989, 0.012989, 0.104962],
                [-0.010886, 0.010886, -0.06736],
                [0.013733, -0.013733, -0.073331],
                [0.017158, -0.017158, 0.060529]
            ]
        }
    },
    "atom_type": [
        "N",
        "N",
        "N",
        "N",
        "Zr",
        "Zr",
        "Zr",
        "Zr",
        "Zr",
        "Zr",
        "Zr",
        "Zr"
    ],
    "coordinate_mode": "Direct",
    "global_properties": {
        "energy": {
            "value": -115.782
        }
    },
    "lattice_vectors": [
        [2.3102372733336587, 2.3102372733336587, 0.0],
        [-4.599266354495109, 4.599266354495109, -0.0172944679039186],
        [2.316990785588292, -2.316990785588292, 9.153739726927489]
    ]
}