{
    "atom_coords": [
        [0.214074495126205, 0.214074495126205, 0.3577765146213991],
        [0.5002112048737928, 0.5002112048737928, 0.4993663853785932],
        [6.91448230086e-05, 6.91448230086e-05, 0.9997925655309672],
        [0.1428014275924383, 0.1428014275924383, 0.5715956172226768],
        [0.2860688198151919, 0.2860688198151919, 0.1417935405544242],
        [0.428216880184813, 0.428216880184813, 0.7153492594455741],
        [0.5714842724075595, 0.5714842724075595, 0.2855472827773227],
        [0.7142165551769892, 0.7142165551769892, 0.8573503344690323],
        [0.8571428999999995, 0.8571428999999995, 0.4285714000000027]
    ],
    "atom_properties": {
        "force": {
            "value": [
                [-0.024418, 0.024418, 0.024418],
                [0.024418, -0.024418, -0.024418],
                [0.025788, -0.025788, -0.025788],
                [0.004774, -0.004774, -0.004774],
                [0.096029, -0.096029, -0.096029],
                [-0.096029, 0.096029, 0.096029],
                [-0.004774, 0.004774, 0.004774],
                [-0.025788, 0.025788, 0.025788],
                [0.0, -0.0, 0.0]
            ]
        }
    },
    "atom_type": [
        "N",
        "N",
        "Zr",
        "Zr",
        "Zr",
        "Zr",
        "Zr",
        "Zr",
        "Zr"
    ],
    "coordinate_mode": "Direct",
    "global_properties": {
        "energy": {
            "value": -83.125444
        }
    },
    "lattice_vectors": [
        [2.284225134644622, -6.272e-13, 2.2842251346433677],
        [2.284225134644622, 2.2842251346433677, -6.272e-13],
        [-9.177216853971446, 11.461441978635069, 11.461441978635069]
    ]
}