{
    "atom_coords": [
        [0.5, 0.6243638773142663, 0.3723797367519097],
        [0.5, 0.8729027419415871, 0.1244567217753385],
        [0.0, 0.0007313304123358, 0.4993415678105606],
        [0.5, 0.1235033831143397, 0.8750852855423545],
        [0.0, 0.0009449850010199, 0.9982912781313544],
        [0.5, 0.1171064836466513, 0.3763967448716059],
        [0.0, 0.2453173755032552, 0.7567595018208166],
        [0.5, 0.3747211079362813, 0.1259876246128613],
        [0.0, 0.506231834718001, 0.4978310350441575],
        [0.5, 0.6242187010546729, 0.8747403718757809],
        [0.0, 0.7531669577719171, 0.2555198216445262],
        [0.5, 0.8817912215856651, 0.6182103101187337]
    ],
    "atom_properties": {
        "force": {
            "value": [
                [-0.039409, 0.039409, 0.002404],
                [0.006612, -0.006612, -0.063179],
                [-0.057428, 0.057428, 0.049219],
                [0.074685, -0.074685, 0.013427],
                [0.034296, -0.034296, -0.029839],
                [-0.027069, 0.027069, 0.047701],
                [0.029949, -0.029949, 0.12858],
                [0.068803, -0.068803, -0.01015],
                [-0.033405, 0.033405, 0.070402],
                [-0.016133, 0.016133, -0.094219],
                [-0.014178, 0.014178, -0.075859],
                [-0.026722, 0.026722, -0.038487]
            ]
        }
    },
    "atom_type": [
        "N",
        "N",
        "N",
        "N",
        "Zr",
        "Zr",
        "Zr",
        "Zr",
        "Zr",
        "Zr",
        "Zr",
        "Zr"
    ],
    "coordinate_mode": "Direct",
    "global_properties": {
        "energy": {
            "value": -115.73357
        }
    },
    "lattice_vectors": [
        [2.3122861542808186, 2.3122861542808186, 0.0],
        [-4.630715470596715, 4.630715470596715, 4.539735091749146],
        [4.630570360745411, -4.630570360745411, 4.5395245385619445]
    ]
}