{
    "atom_coords": [
        [0.5, 0.3748215845133132, 0.6256731027899889],
        [0.0, 0.6239609443732519, 0.8728189638250754],
        [0.0, 0.8741966615433157, 0.6259434715040442],
        [0.5, 0.124861979493339, 0.8736327163520272],
        [0.0, 0.1233642615487867, 0.375510446664471],
        [0.0, 0.9974007207288196, 0.9964803947677154],
        [0.5, 0.01001933456849, 0.4977850880273991],
        [0.5, 0.249330404931527, 0.2538113909089716],
        [0.0, 0.2491512627459826, 0.7522275923509341],
        [0.0, 0.4932541922634357, 0.5012782927407216],
        [0.5, 0.5011788409846574, 0.999114725029628],
        [0.5, 0.7517892204098686, 0.7524973706085589],
        [0.0, 0.7516705918951914, 0.2482264444304647]
    ],
    "atom_properties": {
        "force": {
            "value": [
                [-0.049088, 0.054327, 0.049088],
                [0.048148, -0.065917, -0.048148],
                [0.006245, -0.015677, -0.006245],
                [0.003794, -4.2e-05, -0.003794],
                [-0.022718, -0.017306, 0.022718],
                [0.030858, -0.057645, -0.030858],
                [0.001608, 0.062579, -0.001608],
                [-0.066352, 0.076305, 0.066352],
                [-0.014464, -0.013797, 0.014464],
                [-0.060631, 0.03553, 0.060631],
                [0.058228, -0.007973, -0.058228],
                [-0.001455, -0.008645, 0.001455],
                [0.065825, -0.04174, -0.065825]
            ]
        }
    },
    "atom_type": [
        "N",
        "N",
        "N",
        "N",
        "N",
        "Zr",
        "Zr",
        "Zr",
        "Zr",
        "Zr",
        "Zr",
        "Zr",
        "Zr"
    ],
    "coordinate_mode": "Direct",
    "global_properties": {
        "energy": {
            "value": -127.51635
        }
    },
    "lattice_vectors": [
        [2.3005371947776676, 0.0, 2.3005371947776676],
        [2.297893578612756, 4.59044730527228, -2.297893578612756],
        [-6.915113807937954, 4.611859757660987, 6.915113807937954]
    ]
}