{
    "atom_coords": [
        [0.9978675513403914, 0.5025716001123826, 0.5016932972068417],
        [0.2021324486596114, 0.897428399887616, 0.6983067027931611],
        [0.9964665956454581, 0.0042175604658041, 0.0028492482432938],
        [0.6000000000000014, 0.2000000000000028, 0.6000000000000014],
        [0.2035334043545447, 0.3957824395341945, 0.197150751756709],
        [0.795857521076222, 0.6161655013116984, 0.7921194565359642],
        [0.4041424789237738, 0.7838344986883001, 0.4078805434640316]
    ],
    "atom_properties": {
        "force": {
            "value": [
                [0.107819, -0.107819, -0.063454],
                [-0.107819, 0.107819, 0.063454],
                [-0.006458, 0.006458, 0.113969],
                [0.0, -0.0, 0.0],
                [0.006458, -0.006458, -0.113969],
                [-0.029332, 0.029332, 0.12507],
                [0.029332, -0.029332, -0.12507]
            ]
        }
    },
    "atom_type": [
        "N",
        "N",
        "Zr",
        "Zr",
        "Zr",
        "Zr",
        "Zr"
    ],
    "coordinate_mode": "Direct",
    "global_properties": {
        "energy": {
            "value": -66.274401
        }
    },
    "lattice_vectors": [
        [2.3071372613807606, 2.307137261353951, 1.41822e-11],
        [-2.2961470363705865, 4.603284287640195, 2.269917083550856],
        [2.315952250863204, -0.0088149894405765, 6.847251861898678]
    ]
}