{
    "atom_coords": [
        [0.5, 0.0, 0.6248746157537255],
        [0.0, 0.5, 0.75],
        [0.5, 0.0, 0.8751253842462745],
        [0.0, 0.0, 0.9992943642677403],
        [0.5, 0.5, 0.1310191451536724],
        [0.0, 0.0, 0.25],
        [0.5, 0.5, 0.3689808548463276],
        [0.0, 0.0, 0.5007056357322597],
        [0.5, 0.5, 0.6284474145925856],
        [0.0, 0.0, 0.75],
        [0.5, 0.5, 0.8715525854074144]
    ],
    "atom_properties": {
        "force": {
            "value": [
                [0.041413, 0.0, -0.041413],
                [0.0, 0.0, 0.0],
                [-0.041413, 0.0, 0.041413],
                [0.007768, 0.0, -0.007768],
                [-0.047036, 0.0, 0.047036],
                [0.0, 0.0, 0.0],
                [0.047036, 0.0, -0.047036],
                [-0.007768, 0.0, 0.007768],
                [0.019706, 0.0, -0.019706],
                [0.0, 0.0, 0.0],
                [-0.019706, 0.0, 0.019706]
            ]
        }
    },
    "atom_type": [
        "N",
        "N",
        "N",
        "Zr",
        "Zr",
        "Zr",
        "Zr",
        "Zr",
        "Zr",
        "Zr",
        "Zr"
    ],
    "coordinate_mode": "Direct",
    "global_properties": {
        "energy": {
            "value": -103.60522
        }
    },
    "lattice_vectors": [
        [2.2987702256253306, 0.0, 2.2987702256253306],
        [0.0, 4.560412470830579, 0.0],
        [-9.158078474490221, 0.0, 9.158078474490221]
    ]
}