{
    "atom_coords": [
        [0.5, 0.5, 0.2481026414277423],
        [0.5, 0.5, 0.5],
        [0.5, 0.5, 0.7518973585722577],
        [0.0, 0.0, 0.0],
        [0.5, 0.5, 0.1230088701234067],
        [0.0, 0.0, 0.250266418065614],
        [0.5, 0.5, 0.3749784069745132],
        [0.0, 0.0, 0.5],
        [0.5, 0.5, 0.6250215930254868],
        [0.0, 0.0, 0.749733581934386],
        [0.5, 0.5, 0.8769911298765933]
    ],
    "atom_properties": {
        "force": {
            "value": [
                [-0.0, 0.0, 0.045009],
                [0.0, -0.0, 0.0],
                [0.0, 0.0, -0.045009],
                [0.0, -0.0, 0.0],
                [0.0, -0.0, 0.085246],
                [0.0, -0.0, 0.018292],
                [0.0, 0.0, 0.089456],
                [0.0, -0.0, 0.0],
                [-0.0, -0.0, -0.089456],
                [-0.0, 0.0, -0.018292],
                [-0.0, 0.0, -0.085246]
            ]
        }
    },
    "atom_type": [
        "N",
        "N",
        "N",
        "Zr",
        "Zr",
        "Zr",
        "Zr",
        "Zr",
        "Zr",
        "Zr",
        "Zr"
    ],
    "coordinate_mode": "Direct",
    "global_properties": {
        "energy": {
            "value": -103.70137
        }
    },
    "lattice_vectors": [
        [2.3005619929119634, 2.3005619929119634, 0.0],
        [2.3005619929119634, -2.3005619929119634, 0.0],
        [0.0, 0.0, -18.017066003033058]
    ]
}