{
    "atom_coords": [
        [0.5008784266836059, 0.996535760757645, 0.0017073858751573],
        [0.7000000000000028, 0.2000000000000028, 0.3999999999999986],
        [0.8991215733163926, 0.4034642392423535, 0.7982926141248399],
        [0.9778411701564949, 0.0250791508992947, 0.0192385087872324],
        [0.2000000000000028, 0.2000000000000028, 0.3999999999999986],
        [0.4221588298435037, 0.3749208491007039, 0.7807614912127647],
        [0.6101739820632304, 0.5985330871986037, 0.181118948675163],
        [0.7898260179367682, 0.8014669128013949, 0.6188810513248413]
    ],
    "atom_properties": {
        "force": {
            "value": [
                [-0.0, -0.003665, -0.008501],
                [-0.0, -0.0, -0.0],
                [0.0, 0.003665, 0.008501],
                [0.0, -0.012598, 0.009775],
                [-0.0, -0.0, -0.0],
                [-0.0, 0.012598, -0.009775],
                [-0.0, -0.000261, -0.040175],
                [0.0, 0.000261, 0.040175]
            ]
        }
    },
    "atom_type": [
        "N",
        "N",
        "N",
        "Zr",
        "Zr",
        "Zr",
        "Zr",
        "Zr"
    ],
    "coordinate_mode": "Direct",
    "global_properties": {
        "energy": {
            "value": -78.675305
        }
    },
    "lattice_vectors": [
        [4.567315690064425, 2.60887e-11, 1.61026e-10],
        [2.2836578501210947, 4.5951521473728905, 2.3671970159047007],
        [2.283657850161706, -2.2748199924482786, 4.688488994130938]
    ]
}