{
    "atom_coords": [
        [0.5, 0.0, 0.8333332999999996],
        [0.0, 0.0, 0.9941199213119702],
        [0.5, 0.5, 0.1733666483950955],
        [0.0, 0.0, 0.3333332999999996],
        [0.5, 0.5, 0.4933000516049049],
        [0.0, 0.0, 0.6725467786880301],
        [0.5, 0.5, 0.8333332999999996]
    ],
    "atom_properties": {
        "force": {
            "value": [
                [0.0, 0.0, 0.0],
                [0.060552, 0.0, -0.060552],
                [-0.039541, 0.0, 0.039541],
                [0.0, 0.0, -0.0],
                [0.039541, 0.0, -0.039541],
                [-0.060552, 0.0, 0.060552],
                [-0.0, 0.0, -0.0]
            ]
        }
    },
    "atom_type": [
        "N",
        "Zr",
        "Zr",
        "Zr",
        "Zr",
        "Zr",
        "Zr"
    ],
    "coordinate_mode": "Direct",
    "global_properties": {
        "energy": {
            "value": -62.921115
        }
    },
    "lattice_vectors": [
        [2.2915781628211236, 0.0, 2.2915781628211236],
        [0.0, 4.58321787037033, 0.0],
        [-6.839600989470502, 0.0, 6.839600989470502]
    ]
}