{
    "atom_coords": [
        [0.0, 0.7489784548644352, 0.7489784548644352],
        [0.5, 0.0, 0.0],
        [0.0, 0.2510215451355648, 0.2510215451355648],
        [0.0, 0.0, 0.0],
        [0.0, 0.0, 0.5],
        [0.5, 0.2435464725057628, 0.2435464725057628],
        [0.5, 0.2454697586075696, 0.7545302413924304],
        [0.0, 0.5, 0.5],
        [0.0, 0.5, 0.0],
        [0.5, 0.7564535274942372, 0.7564535274942372],
        [0.5, 0.7545302413924304, 0.2454697586075696]
    ],
    "atom_properties": {
        "force": {
            "value": [
                [-0.0, 0.000346, 0.0],
                [0.0, -0.0, 0.0],
                [0.0, -0.000346, 0.0],
                [0.0, -0.0, 0.0],
                [0.0, -0.0, 0.0],
                [0.0, -0.090812, 0.0],
                [0.0, -0.0, -0.049924],
                [0.0, -0.0, 0.0],
                [0.0, -0.0, 0.0],
                [0.0, 0.090812, 0.0],
                [0.0, -0.0, 0.049924]
            ]
        }
    },
    "atom_type": [
        "N",
        "N",
        "N",
        "Zr",
        "Zr",
        "Zr",
        "Zr",
        "Zr",
        "Zr",
        "Zr",
        "Zr"
    ],
    "coordinate_mode": "Direct",
    "global_properties": {
        "energy": {
            "value": -103.77515
        }
    },
    "lattice_vectors": [
        [-4.560332809885885, 0.0, 0.0],
        [0.0, 4.621324930397665, 4.5605734454561455],
        [0.0, 4.621324930397665, -4.5605734454561455]
    ]
}