{
    "atom_coords": [
        [0.5, 0.5, 0.0],
        [0.5, 0.5, 0.2494087143728123],
        [0.0, 0.0, 0.3749057789982899],
        [0.0, 0.0, 0.6250942210017101],
        [0.5, 0.5, 0.7505912856271877],
        [0.0, 0.0, 0.0],
        [0.5, 0.5, 0.1235465916937883],
        [0.0, 0.0, 0.2533599512923459],
        [0.5, 0.5, 0.3725241166849642],
        [0.0, 0.0, 0.5],
        [0.5, 0.5, 0.6274758833150358],
        [0.0, 0.0, 0.7466400487076541],
        [0.5, 0.5, 0.8764534083062117]
    ],
    "atom_properties": {
        "force": {
            "value": [
                [0.0, -0.0, -0.0],
                [0.0, -0.0, 0.077682],
                [0.0, -0.0, -0.02708],
                [-0.0, -0.0, 0.02708],
                [0.0, -0.0, -0.077682],
                [0.0, -0.0, -0.0],
                [-0.0, 0.0, 0.046175],
                [0.0, 0.0, -0.13472],
                [-0.0, 0.0, 0.1014],
                [0.0, -0.0, -0.0],
                [-0.0, -0.0, -0.1014],
                [-0.0, -0.0, 0.13472],
                [-0.0, 0.0, -0.046175]
            ]
        }
    },
    "atom_type": [
        "N",
        "N",
        "N",
        "N",
        "N",
        "Zr",
        "Zr",
        "Zr",
        "Zr",
        "Zr",
        "Zr",
        "Zr",
        "Zr"
    ],
    "coordinate_mode": "Direct",
    "global_properties": {
        "energy": {
            "value": -127.8393
        }
    },
    "lattice_vectors": [
        [2.299939985884399, 2.299939985884399, 0.0],
        [2.299939985884399, -2.299939985884399, 0.0],
        [0.0, 0.0, -18.315947034385946]
    ]
}