{
    "atom_coords": [
        [0.4372180600285986, 0.8134282137458797, 0.8744361200571902],
        [0.8125026131695776, 0.9388817376584839, 0.6250052263391552],
        [0.9374415234355666, 0.312597955601035, 0.8748830468711333],
        [0.9980651796243336, 0.9992878196069768, 0.9961303592486743],
        [0.1271845825244995, 0.3775133989914039, 0.2543691650489919],
        [0.2507083338830043, 0.7530276823244364, 0.5014166677660157],
        [0.3760995961182303, 0.1162224111178176, 0.7521991922364677],
        [0.4976440572740515, 0.4992753651756061, 0.9952881145480958],
        [0.6250886783042731, 0.8732725842077187, 0.2501773566085319],
        [0.7476275972308883, 0.2456330531353146, 0.4952551944617909],
        [0.8779197784069837, 0.6333597784353202, 0.7558395568139602]
    ],
    "atom_properties": {
        "force": {
            "value": [
                [0.027557, 0.000473, 0.027557],
                [4.7e-05, -0.013531, 4.7e-05],
                [-0.023695, 0.011188, -0.023695],
                [0.023991, 0.013244, 0.023991],
                [0.086344, -0.018911, 0.086344],
                [0.052667, -0.025226, 0.052667],
                [-0.016601, 0.089154, -0.016601],
                [-0.02302, -0.015334, -0.02302],
                [-0.024665, -0.03306, -0.024665],
                [-0.085253, 0.023872, -0.085253],
                [-0.017372, -0.031869, -0.017372]
            ]
        }
    },
    "atom_type": [
        "N",
        "N",
        "N",
        "Zr",
        "Zr",
        "Zr",
        "Zr",
        "Zr",
        "Zr",
        "Zr",
        "Zr"
    ],
    "coordinate_mode": "Direct",
    "global_properties": {
        "energy": {
            "value": -103.67171
        }
    },
    "lattice_vectors": [
        [2.2992034485371007, 0.0, -2.2992034485371007],
        [2.296153918183309, 4.584091335063062, 2.296153918183309],
        [4.576828293435742, -6.8621862414923696, 6.876031741972843]
    ]
}