{
    "atom_coords": [
        [0.5, 0.5, 0.5],
        [0.0, 0.0, 0.0],
        [0.5, 0.1710310746422081, 0.6678529827057957],
        [0.0, 0.3398646611421299, 0.3384146549286058],
        [0.5, 0.5, 0.0],
        [0.0, 0.6601353388578701, 0.6615853450713942],
        [0.5, 0.828968925357799, 0.3321470172942043]
    ],
    "atom_properties": {
        "force": {
            "value": [
                [0.0, 0.0, -0.0],
                [0.0, 0.0, -0.0],
                [0.022469, -0.039508, 0.022469],
                [-0.0392, -0.017173, -0.0392],
                [0.0, 0.0, -0.0],
                [0.0392, 0.017173, 0.0392],
                [-0.022469, 0.039508, -0.022469]
            ]
        }
    },
    "atom_type": [
        "N",
        "Zr",
        "Zr",
        "Zr",
        "Zr",
        "Zr",
        "Zr"
    ],
    "coordinate_mode": "Direct",
    "global_properties": {
        "energy": {
            "value": -62.808829
        }
    },
    "lattice_vectors": [
        [2.2758155328297085, 0.0, -2.2758155328297085],
        [2.265503787707453, 4.615645730893127, 2.265503787707453],
        [4.548475642871378, -4.63309285337168, 4.548475642871378]
    ]
}