{
    "atom_coords": [
        [0.9375, 0.3125, 0.875],
        [0.0011588552754063, 0.0032761547251852, 0.0023177105508125],
        [0.1272097878126957, 0.3765756948601791, 0.2544195756253984],
        [0.2508271062406422, 0.7543040129312715, 0.5016542124812844],
        [0.3762358457855086, 0.1307511913935357, 0.7524716915710101],
        [0.4987641542144914, 0.4942488086064643, 0.9975283084289899],
        [0.6241728937593578, 0.8706959870687285, 0.2483457875187156],
        [0.7477902121873043, 0.2484243051398209, 0.4955804243746016],
        [0.8738411447245937, 0.6217238452748148, 0.7476822894491875]
    ],
    "atom_properties": {
        "force": {
            "value": [
                [0.0, 0.0, 0.0],
                [0.017233, 0.038806, 0.017233],
                [0.023444, -0.032143, 0.023444],
                [0.041333, 0.031677, 0.041333],
                [0.071657, 0.01768, 0.071657],
                [-0.071657, -0.01768, -0.071657],
                [-0.041333, -0.031677, -0.041333],
                [-0.023444, 0.032143, -0.023444],
                [-0.017233, -0.038806, -0.017233]
            ]
        }
    },
    "atom_type": [
        "N",
        "Zr",
        "Zr",
        "Zr",
        "Zr",
        "Zr",
        "Zr",
        "Zr",
        "Zr"
    ],
    "coordinate_mode": "Direct",
    "global_properties": {
        "energy": {
            "value": -79.806481
        }
    },
    "lattice_vectors": [
        [2.2743737953485588, 0.0, -2.2743737953485588],
        [2.275394376494774, 4.609120046515827, 2.275394376494774],
        [4.5291349449056675, -6.891703448302593, 6.803508740254226]
    ]
}