{
    "atom_coords": [
        [0.0, 0.75, 0.75],
        [0.0, 0.25, 0.75],
        [0.0, 0.25, 0.25],
        [0.0, 0.0036118802849074, 0.9963881197150926],
        [0.0, 0.0036118802849074, 0.5036118802849074],
        [0.5, 0.25, 0.25],
        [0.5, 0.25, 0.75],
        [0.0, 0.4963881197150926, 0.5036118802849074],
        [0.0, 0.4963881197150926, 0.9963881197150926],
        [0.5, 0.75, 0.75],
        [0.5, 0.75, 0.25]
    ],
    "atom_properties": {
        "force": {
            "value": [
                [0.0, -0.0, -0.0],
                [0.0, -0.0, -0.0],
                [0.0, -0.0, -0.0],
                [-0.0, -0.0, -0.0129],
                [-0.0, -0.0129, -0.0],
                [0.0, -0.0, -0.0],
                [0.0, -0.0, -0.0],
                [0.0, -0.0, 0.0129],
                [0.0, 0.0129, -0.0],
                [0.0, -0.0, -0.0],
                [0.0, -0.0, -0.0]
            ]
        }
    },
    "atom_type": [
        "N",
        "N",
        "N",
        "Zr",
        "Zr",
        "Zr",
        "Zr",
        "Zr",
        "Zr",
        "Zr",
        "Zr"
    ],
    "coordinate_mode": "Direct",
    "global_properties": {
        "energy": {
            "value": -103.86303
        }
    },
    "lattice_vectors": [
        [-4.549927780218058, 0.0, 0.0],
        [0.0, 4.593719478553147, 4.593719478553147],
        [0.0, 4.593719478553147, -4.593719478553147]
    ]
}