{
    "atom_coords": [
        [0.8744807792511793, 0.7489615585023657, 0.8111710282985598],
        [0.375, 0.75, 0.5625],
        [0.8755192207488207, 0.7510384414976343, 0.3138289717014402],
        [0.0026959784763392, 0.0053919569526357, 0.9997154707755556],
        [0.2555672923597214, 0.5111345847193931, 0.8769533571108568],
        [0.4917607491891758, 0.9835214983783658, 0.7509083489552282],
        [0.7576193678939234, 0.5152387357878752, 0.6263076843495057],
        [0.9923806321060766, 0.9847612642121248, 0.4986923156504943],
        [0.2582392508108242, 0.5164785016216342, 0.3740916510447718],
        [0.4944327076402786, 0.9888654152806069, 0.2480466428891432],
        [0.7473040215236608, 0.4946080430473643, 0.1252845292244444]
    ],
    "atom_properties": {
        "force": {
            "value": [
                [0.032741, -0.032741, -0.000438],
                [-0.0, 0.0, -0.0],
                [-0.032741, 0.032741, 0.000438],
                [-0.087581, 0.087581, 0.036871],
                [0.038187, -0.038187, 0.157613],
                [-0.026596, 0.026596, 0.057061],
                [0.031989, -0.031989, -0.053715],
                [-0.031989, 0.031989, 0.053715],
                [0.026596, -0.026596, -0.057061],
                [-0.038187, 0.038187, -0.157613],
                [0.087581, -0.087581, -0.036871]
            ]
        }
    },
    "atom_type": [
        "N",
        "N",
        "N",
        "Zr",
        "Zr",
        "Zr",
        "Zr",
        "Zr",
        "Zr",
        "Zr",
        "Zr"
    ],
    "coordinate_mode": "Direct",
    "global_properties": {
        "energy": {
            "value": -103.75254
        }
    },
    "lattice_vectors": [
        [2.305530179524015, 2.3055301794891263, 5.0271e-12],
        [-4.569159215669562, 2.2636290461797826, 2.287077618518977],
        [4.59958020046171, -4.59958020037159, 9.281475169996668]
    ]
}