{
    "atom_coords": [
        [0.5, 0.0, 0.5],
        [0.6254988705492934, 0.6254988705492934, 0.7509977410985655],
        [0.0, 0.5, 0.5],
        [0.3745011294507066, 0.3745011294507066, 0.2490022589014345],
        [0.0, 0.0, 0.0],
        [0.3747952841010829, 0.865565711165722, 0.7403609952668333],
        [0.7375184739579268, 0.7375184739579268, 0.4999999999999929],
        [0.134434288834278, 0.6252047158989171, 0.2596390047331667],
        [0.5, 0.5, 0.0],
        [0.865565711165722, 0.3747952841010829, 0.7403609952668333],
        [0.2624815260420732, 0.2624815260420732, 0.5000000000000071],
        [0.6252047158989171, 0.134434288834278, 0.2596390047331667]
    ],
    "atom_properties": {
        "force": {
            "value": [
                [0.0, -0.0, -0.0],
                [0.0, -0.070922, 0.070922],
                [0.0, 0.0, -0.0],
                [0.0, 0.070922, -0.070922],
                [0.0, 0.0, -0.0],
                [-0.005396, 0.034139, -0.034139],
                [0.0, 0.037228, 0.037228],
                [-0.005396, -0.034139, 0.034139],
                [0.0, 0.0, -0.0],
                [0.005396, 0.034139, -0.034139],
                [0.0, -0.037228, -0.037228],
                [0.005396, -0.034139, 0.034139]
            ]
        }
    },
    "atom_type": [
        "N",
        "N",
        "N",
        "N",
        "Zr",
        "Zr",
        "Zr",
        "Zr",
        "Zr",
        "Zr",
        "Zr",
        "Zr"
    ],
    "coordinate_mode": "Direct",
    "global_properties": {
        "energy": {
            "value": -116.07358
        }
    },
    "lattice_vectors": [
        [4.610497256734632, 2.302308101163265, 2.3023081011775455],
        [-4.610497256734632, 2.302308101163265, 2.3023081011775455],
        [0.0, -6.897012546327329, 2.2923963540653634]
    ]
}