{
    "atom_coords": [
        [0.3333332999999996, 0.75, 0.5833332999999996],
        [0.995417216553065, 0.0041231898176761, 0.0050423770761725],
        [0.3344213433168619, 0.4951394456114215, 0.8360177677548535],
        [0.673871586791428, 0.9863976131956917, 0.6658593132215245],
        [0.9927951132085724, 0.5136023868043083, 0.5008073867784759],
        [0.3322452566831373, 0.0048605543885785, 0.3306488322451457],
        [0.6712494834469354, 0.4958768101823239, 0.1616243229238279]
    ],
    "atom_properties": {
        "force": {
            "value": [
                [-0.0, -0.0, -0.0],
                [0.024309, 0.024309, 0.052564],
                [-0.072202, -0.072202, 0.047315],
                [-0.117754, -0.117754, 0.062957],
                [0.117754, 0.117754, -0.062957],
                [0.072202, 0.072202, -0.047315],
                [-0.024309, -0.024309, -0.052564]
            ]
        }
    },
    "atom_type": [
        "N",
        "Zr",
        "Zr",
        "Zr",
        "Zr",
        "Zr",
        "Zr"
    ],
    "coordinate_mode": "Direct",
    "global_properties": {
        "energy": {
            "value": -62.833102
        }
    },
    "lattice_vectors": [
        [2.290198849568259, -2.2901988495599492, -1.88497e-11],
        [4.571052955592096, 2.280854115993289, -2.271443490419127],
        [4.59737958544342, 2.307180745921351, 6.892329668284718]
    ]
}