{
    "atom_coords": [
        [0.5, 0.0, 0.1245279887906818],
        [0.5, 0.0, 0.3754720112093182],
        [0.5, 0.0, 0.6257336720311244],
        [0.0, 0.5, 0.75],
        [0.5, 0.0, 0.8742663279688756],
        [0.0, 0.0, 0.0031629054182787],
        [0.5, 0.5, 0.126384942625144],
        [0.0, 0.0, 0.25],
        [0.5, 0.5, 0.373615057374856],
        [0.0, 0.0, 0.4968370945817213],
        [0.5, 0.5, 0.6306467445789465],
        [0.0, 0.0, 0.75],
        [0.5, 0.5, 0.8693532554210535]
    ],
    "atom_properties": {
        "force": {
            "value": [
                [0.022226, 0.0, -0.022226],
                [-0.022226, 0.0, 0.022226],
                [0.053393, 0.0, -0.053393],
                [-0.0, 0.0, 0.0],
                [-0.053393, 0.0, 0.053393],
                [0.031386, 0.0, -0.031386],
                [-0.082817, 0.0, 0.082817],
                [-0.0, 0.0, 0.0],
                [0.082817, 0.0, -0.082817],
                [-0.031386, 0.0, 0.031386],
                [-0.018694, 0.0, 0.018694],
                [-0.0, 0.0, 0.0],
                [0.018694, 0.0, -0.018694]
            ]
        }
    },
    "atom_type": [
        "N",
        "N",
        "N",
        "N",
        "N",
        "Zr",
        "Zr",
        "Zr",
        "Zr",
        "Zr",
        "Zr",
        "Zr",
        "Zr"
    ],
    "coordinate_mode": "Direct",
    "global_properties": {
        "energy": {
            "value": -127.70324
        }
    },
    "lattice_vectors": [
        [2.3111303823307283, 0.0, 2.3111303823307283],
        [0.0, 4.547386752878729, 0.0],
        [-9.200474097151794, 0.0, 9.200474097151794]
    ]
}