{
    "atom_coords": [
        [0.0711160313425125, 0.1422319626850239, 0.7850542887026819],
        [0.7857143000000022, 0.5714285999999973, 0.6428571000000005],
        [0.5003125686574847, 0.0006251373149766, 0.5006600112973203],
        [0.0016159863739986, 0.0032319727480044, 0.0054596648661374],
        [0.7091842917902156, 0.4183685835804027, 0.8547076579937567],
        [0.4313824575868921, 0.8627650151737996, 0.7096029271534974],
        [0.1400460424131111, 0.2800921848262021, 0.5761113728464977],
        [0.8622443082097817, 0.7244885164195978, 0.4310066420062455],
        [0.5698126136259987, 0.1396251272519962, 0.2802546351338648],
        [0.2857143000000022, 0.5714285999999973, 0.1428571000000005]
    ],
    "atom_properties": {
        "force": {
            "value": [
                [-0.049692, -0.049692, 0.07449],
                [0.0, 0.0, -0.0],
                [0.049692, 0.049692, -0.07449],
                [0.027196, 0.027196, 0.080964],
                [-0.073306, -0.073306, 0.059833],
                [-0.037795, -0.037795, 0.104457],
                [0.037795, 0.037795, -0.104457],
                [0.073306, 0.073306, -0.059833],
                [-0.027196, -0.027196, -0.080964],
                [0.0, 0.0, -0.0]
            ]
        }
    },
    "atom_type": [
        "N",
        "N",
        "N",
        "Zr",
        "Zr",
        "Zr",
        "Zr",
        "Zr",
        "Zr",
        "Zr"
    ],
    "coordinate_mode": "Direct",
    "global_properties": {
        "energy": {
            "value": -95.297952
        }
    },
    "lattice_vectors": [
        [2.3035816458905702, -2.303581645871565, 1.77118e-11],
        [2.2948723830760196, 4.598454018890151, -2.2664875804519986],
        [2.3160839180985873, 2.3160839180090025, 9.12115980272169]
    ]
}