{
    "atom_coords": [
        [0.5, 0.6248126187300898, 0.3755423479718445],
        [0.0, 0.7500160501150077, 0.7498772692041626],
        [0.5, 0.875, 0.125],
        [0.0, 0.9999839498849923, 0.5001227307958374],
        [0.5, 0.1251873812699102, 0.8744576520281555],
        [0.0, 0.994606535553828, 0.9924608913884327],
        [0.5, 0.1188920981881907, 0.375484879157753],
        [0.0, 0.2433582400534959, 0.7537392755476446],
        [0.5, 0.375, 0.125],
        [0.0, 0.5066417599465041, 0.4962607244523554],
        [0.5, 0.6311079018118093, 0.874515120842247],
        [0.0, 0.755393464446172, 0.2575391086115673],
        [0.5, 0.875, 0.625]
    ],
    "atom_properties": {
        "force": {
            "value": [
                [-0.023764, 0.023764, -0.027759],
                [0.04863, -0.04863, -0.13891],
                [0.0, -0.0, -0.0],
                [-0.04863, 0.04863, 0.13891],
                [0.023764, -0.023764, 0.027759],
                [0.027653, -0.027653, 0.005392],
                [0.018734, -0.018734, -0.065017],
                [0.14001, -0.14001, -0.012664],
                [0.0, -0.0, -0.0],
                [-0.14001, 0.14001, 0.012664],
                [-0.018734, 0.018734, 0.065017],
                [-0.027653, 0.027653, -0.005392],
                [0.0, -0.0, -0.0]
            ]
        }
    },
    "atom_type": [
        "N",
        "N",
        "N",
        "N",
        "N",
        "Zr",
        "Zr",
        "Zr",
        "Zr",
        "Zr",
        "Zr",
        "Zr",
        "Zr"
    ],
    "coordinate_mode": "Direct",
    "global_properties": {
        "energy": {
            "value": -127.52031
        }
    },
    "lattice_vectors": [
        [2.3110291256632096, 2.3110291256632096, 0.0],
        [-4.607455863519539, 4.607455863519539, 4.582294661231002],
        [4.61439077284991, -4.61439077284991, 4.596264363318824]
    ]
}