{
  "atom_coords" : [
    [ 2.290761446887, 2.290761446887, 2.290761446887 ],
    [ 0.000000000000, 0.000000000000, 0.000000000000 ]
  ],
  "atom_type" : [ "N", "Zr" ],
  "coordinate_mode" : "Cartesian",
  "lattice_vectors" : [
    [ 0.000000000000, 2.290761446887, 2.290761446887 ],
    [ 2.290761446887, 0.000000000000, 2.290761446887 ],
    [ 2.290761446887, 2.290761446887, 0.000000000000 ]
  ],
  "mol_coords" : [
    [ 2.290761446887, 2.290761446887, 2.290761446887 ],
    [ 0.000000000000, 0.000000000000, 0.000000000000 ]
  ],
  "mol_type" : [ "N", "Zr" ]
}