{
    "atom_coords": [
        [0.0833572997809213, 0.333285300438142, 0.7500000000000071],
        [0.2515304798874425, 0.9969390402251221, 0.2500000000000071],
        [0.4166667000000004, 0.6666667000000004, 0.75],
        [0.5818028201125571, 0.3363942597748775, 0.2499999999999929],
        [0.7499760002190783, 4.79995618576e-05, 0.7499999999999929],
        [0.9997706796474688, 0.0119264590369283, 0.9953649671334759],
        [0.1752207182267185, 0.6666666999999862, 0.506972197678742],
        [0.3450304386843968, 0.3214068409630926, 0.9953649671335398],
        [0.4883028613156029, 0.011926459036907, 0.5046350328664602],
        [0.6581126817732823, 0.6666667000000146, 0.993027802321258],
        [0.8335626203525308, 0.3214068409630713, 0.5046350328665241]
    ],
    "atom_properties": {
        "force": {
            "value": [
                [0.0, 0.068972, 0.068972],
                [-0.0, -0.029468, -0.029468],
                [0.0, 0.0, 0.0],
                [0.0, 0.029468, 0.029468],
                [-0.0, -0.068972, -0.068972],
                [0.06324, -0.004012, 0.054455],
                [0.150047, -0.022468, 0.022468],
                [0.06324, -0.054455, 0.004012],
                [-0.06324, 0.054455, -0.004012],
                [-0.150047, 0.022468, -0.022468],
                [-0.06324, 0.004012, -0.054455]
            ]
        }
    },
    "atom_type": [
        "N",
        "N",
        "N",
        "N",
        "N",
        "Zr",
        "Zr",
        "Zr",
        "Zr",
        "Zr",
        "Zr"
    ],
    "coordinate_mode": "Direct",
    "global_properties": {
        "energy": {
            "value": -110.86017
        }
    },
    "lattice_vectors": [
        [4.6143666794838, 2.305687898413598, -2.3056878984138884],
        [2.3071833447880237, 4.604331062694794, 2.2986431743671623],
        [4.60723357869236, -2.29851590178832, 2.2985159018472716]
    ]
}