{
    "atom_coords": [
        [0.0, 0.0, 0.25],
        [0.0, 0.5, 0.5],
        [0.0, 0.0, 0.75],
        [0.5, 0.0, 0.0],
        [0.0, 0.0, 0.0],
        [0.5, 0.5, 0.0],
        [0.0, 0.5, 0.2625298292042189],
        [0.5, 0.0, 0.2374701707957811],
        [0.0, 0.0, 0.5],
        [0.5, 0.5, 0.5],
        [0.0, 0.5, 0.7374701707957811],
        [0.5, 0.0, 0.7625298292042189]
    ],
    "atom_properties": {
        "force": {
            "value": [
                [0.0, -0.0, 0.0],
                [0.0, -0.0, 0.0],
                [0.0, 0.0, 0.0],
                [0.0, -0.0, 0.0],
                [0.0, -0.0, 0.0],
                [0.0, -0.0, 0.0],
                [-0.0, -0.0, 0.007579],
                [-0.0, -0.0, -0.007579],
                [0.0, -0.0, 0.0],
                [0.0, -0.0, 0.0],
                [0.0, -0.0, -0.007579],
                [0.0, 0.0, 0.007579]
            ]
        }
    },
    "atom_type": [
        "N",
        "N",
        "N",
        "N",
        "Zr",
        "Zr",
        "Zr",
        "Zr",
        "Zr",
        "Zr",
        "Zr",
        "Zr"
    ],
    "coordinate_mode": "Direct",
    "global_properties": {
        "energy": {
            "value": -115.83075
        }
    },
    "lattice_vectors": [
        [4.549904747443602, 0.0, 0.0],
        [0.0, 4.549904747443602, 0.0],
        [0.0, 0.0, 9.395451570526655]
    ]
}