{
    "atom_coords": [
        [0.5, 0.0, 0.2498563927010622],
        [0.0, 0.5, 0.5],
        [0.5, 0.0, 0.7501436072989378],
        [0.0, 0.0, 0.0],
        [0.5, 0.5, 0.2598708617761645],
        [0.0, 0.0, 0.5],
        [0.5, 0.5, 0.7401291382238355]
    ],
    "atom_properties": {
        "force": {
            "value": [
                [0.05322, 0.0, -0.05322],
                [0.0, 0.0, 0.0],
                [-0.05322, 0.0, 0.05322],
                [0.0, 0.0, 0.0],
                [-0.059663, -0.0, 0.059663],
                [0.0, 0.0, 0.0],
                [0.059663, 0.0, -0.059663]
            ]
        }
    },
    "atom_type": [
        "N",
        "N",
        "N",
        "Zr",
        "Zr",
        "Zr",
        "Zr"
    ],
    "coordinate_mode": "Direct",
    "global_properties": {
        "energy": {
            "value": -69.841176
        }
    },
    "lattice_vectors": [
        [2.299344549561562, 0.0, 2.299344549561562],
        [0.0, 4.606429078764145, 0.0],
        [-4.571319122924911, 0.0, 4.571319122924911]
    ]
}