{
    "atom_coords": [
        [0.9998279991597272, 0.4998279991597272, 0.9996559983194544],
        [0.25, 0.75, 0.5],
        [0.5001720008402728, 0.0001720008402728, 0.0003440016805456],
        [0.0, 0.0, 0.0],
        [0.1267753683248003, 0.6267753683248003, 0.2535507366496077],
        [0.25, 0.25, 0.5],
        [0.3732246316751997, 0.8732246316751997, 0.7464492633503923],
        [0.5, 0.5, 0.0],
        [0.6238400335022263, 0.1238400335022263, 0.2476800670044526],
        [0.75, 0.75, 0.5],
        [0.8761599664977737, 0.3761599664977737, 0.7523199329955474]
    ],
    "atom_properties": {
        "force": {
            "value": [
                [-0.0, -0.0, 0.040268],
                [-0.0, -0.0, 0.0],
                [0.0, 0.0, -0.040268],
                [0.0, 0.0, 0.0],
                [-0.0, -0.0, 0.007562],
                [-0.0, -0.0, 0.0],
                [0.0, 0.0, -0.007562],
                [-0.0, -0.0, 0.0],
                [-0.0, -0.0, 0.016436],
                [-0.0, -0.0, 0.0],
                [0.0, 0.0, -0.016436]
            ]
        }
    },
    "atom_type": [
        "N",
        "N",
        "N",
        "Zr",
        "Zr",
        "Zr",
        "Zr",
        "Zr",
        "Zr",
        "Zr",
        "Zr"
    ],
    "coordinate_mode": "Direct",
    "global_properties": {
        "energy": {
            "value": -103.94978
        }
    },
    "lattice_vectors": [
        [4.597319772606593, 0.0, 2.54412e-11],
        [0.0, 4.597319772606593, 2.54412e-11],
        [-2.2986598912694753, -2.2986598912694753, 9.070136576264815]
    ]
}