{
    "atom_coords": [
        [0.9285714000000027, 0.9285714000000027, 0.8571428999999995],
        [0.6428686037026878, 0.6428686037026878, 0.2857373074053697],
        [0.4988192469875514, 0.4988192469875514, 0.9976384939751028],
        [0.3583236530124481, 0.3583236530124481, 0.716647206024895],
        [0.2142741962973105, 0.2142741962973105, 0.4285483925946352],
        [0.0009043106717428, 0.0009043106717428, 0.0018086213434856],
        [0.8562385893282567, 0.8562385893282567, 0.7124770786565122],
        [0.7126474056561918, 0.7126474056561918, 0.4252948113123907],
        [0.5712489783750954, 0.5712489783750954, 0.1424978567501896],
        [0.4285714000000027, 0.4285714000000027, 0.8571428999999995],
        [0.2858939216249041, 0.2858939216249041, 0.5717878432498082],
        [0.1444953943438065, 0.1444953943438065, 0.2889908886876071]
    ],
    "atom_properties": {
        "force": {
            "value": [
                [-0.0, -0.0, -0.0],
                [0.0, -0.0, -0.03691],
                [0.0, -0.0, -0.124165],
                [-0.0, -0.0, 0.124165],
                [-0.0, -0.0, 0.03691],
                [-0.0, -0.0, 0.110385],
                [0.0, -0.0, -0.110385],
                [-0.0, -0.0, -0.112991],
                [0.0, -0.0, -0.031715],
                [-0.0, 0.0, -0.0],
                [-0.0, -0.0, 0.031715],
                [0.0, -0.0, 0.112991]
            ]
        }
    },
    "atom_type": [
        "N",
        "N",
        "N",
        "N",
        "N",
        "Zr",
        "Zr",
        "Zr",
        "Zr",
        "Zr",
        "Zr",
        "Zr"
    ],
    "coordinate_mode": "Direct",
    "global_properties": {
        "energy": {
            "value": -119.19041
        }
    },
    "lattice_vectors": [
        [2.2979351895397606, -2.2979351895397606, 0.0],
        [2.2979351895397606, 2.2979351895397606, 0.0],
        [-2.2979351895397606, 0.0, 16.110188577594478]
    ]
}