{
    "atom_coords": [
        [0.7866310298786487, 0.5732620597572762, 0.8571302324563135],
        [0.3571289984139554, 0.7142578968279096, 0.572263628802304],
        [0.9285714000000027, 0.8571428999999995, 0.2857143000000022],
        [0.5000139015860441, 2.78031720882e-05, 0.9991649711976933],
        [0.0705118701213507, 0.1410236402427216, 0.7142983675436838],
        [0.9927483904466214, 0.9854967808933424, 0.0003011500900669],
        [0.5702164864317325, 0.1404328728634994, 0.725254886870573],
        [0.1404370213119321, 0.2808741426239081, 0.4318031091961601],
        [0.7167057786880662, 0.4334115573760968, 0.1396253908038432],
        [0.286926413568267, 0.5738528271364984, 0.8461737131294242],
        [0.864394509553378, 0.7287889191066554, 0.5711274499099304],
        [0.4285714000000027, 0.8571428999999995, 0.2857143000000022]
    ],
    "atom_properties": {
        "force": {
            "value": [
                [0.0, -0.03615, -0.047984],
                [-0.0, -0.001766, -0.088214],
                [-0.0, 0.0, -0.0],
                [0.0, 0.001766, 0.088214],
                [-0.0, 0.03615, 0.047984],
                [0.0, -0.014637, 0.042373],
                [-0.0, 0.103331, 0.064087],
                [-0.0, 0.030343, 0.003988],
                [0.0, -0.030343, -0.003988],
                [0.0, -0.103331, -0.064087],
                [-0.0, 0.014637, -0.042373],
                [-0.0, 0.0, -0.0]
            ]
        }
    },
    "atom_type": [
        "N",
        "N",
        "N",
        "N",
        "N",
        "Zr",
        "Zr",
        "Zr",
        "Zr",
        "Zr",
        "Zr",
        "Zr"
    ],
    "coordinate_mode": "Direct",
    "global_properties": {
        "energy": {
            "value": -119.43821
        }
    },
    "lattice_vectors": [
        [4.620613583019917, -2.0568e-12, 7.026e-12],
        [-2.3103067965582107, 4.584085615918773, -2.30132485361195],
        [9.3851e-12, 2.2907403295116464, 6.901425359166885]
    ]
}