{
    "atom_coords": [
        [0.5, 0.6263246714179829, 0.3736753285820171],
        [0.5, 0.875, 0.125],
        [0.5, 0.1236753285820171, 0.8763246714179829],
        [0.0, 0.0002580328321073, 0.9997419671678927],
        [0.5, 0.1242802475010194, 0.3742802475010194],
        [0.0, 0.2461774381317738, 0.7538225618682262],
        [0.5, 0.375, 0.125],
        [0.0, 0.5038225618682262, 0.4961774381317738],
        [0.5, 0.6257197524989806, 0.8757197524989806],
        [0.0, 0.7497419671678927, 0.2502580328321073],
        [0.5, 0.875, 0.625]
    ],
    "atom_properties": {
        "force": {
            "value": [
                [-0.052477, 0.052477, 0.0],
                [-0.0, 0.0, 0.0],
                [0.052477, -0.052477, 0.0],
                [0.004201, -0.004201, 0.0],
                [-0.0, 0.0, 0.126523],
                [0.038366, -0.038366, 0.0],
                [-0.0, 0.0, -0.0],
                [-0.038366, 0.038366, 0.0],
                [-0.0, 0.0, -0.126523],
                [-0.004201, 0.004201, 0.0],
                [-0.0, 0.0, -0.0]
            ]
        }
    },
    "atom_type": [
        "N",
        "N",
        "N",
        "Zr",
        "Zr",
        "Zr",
        "Zr",
        "Zr",
        "Zr",
        "Zr",
        "Zr"
    ],
    "coordinate_mode": "Direct",
    "global_properties": {
        "energy": {
            "value": -103.65707
        }
    },
    "lattice_vectors": [
        [2.2988625889720913, 2.2988625889720913, 0.0],
        [-4.6174381861563445, 4.6174381861563445, 4.5133537864522495],
        [4.6174381861563445, -4.6174381861563445, 4.5133537864522495]
    ]
}