{
    "atom_coords": [
        [0.5, 0.5, 0.5],
        [0.0, 0.0, 0.0],
        [0.1435819517406856, 0.1435819517406856, 0.5692540447779137],
        [0.2857805123947301, 0.2857805123947301, 0.1426584628158096],
        [0.4275196442177389, 0.4275196442177389, 0.7174409673468034],
        [0.5724803557822611, 0.5724803557822611, 0.2825590326531966],
        [0.7142194876052699, 0.7142194876052699, 0.8573415371841904],
        [0.8564180482593144, 0.8564180482593144, 0.4307459552220863]
    ],
    "atom_properties": {
        "force": {
            "value": [
                [-0.0, -0.0, -0.0],
                [-0.0, -0.0, -0.0],
                [0.059487, -0.059487, -0.059487],
                [0.029138, -0.029138, -0.029138],
                [-0.063647, 0.063647, 0.063647],
                [0.063647, -0.063647, -0.063647],
                [-0.029138, 0.029138, 0.029138],
                [-0.059487, 0.059487, 0.059487]
            ]
        }
    },
    "atom_type": [
        "N",
        "Zr",
        "Zr",
        "Zr",
        "Zr",
        "Zr",
        "Zr",
        "Zr"
    ],
    "coordinate_mode": "Direct",
    "global_properties": {
        "energy": {
            "value": -71.287028
        }
    },
    "lattice_vectors": [
        [2.2918327478544724, 7.2083e-12, 2.2918327478688885],
        [2.2918327478544724, 2.2918327478688885, 7.2083e-12],
        [-9.056008316677485, 11.347841054636016, 11.347841054636016]
    ]
}