{
    "atom_coords": [
        [0.3333332999999996, 0.6666667000000004, 0.5826590829308245],
        [0.6666667000000004, 0.3333332999999996, 0.4173409170691755],
        [0.0, 0.0, 0.0],
        [0.3333332999999996, 0.6666667000000004, 0.8344155157619042],
        [0.6666667000000004, 0.3333332999999996, 0.666809169754643],
        [0.0, 0.0, 0.5],
        [0.3333332999999996, 0.6666667000000004, 0.333190830245357],
        [0.6666667000000004, 0.3333332999999996, 0.1655844842380958]
    ],
    "atom_properties": {
        "force": {
            "value": [
                [-0.034233, -0.034233, -0.034233],
                [0.034233, 0.034233, 0.034233],
                [0.0, 0.0, -0.0],
                [0.085673, 0.085673, 0.085673],
                [0.002051, 0.002051, 0.002051],
                [0.0, 0.0, -0.0],
                [-0.002051, -0.002051, -0.002051],
                [-0.085673, -0.085673, -0.085673]
            ]
        }
    },
    "atom_type": [
        "N",
        "N",
        "Zr",
        "Zr",
        "Zr",
        "Zr",
        "Zr",
        "Zr"
    ],
    "coordinate_mode": "Direct",
    "global_properties": {
        "energy": {
            "value": -74.652634
        }
    },
    "lattice_vectors": [
        [2.2844159184235924, 0.0, -2.2844159184235924],
        [-2.2844159184235924, 2.2844159184235924, 0.0],
        [9.177673821133219, 9.177673821133219, 9.177673821133219]
    ]
}