{
    "atom_coords": [
        [0.2178553416420357, 0.9264705909529951, 0.3544369803747287],
        [0.3544369803747287, 0.2178553416420357, 0.9264705909529951],
        [0.9264705909529951, 0.3544369803747287, 0.2178553416420357],
        [0.0164663779184835, 0.0164663779184835, 0.0164663779184835],
        [0.5657711291274907, 0.1415083970953788, 0.27130418532996],
        [0.1415083970953788, 0.27130418532996, 0.5657711291274907],
        [0.7036081377399626, 0.4300774632057127, 0.8725013966132522],
        [0.27130418532996, 0.5657711291274907, 0.1415083970953788],
        [0.8725013966132522, 0.7036081377399626, 0.4300774632057127],
        [0.4300774632057127, 0.8725013966132522, 0.7036081377399626]
    ],
    "atom_properties": {
        "force": {
            "value": [
                [0.023261, 0.008596, -0.013626],
                [0.008596, -0.013626, 0.023261],
                [-0.013626, 0.023261, 0.008596],
                [0.03485, 0.03485, 0.03485],
                [0.031333, -0.038402, 0.017968],
                [0.017968, 0.031333, -0.038402],
                [-0.046353, 0.003432, -0.021059],
                [-0.038402, 0.017968, 0.031333],
                [0.003432, -0.021059, -0.046353],
                [-0.021059, -0.046353, 0.003432]
            ]
        }
    },
    "atom_type": [
        "N",
        "N",
        "N",
        "Zr",
        "Zr",
        "Zr",
        "Zr",
        "Zr",
        "Zr",
        "Zr"
    ],
    "coordinate_mode": "Direct",
    "global_properties": {
        "energy": {
            "value": -95.350856
        }
    },
    "lattice_vectors": [
        [2.297220597326059, -4.62089561969041, -2.314856888360985],
        [-4.62089561969041, -2.314856888360985, 2.297220597326059],
        [-2.314856888360985, 2.297220597326059, -4.62089561969041]
    ]
}