{
    "atom_coords": [
        [0.5, 0.3735809155382483, 0.625090531605089],
        [0.0, 0.625, 0.875],
        [0.5, 0.8764190844617517, 0.124909468394911],
        [0.5, 0.125, 0.875],
        [0.0, 0.125, 0.375],
        [0.0, 0.9921521372286293, 0.9981392927579975],
        [0.5, 0.0119475316736697, 0.4959558395367338],
        [0.5, 0.2380524683263303, 0.2540441604632662],
        [0.0, 0.2578478627713707, 0.7518607072420025],
        [0.0, 0.4889351036789122, 0.5035511594226918],
        [0.5, 0.5053438481682946, 0.9957691086726257],
        [0.5, 0.7446561518317054, 0.7542308913273743],
        [0.0, 0.7610648963210878, 0.2464488405773082]
    ],
    "atom_properties": {
        "force": {
            "value": [
                [-0.071422, 0.041635, 0.071422],
                [-0.0, -0.0, -0.0],
                [0.071422, -0.041635, -0.071422],
                [-0.0, -0.0, 0.0],
                [-0.0, -0.0, -0.0],
                [0.051692, 0.071684, -0.051692],
                [-0.006043, -0.058485, 0.006043],
                [0.006043, 0.058485, -0.006043],
                [-0.051692, -0.071684, 0.051692],
                [-0.086049, 0.138945, 0.086049],
                [0.010323, -0.025375, -0.010323],
                [-0.010323, 0.025375, 0.010323],
                [0.086049, -0.138945, -0.086049]
            ]
        }
    },
    "atom_type": [
        "N",
        "N",
        "N",
        "N",
        "N",
        "Zr",
        "Zr",
        "Zr",
        "Zr",
        "Zr",
        "Zr",
        "Zr",
        "Zr"
    ],
    "coordinate_mode": "Direct",
    "global_properties": {
        "energy": {
            "value": -127.89068
        }
    },
    "lattice_vectors": [
        [2.3178143650456526, 0.0, 2.3178143650456526],
        [2.28922216706338, 4.56609094350796, -2.28922216706338],
        [-6.915389477575313, 4.6137412769367385, 6.915389477575313]
    ]
}