{
    "atom_coords": [
        [0.5, 0.75, 0.0],
        [0.0, 0.995726805044832, 0.0],
        [0.0, 0.9984016249019376, 0.5],
        [0.5, 0.25, 0.7463175953436689],
        [0.5, 0.25, 0.2536824046563311],
        [0.0, 0.5015983750980624, 0.5],
        [0.0, 0.504273194955168, 0.0],
        [0.5, 0.75, 0.2510018003089201],
        [0.5, 0.75, 0.74899819969108]
    ],
    "atom_properties": {
        "force": {
            "value": [
                [0.0, 0.0, 0.0],
                [0.107027, -0.107027, 0.0],
                [0.050095, -0.050095, 0.0],
                [0.0, 0.0, -0.216338],
                [0.0, 0.0, 0.216338],
                [-0.050095, 0.050095, 0.0],
                [-0.107027, 0.107027, 0.0],
                [0.0, 0.0, 0.024998],
                [0.0, 0.0, -0.024998]
            ]
        }
    },
    "atom_type": [
        "N",
        "Zr",
        "Zr",
        "Zr",
        "Zr",
        "Zr",
        "Zr",
        "Zr",
        "Zr"
    ],
    "coordinate_mode": "Direct",
    "global_properties": {
        "energy": {
            "value": -79.765798
        }
    },
    "lattice_vectors": [
        [2.2845311296501962, 2.2845311296501962, 0.0],
        [-4.552483892104197, 4.552483892104197, 0.0],
        [0.0, 0.0, 9.184411520126849]
    ]
}