{
    "atom_coords": [
        [0.25, 0.25, 0.7484598124832047],
        [0.25, 0.75, 0.5],
        [0.75, 0.25, 0.5],
        [0.25, 0.25, 0.2515401875167953],
        [0.0049462572278784, 0.0049462572278784, 0.0],
        [0.4950537427721216, 0.4950537427721216, 0.0],
        [0.4977722847312478, 0.0022277152687522, 0.7420370469490862],
        [0.0022277152687522, 0.4977722847312478, 0.7420370469490862],
        [0.0126764799930257, 0.0126764799930257, 0.5],
        [0.4873235200069743, 0.4873235200069743, 0.5],
        [0.4977722847312478, 0.0022277152687522, 0.2579629530509138],
        [0.0022277152687522, 0.4977722847312478, 0.2579629530509138]
    ],
    "atom_properties": {
        "force": {
            "value": [
                [0.002129, -0.002129, -0.0],
                [0.0, -0.0, -0.0],
                [0.0, -0.0, -0.0],
                [-0.002129, 0.002129, -0.0],
                [-0.046057, -0.046057, -0.0],
                [0.046057, 0.046057, -0.0],
                [0.027965, -0.027965, -0.071925],
                [0.027965, -0.027965, 0.071925],
                [0.010498, 0.010498, -0.0],
                [-0.010498, -0.010498, -0.0],
                [-0.027965, 0.027965, -0.071925],
                [-0.027965, 0.027965, 0.071925]
            ]
        }
    },
    "atom_type": [
        "N",
        "N",
        "N",
        "N",
        "Zr",
        "Zr",
        "Zr",
        "Zr",
        "Zr",
        "Zr",
        "Zr",
        "Zr"
    ],
    "coordinate_mode": "Direct",
    "global_properties": {
        "energy": {
            "value": -115.80414
        }
    },
    "lattice_vectors": [
        [-2.2996606363016454, -2.2996606363016454, -4.613278489096677],
        [-2.2996606363016454, -2.2996606363016454, 4.613278489096677],
        [-4.594156900666104, 4.594156900666104, 0.0]
    ]
}