{
    "atom_coords": [
        [0.3138265294406182, 0.8107899579553433, 0.5615569831634133],
        [0.9366451770315223, 0.4401315298561101, 0.6865781160808453],
        [0.5633548229684777, 0.0598684701438899, 0.8134218839191547],
        [0.1861734705593818, 0.6892100420446567, 0.9384430168365867],
        [0.002150870518463, 0.9992424482463491, 0.996455810716725],
        [0.6287310616467536, 0.6211850826702161, 0.1213527940362766],
        [0.25, 0.25, 0.25],
        [0.8712689383532464, 0.8788149173297839, 0.3786472059637234],
        [0.497849129481537, 0.5007575517536509, 0.503544189283275],
        [0.1223731609301097, 0.1228979571883642, 0.6323557209514163],
        [0.75, 0.75, 0.75],
        [0.3776268390698903, 0.3771020428116358, 0.8676442790485837]
    ],
    "atom_properties": {
        "force": {
            "value": [
                [-0.011986, -0.021651, 0.011986],
                [0.032749, -0.042209, -0.032749],
                [-0.032749, 0.042209, 0.032749],
                [0.011986, 0.021651, -0.011986],
                [0.026236, 0.045738, -0.026236],
                [0.026057, -0.095631, -0.026057],
                [-0.0, 0.0, 0.0],
                [-0.026057, 0.095631, 0.026057],
                [-0.026236, -0.045738, 0.026236],
                [-0.083156, 0.030959, 0.083156],
                [-0.0, -0.0, 0.0],
                [0.083156, -0.030959, -0.083156]
            ]
        }
    },
    "atom_type": [
        "N",
        "N",
        "N",
        "N",
        "Zr",
        "Zr",
        "Zr",
        "Zr",
        "Zr",
        "Zr",
        "Zr",
        "Zr"
    ],
    "coordinate_mode": "Direct",
    "global_properties": {
        "energy": {
            "value": -115.53876
        }
    },
    "lattice_vectors": [
        [2.299239894454019, 0.0, 2.299239894454019],
        [2.295946178466302, 6.897443708126891, 0.0032937159877169],
        [-4.594115256379806, 2.303144934754207, 6.893355150833826]
    ]
}