{
    "atom_coords": [
        [0.75, 0.25, 0.0],
        [0.25, 0.25, 0.75],
        [0.75, 0.25, 0.5],
        [0.75, 0.75, 0.25],
        [0.991913180325696, 0.008086819674304, 0.0],
        [0.508086819674304, 0.491913180325696, 0.0],
        [0.4925847036476441, 0.0218049862734375, 0.75],
        [0.0074152963523559, 0.4781950137265625, 0.75],
        [0.991913180325696, 0.008086819674304, 0.5],
        [0.508086819674304, 0.491913180325696, 0.5],
        [0.5218049862734375, 0.9925847036476441, 0.25],
        [0.9781950137265625, 0.5074152963523559, 0.25]
    ],
    "atom_properties": {
        "force": {
            "value": [
                [0.0, 0.0, -0.0],
                [0.0, 0.0, -0.0],
                [0.0, 0.0, -0.0],
                [0.0, 0.0, -0.0],
                [0.0, 0.0, 0.074636],
                [0.0, -0.0, -0.074636],
                [-0.004145, -0.004145, -0.028774],
                [0.004145, 0.004145, 0.028774],
                [0.0, 0.0, 0.074636],
                [0.0, 0.0, -0.074636],
                [-0.004145, -0.004145, 0.028774],
                [0.004145, 0.004145, -0.028774]
            ]
        }
    },
    "atom_type": [
        "N",
        "N",
        "N",
        "N",
        "Zr",
        "Zr",
        "Zr",
        "Zr",
        "Zr",
        "Zr",
        "Zr",
        "Zr"
    ],
    "coordinate_mode": "Direct",
    "global_properties": {
        "energy": {
            "value": -116.20469
        }
    },
    "lattice_vectors": [
        [-2.2665681890588987, -2.2665681890588987, -4.736705422286099],
        [-2.2665681890588987, -2.2665681890588987, 4.736705422286099],
        [-4.585680811148775, 4.585680811148775, 0.0]
    ]
}