{
    "atom_coords": [
        [0.4379196102004599, 0.9368789019872565, 0.1872818776118237],
        [0.0608435352217285, 0.5640637164215505, 0.3142492131349925],
        [0.6886158128733868, 0.1850595023005042, 0.4377088719527151],
        [0.3125, 0.8125, 0.5625],
        [0.9363841871266132, 0.4399404976994958, 0.6872911280472849],
        [0.5641564647782715, 0.0609362835784495, 0.8107507868650075],
        [0.1870803897995401, 0.6881210980127435, 0.9377181223881763],
        [0.0046190438086668, 0.992122705428045, 0.9986392069546142],
        [0.6203809561913332, 0.632877294571955, 0.1263607930453858],
        [0.2477909645364136, 0.2478029685151455, 0.2566151024120344],
        [0.875730301311819, 0.8762628606654204, 0.3722765367109488],
        [0.5021181781387298, 0.496822053643271, 0.4989415900792835],
        [0.1228818218612702, 0.128177946356729, 0.6260584099207165],
        [0.749269698688181, 0.7487371393345796, 0.7527234632890512],
        [0.3772090354635864, 0.3771970314848545, 0.8683848975879656]
    ],
    "atom_properties": {
        "force": {
            "value": [
                [0.01386, 0.036485, -0.01386],
                [-0.01326, 0.014365, 0.01326],
                [-0.023523, -0.013506, 0.023523],
                [0.0, 0.0, 0.0],
                [0.023523, 0.013506, -0.023523],
                [0.01326, -0.014365, -0.01326],
                [-0.01386, -0.036485, 0.01386],
                [0.013818, -0.063946, -0.013818],
                [-0.013818, 0.063946, 0.013818],
                [-0.035931, 0.013848, 0.035931],
                [0.018997, -0.001041, -0.018997],
                [0.006772, -0.023971, -0.006772],
                [-0.006772, 0.023971, 0.006772],
                [-0.018997, 0.001041, 0.018997],
                [0.035931, -0.013848, -0.035931]
            ]
        }
    },
    "atom_type": [
        "N",
        "N",
        "N",
        "N",
        "N",
        "N",
        "N",
        "Zr",
        "Zr",
        "Zr",
        "Zr",
        "Zr",
        "Zr",
        "Zr",
        "Zr"
    ],
    "coordinate_mode": "Direct",
    "global_properties": {
        "energy": {
            "value": -151.42777
        }
    },
    "lattice_vectors": [
        [2.3010156274749187, 0.0, 2.3010156274749187],
        [2.2887211644883565, 6.903752236462448, 0.0122944629865616],
        [-4.595118800930832, 2.319460841960423, 6.896134428405752]
    ]
}