{
    "atom_coords": [
        [0.3333425137319068, 0.2502494754542255, 0.0830653970818958],
        [0.9992160082364165, 0.2513953502932083, 0.7501726332340652],
        [0.3339150827983488, 0.7488256648252118, 0.5833440695780467],
        [0.9882753586758284, 0.0199635433274494, 0.0034857393212135],
        [0.3440775403238234, 0.4835287865043227, 0.8283160328477734],
        [0.6704051486141935, 0.9952648017595891, 0.6639250010119966],
        [0.9887961714768778, 0.5144798124759191, 0.5079278445705171],
        [0.3340562510029272, 0.9993649277741667, 0.3325224702199421],
        [0.6745825251396766, 0.4869276375859073, 0.1639074121345629]
    ],
    "atom_properties": {
        "force": {
            "value": [
                [0.075672, 0.075672, 0.012656],
                [-0.132392, -0.132392, 0.008542],
                [0.090398, 0.090398, -0.028],
                [-0.054408, -0.054408, 0.113232],
                [-0.033195, -0.033195, -0.025948],
                [-0.012211, -0.012211, -0.00129],
                [0.043909, 0.043909, -0.124789],
                [0.016489, 0.016489, 0.029729],
                [0.005739, 0.005739, 0.015869]
            ]
        }
    },
    "atom_type": [
        "N",
        "N",
        "N",
        "Zr",
        "Zr",
        "Zr",
        "Zr",
        "Zr",
        "Zr"
    ],
    "coordinate_mode": "Direct",
    "global_properties": {
        "energy": {
            "value": -87.02635
        }
    },
    "lattice_vectors": [
        [2.3312075010648488, -2.3312075011066393, -4.3915e-12],
        [4.621189305513174, 2.2899818146610134, -2.2694929866102393],
        [4.626983549383012, 2.295776058547956, 6.82590806325003]
    ]
}