{
    "atom_coords": [
        [0.2000000000000028, 0.8999999999999986, 0.7000000000000028],
        [0.9987296845822655, 0.0006442911453561, 0.0018963396901199],
        [0.6070155416680123, 0.1843981408269073, 0.6015707758372741],
        [0.2000000000000028, 0.3999999999999986, 0.2000000000000028],
        [0.7929844583319863, 0.615601859173097, 0.7984292241627244],
        [0.4012703154177331, 0.799355708854641, 0.3981036603098786]
    ],
    "atom_properties": {
        "force": {
            "value": [
                [0.0, 0.0, -0.0],
                [-0.032119, 0.032119, 0.057571],
                [0.089336, -0.089336, -0.021174],
                [0.0, 0.0, -0.0],
                [-0.089336, 0.089336, 0.021174],
                [0.032119, -0.032119, -0.057571]
            ]
        }
    },
    "atom_type": [
        "N",
        "Zr",
        "Zr",
        "Zr",
        "Zr",
        "Zr"
    ],
    "coordinate_mode": "Direct",
    "global_properties": {
        "energy": {
            "value": -54.297356
        }
    },
    "lattice_vectors": [
        [2.2921546864757625, 2.292154686499127, 4.02368e-11],
        [-2.2684834943329526, 4.560638170890601, 2.2527638703138066],
        [2.344282940639963, -0.0521282540416745, 6.93707556677895]
    ]
}