{
    "atom_coords": [
        [0.9283109249623536, 0.9283109249623536, 0.2150671251129452],
        [0.0711816198932596, 0.0711816198932596, 0.7864552403202154],
        [0.2142856999999978, 0.2142856999999978, 0.3571428999999995],
        [0.3573898801067372, 0.3573898801067372, 0.9278304596797895],
        [0.5002604750376491, 0.5002604750376491, 0.4992185748870526],
        [0.0002955868467254, 0.0002955868467254, 0.9991132394598239],
        [0.1435119093963522, 0.1435119093963522, 0.5694641718109423],
        [0.2850594906036505, 0.2850594906036505, 0.1448215281890555],
        [0.4282758131532773, 0.4282758131532773, 0.7151724605401739],
        [0.5723541888750461, 0.5723541888750461, 0.2829375333748771],
        [0.7142856999999978, 0.7142856999999978, 0.8571428999999995],
        [0.8562173111249507, 0.8562173111249507, 0.4313481666251278]
    ],
    "atom_properties": {
        "force": {
            "value": [
                [-0.04985, 0.04985, 0.04985],
                [-0.059059, 0.059059, 0.059059],
                [-0.0, -0.0, -0.0],
                [0.059059, -0.059059, -0.059059],
                [0.04985, -0.04985, -0.04985],
                [0.032383, -0.032383, -0.032383],
                [0.034152, -0.034152, -0.034152],
                [-0.034152, 0.034152, 0.034152],
                [-0.032383, 0.032383, 0.032383],
                [-0.046818, 0.046818, 0.046818],
                [-0.0, -0.0, -0.0],
                [0.046818, -0.046818, -0.046818]
            ]
        }
    },
    "atom_type": [
        "N",
        "N",
        "N",
        "N",
        "N",
        "Zr",
        "Zr",
        "Zr",
        "Zr",
        "Zr",
        "Zr",
        "Zr"
    ],
    "coordinate_mode": "Direct",
    "global_properties": {
        "energy": {
            "value": -118.96126
        }
    },
    "lattice_vectors": [
        [2.2930423795266974, -3.4629e-12, 2.2930423795197723],
        [2.2930423795266974, 2.2930423795197723, -3.4629e-12],
        [-9.213557186433787, 11.506599555898672, 11.506599555898672]
    ]
}