{
    "atom_coords": [
        [0.1246337670484223, 0.2492675340968518, 0.6867773444392498],
        [0.8753662329515777, 0.7507324659031482, 0.3132226555607502],
        [0.0, 0.0, 0.0],
        [0.2512013275473493, 0.502402655094663, 0.8761834090344749],
        [0.5076780712843103, 0.0153561425684927, 0.7485719391208789],
        [0.7420908242931645, 0.4841816485864712, 0.6280573020337386],
        [0.0, 0.0, 0.5],
        [0.2579091757068355, 0.5158183514135288, 0.3719426979662614],
        [0.4923219287156897, 0.9846438574315073, 0.2514280608791211],
        [0.7487986724526507, 0.497597344905337, 0.1238165909655251]
    ],
    "atom_properties": {
        "force": {
            "value": [
                [-0.009302, 0.009302, 0.084695],
                [0.009302, -0.009302, -0.084695],
                [0.0, 0.0, 0.0],
                [-0.048942, 0.048942, 0.098543],
                [-0.071145, 0.071145, 0.021463],
                [0.064587, -0.064587, 0.003697],
                [0.0, 0.0, 0.0],
                [-0.064587, 0.064587, -0.003697],
                [0.071145, -0.071145, -0.021463],
                [0.048942, -0.048942, -0.098543]
            ]
        }
    },
    "atom_type": [
        "N",
        "N",
        "Zr",
        "Zr",
        "Zr",
        "Zr",
        "Zr",
        "Zr",
        "Zr",
        "Zr"
    ],
    "coordinate_mode": "Direct",
    "global_properties": {
        "energy": {
            "value": -91.811746
        }
    },
    "lattice_vectors": [
        [2.3093846040836516, 2.309384604075432, -3.96739e-11],
        [-4.590755458659894, 2.2813708646084665, 2.2438724220236055],
        [4.643271848094174, -4.6432718482365045, 9.157072979380937]
    ]
}