{
    "atom_coords": [
        [0.1873041132398967, 0.1873041132398967, 0.4380876602803028],
        [0.8126958867601033, 0.8126958867601033, 0.5619123397196972],
        [0.0, 0.0, 0.0],
        [0.875068312944002, 0.875068312944002, 0.3747950611679869],
        [0.7496718646400211, 0.7496718646400211, 0.7509844060799438],
        [0.6250467219424323, 0.6250467219424323, 0.1248598341727103],
        [0.5, 0.5, 0.5],
        [0.3749532780575677, 0.3749532780575677, 0.8751401658272897],
        [0.2503281353599789, 0.2503281353599789, 0.2490155939200562],
        [0.124931687055998, 0.124931687055998, 0.6252049388320131]
    ],
    "atom_properties": {
        "force": {
            "value": [
                [-0.013404, -0.013404, 0.013404],
                [0.013404, 0.013404, -0.013404],
                [-0.0, 0.0, -0.0],
                [-0.006304, -0.006304, 0.006304],
                [-0.087308, -0.087308, 0.087308],
                [0.032062, 0.032062, -0.032062],
                [-0.0, 0.0, -0.0],
                [-0.032062, -0.032062, 0.032062],
                [0.087308, 0.087308, -0.087308],
                [0.006304, 0.006304, -0.006304]
            ]
        }
    },
    "atom_type": [
        "N",
        "N",
        "Zr",
        "Zr",
        "Zr",
        "Zr",
        "Zr",
        "Zr",
        "Zr",
        "Zr"
    ],
    "coordinate_mode": "Direct",
    "global_properties": {
        "energy": {
            "value": -91.596074
        }
    },
    "lattice_vectors": [
        [2.282425603134758, 0.0, 2.282425603134758],
        [0.0, 2.282425603134758, 2.282425603134758],
        [-11.463180278620742, -11.463180278620742, 13.7456058817555]
    ]
}