{
    "atom_coords": [
        [0.6879015248712292, 0.1847172720780748, 0.4394796781794739],
        [0.3127061658305337, 0.8127844869568932, 0.5618031813820465],
        [0.5622938341694663, 0.0622155130431068, 0.8131968186179535],
        [0.1870984751287708, 0.6902827279219252, 0.9355203218205261],
        [0.0044683548628939, 0.9988569476549074, 0.992206342619312],
        [0.6298042794533671, 0.6234348667778988, 0.1169565743153669],
        [0.2451957205466329, 0.2515651332221012, 0.2580434256846331],
        [0.8705316451371061, 0.8761430523450926, 0.382793657380688],
        [0.5015391546422663, 0.4992324158578256, 0.4976892748576418],
        [0.1302911794379611, 0.1186407171217922, 0.6207769240022856],
        [0.7447088205620389, 0.7563592828782078, 0.7542230759977144],
        [0.3734608453577408, 0.3757675841421744, 0.8773107251423582]
    ],
    "atom_properties": {
        "force": {
            "value": [
                [-0.038454, -0.059752, 0.038454],
                [0.009526, -0.0922, -0.009526],
                [-0.009526, 0.0922, 0.009526],
                [0.038454, 0.059752, -0.038454],
                [0.05505, 0.114763, -0.05505],
                [0.047991, -0.085912, -0.047991],
                [-0.047991, 0.085912, 0.047991],
                [-0.05505, -0.114763, 0.05505],
                [-0.037314, -0.036919, 0.037314],
                [-0.036558, 0.07534, 0.036558],
                [0.036558, -0.07534, -0.036558],
                [0.037314, 0.036919, -0.037314]
            ]
        }
    },
    "atom_type": [
        "N",
        "N",
        "N",
        "N",
        "Zr",
        "Zr",
        "Zr",
        "Zr",
        "Zr",
        "Zr",
        "Zr",
        "Zr"
    ],
    "coordinate_mode": "Direct",
    "global_properties": {
        "energy": {
            "value": -115.72593
        }
    },
    "lattice_vectors": [
        [2.317276119133064, 0.0, 2.317276119133064],
        [2.3417605893593576, 6.847856460388646, -0.0244844702262942],
        [-4.590709177281667, 2.227003511842302, 6.907985296414733]
    ]
}