{
    "atom_coords": [
        [0.5, 0.5, 0.5],
        [0.0, 0.0, 0.0],
        [0.5, 0.5, 0.2483651392980875],
        [0.0, 0.0, 0.5],
        [0.5, 0.5, 0.7516348607019125]
    ],
    "atom_properties": {
        "force": {
            "value": [
                [0.0, -0.0, 0.0],
                [0.0, -0.0, 0.0],
                [-0.0, 0.0, 0.072062],
                [0.0, -0.0, 0.0],
                [-0.0, 0.0, -0.072062]
            ]
        }
    },
    "atom_type": [
        "N",
        "Zr",
        "Zr",
        "Zr",
        "Zr"
    ],
    "coordinate_mode": "Direct",
    "global_properties": {
        "energy": {
            "value": -45.87839
        }
    },
    "lattice_vectors": [
        [2.298491326565071, 2.298491326565071, 0.0],
        [2.298491326565071, -2.298491326565071, 0.0],
        [0.0, 0.0, -9.058743135229147]
    ]
}