{
    "atom_coords": [
        [0.25, 0.25, 0.5],
        [0.9965216815513145, 0.0002199966019774, 0.9930433631026432],
        [0.8307641894344329, 0.1692221205852178, 0.6615284788688598],
        [0.6692358105655671, 0.3307778794147822, 0.3384715211311402],
        [0.5034783184486855, 0.4997800033980226, 0.0069566368973568],
        [0.3339909592693502, 0.6650892035548637, 0.6679820185387015],
        [0.1660090407306498, 0.8349107964451363, 0.3320179814612985]
    ],
    "atom_properties": {
        "force": {
            "value": [
                [-0.0, 0.0, -0.0],
                [0.054205, 0.003295, -0.054205],
                [0.032891, 0.027676, -0.032891],
                [-0.032891, -0.027676, 0.032891],
                [-0.054205, -0.003295, 0.054205],
                [0.012842, -0.015413, -0.012842],
                [-0.012842, 0.015413, 0.012842]
            ]
        }
    },
    "atom_type": [
        "N",
        "Zr",
        "Zr",
        "Zr",
        "Zr",
        "Zr",
        "Zr"
    ],
    "coordinate_mode": "Direct",
    "global_properties": {
        "energy": {
            "value": -62.850147
        }
    },
    "lattice_vectors": [
        [2.276829373299629, 0.0, 2.276829373299629],
        [2.2841617782798647, 4.6246734805264875, -2.284161778279865],
        [-6.82182967942367, 2.2852461282254692, 4.54500030612404]
    ]
}