{
    "atom_coords": [
        [0.5729720060184604, 0.0729720060184533, 0.1459439120369268],
        [0.9984565939815369, 0.498456593981544, 0.9969131879630737],
        [0.0044407058198601, 0.004440705819853, 0.0088814116397273],
        [0.1423309612803862, 0.1423309612803934, 0.2846620225607808],
        [0.2857143000000022, 0.2857143000000022, 0.5714285999999973],
        [0.429097538719617, 0.4290975387196099, 0.8581951774392209],
        [0.5669878941801372, 0.5669878941801443, 0.1339756883602732],
        [0.7187051171168974, 0.7187051171168832, 0.437410234233802],
        [0.8527234828830998, 0.8527234828831141, 0.7054468657661985]
    ],
    "atom_properties": {
        "force": {
            "value": [
                [0.046931, -0.0, 0.046931],
                [-0.046931, 0.0, -0.046931],
                [-0.004429, 0.0, -0.004429],
                [0.022698, -0.0, 0.022698],
                [0.0, 0.0, -0.0],
                [-0.022698, 0.0, -0.022698],
                [0.004429, -0.0, 0.004429],
                [-0.020798, 0.0, -0.020798],
                [0.020798, -0.0, 0.020798]
            ]
        }
    },
    "atom_type": [
        "N",
        "N",
        "Zr",
        "Zr",
        "Zr",
        "Zr",
        "Zr",
        "Zr",
        "Zr"
    ],
    "coordinate_mode": "Direct",
    "global_properties": {
        "energy": {
            "value": -83.328997
        }
    },
    "lattice_vectors": [
        [2.3083804175833684, 0.0, -2.3083804175833684],
        [-5.2707e-12, 4.547953097275828, -5.2707e-12],
        [6.893880225406423, -2.273976553619556, 9.20226064298979]
    ]
}