{
    "atom_coords": [
        [0.7856135307330163, 0.7856135307330163, 0.5712270614660255],
        [0.6427625708658695, 0.6427625708658695, 0.2855252417317331],
        [0.3572374291341305, 0.3572374291341305, 0.7144747582682669],
        [0.2143864692669837, 0.2143864692669837, 0.4287729385339745],
        [0.0, 0.0, 0.0],
        [0.8567043413166289, 0.8567043413166289, 0.7134085826332495],
        [0.713010320941386, 0.713010320941386, 0.4260206418827792],
        [0.5707544763063908, 0.5707544763063908, 0.1415088526127732],
        [0.4292455236936092, 0.4292455236936092, 0.8584911473872268],
        [0.2869896790586139, 0.2869896790586139, 0.5739793581172208],
        [0.1432956586833711, 0.1432956586833711, 0.2865914173667505]
    ],
    "atom_properties": {
        "force": {
            "value": [
                [-0.0, 0.0, -0.019632],
                [0.0, 0.0, -0.133847],
                [-0.0, 0.0, 0.133847],
                [0.0, 0.0, 0.019632],
                [0.0, 0.0, 0.0],
                [-0.0, 0.0, 0.087273],
                [0.0, 0.0, -0.049329],
                [0.0, 0.0, -0.078739],
                [-0.0, 0.0, 0.078739],
                [0.0, 0.0, 0.049329],
                [0.0, 0.0, -0.087273]
            ]
        }
    },
    "atom_type": [
        "N",
        "N",
        "N",
        "N",
        "Zr",
        "Zr",
        "Zr",
        "Zr",
        "Zr",
        "Zr",
        "Zr"
    ],
    "coordinate_mode": "Direct",
    "global_properties": {
        "energy": {
            "value": -107.10608
        }
    },
    "lattice_vectors": [
        [2.294382033147627, -2.294382033147627, 0.0],
        [2.294382033147627, 2.294382033147627, 0.0],
        [-2.294382033147627, 0.0, 15.966036105219674]
    ]
}