{
    "atom_coords": [
        [0.3120709172509848, 0.8121905765412976, 0.5636675889567258],
        [0.5644770045323781, 0.0592001984052715, 0.8118457925299865],
        [0.1868735844403133, 0.6896638340148016, 0.9365889971045647],
        [0.0024186257039815, 7.95028180107e-05, 0.9950832457740191],
        [0.6299116215215363, 0.6206308188862906, 0.1195459380706438],
        [0.2471660197329157, 0.2514491120474887, 0.254218848486687],
        [0.8726738191265042, 0.8750392674248317, 0.3796130943221598],
        [0.5023812820149871, 0.5012607915796679, 0.4939766443903579],
        [0.1251000215282332, 0.1202270795747609, 0.6295728773687728],
        [0.7451385201008378, 0.7579371548864131, 0.7517858049119042],
        [0.3742885840473278, 0.3748216638211659, 0.8766011680841785]
    ],
    "atom_properties": {
        "force": {
            "value": [
                [-0.008603, -0.029169, 0.008603],
                [-0.022953, 0.05297, 0.022953],
                [0.023394, 0.035246, -0.023394],
                [-0.037984, 0.073466, 0.037984],
                [0.043945, -0.141207, -0.043945],
                [-0.068838, 0.016192, 0.068838],
                [-0.022704, 0.009258, 0.022704],
                [0.06957, -0.00903, -0.06957],
                [-0.008339, 0.073545, 0.008339],
                [0.013072, -0.095234, -0.013072],
                [0.01944, 0.013963, -0.01944]
            ]
        }
    },
    "atom_type": [
        "N",
        "N",
        "N",
        "Zr",
        "Zr",
        "Zr",
        "Zr",
        "Zr",
        "Zr",
        "Zr",
        "Zr"
    ],
    "coordinate_mode": "Direct",
    "global_properties": {
        "energy": {
            "value": -103.69262
        }
    },
    "lattice_vectors": [
        [2.296343154111172, 0.0, 2.296343154111172],
        [2.302876122463224, 6.891230231745679, -0.0065329683520516],
        [-4.5723033322065545, 2.2794090368348137, 6.868646486317728]
    ]
}