{
    "atom_coords": [
        [0.6998168964810532, 0.6998168964810532, 0.3996337929620992],
        [0.5, 0.5, 0.0],
        [0.3001831035189468, 0.3001831035189468, 0.6003662070379008],
        [0.0, 0.0, 0.0],
        [0.7977318923931946, 0.7977318923931946, 0.5954637847863893],
        [0.5989634590455211, 0.5989634590455211, 0.197926918091035],
        [0.4010365409544789, 0.4010365409544789, 0.802073081908965],
        [0.2022681076068054, 0.2022681076068054, 0.4045362152136107]
    ],
    "atom_properties": {
        "force": {
            "value": [
                [-0.0, 0.0, -0.066555],
                [-0.0, -0.0, -0.0],
                [0.0, 0.0, 0.066555],
                [0.0, 0.0, -0.0],
                [0.0, 0.0, -0.078443],
                [0.0, 0.0, -0.05353],
                [-0.0, 0.0, 0.05353],
                [-0.0, 0.0, 0.078443]
            ]
        }
    },
    "atom_type": [
        "N",
        "N",
        "N",
        "Zr",
        "Zr",
        "Zr",
        "Zr",
        "Zr"
    ],
    "coordinate_mode": "Direct",
    "global_properties": {
        "energy": {
            "value": -78.387115
        }
    },
    "lattice_vectors": [
        [2.3024944731997765, -2.3024944731997765, 0.0],
        [2.3024944731997765, 2.3024944731997765, 0.0],
        [-2.3024944731997765, 0.0, 11.420706430730508]
    ]
}