{
    "atom_coords": [
        [0.25, 0.875, 0.8125],
        [0.7533037486622476, 0.1249569448503465, 0.1880149466334018],
        [0.25, 0.875, 0.3125],
        [0.7466962513377524, 0.6250430551496535, 0.4369850533665982],
        [0.0095905869837978, 0.0047508736869517, 0.0072664191161778],
        [0.4958326385402358, 0.7670423648998437, 0.1304815915439406],
        [0.9865922794216004, 0.4997753936047928, 0.2524576024238954],
        [0.5134077205783996, 0.2502246063952072, 0.3725423975761046],
        [0.0041673614597642, 0.9829576351001563, 0.4945184084560594],
        [0.4904094130162022, 0.7452491263130483, 0.6177335808838222],
        [0.0018880223666784, 0.5167240939407378, 0.7495833879707874],
        [0.4981119776333216, 0.2332759060592622, 0.8754166120292126]
    ],
    "atom_properties": {
        "force": {
            "value": [
                [-0.0, -0.0, -0.0],
                [-0.021158, 0.026123, 0.006773],
                [-0.0, -0.0, -0.0],
                [0.021158, -0.026123, -0.006773],
                [-0.025202, 0.03388, 0.017644],
                [0.006271, -0.003272, 0.022031],
                [-0.015013, -0.036274, 0.029142],
                [0.015013, 0.036274, -0.029142],
                [-0.006271, 0.003272, -0.022031],
                [0.025202, -0.03388, -0.017644],
                [0.008311, 0.008421, 0.015204],
                [-0.008311, -0.008421, -0.015204]
            ]
        }
    },
    "atom_type": [
        "N",
        "N",
        "N",
        "N",
        "Zr",
        "Zr",
        "Zr",
        "Zr",
        "Zr",
        "Zr",
        "Zr",
        "Zr"
    ],
    "coordinate_mode": "Direct",
    "global_properties": {
        "energy": {
            "value": -115.98291
        }
    },
    "lattice_vectors": [
        [2.292973305140636, 2.297165677506552, -4.614493487700104],
        [-2.2878683071619, 4.609262356764817, 2.317261266337538],
        [4.6153738001147735, 0.0181308163598658, 4.638443115020455]
    ]
}