{
    "atom_coords": [
        [0.7479817490501901, 0.6275060346063199, 0.9379421785665727],
        [0.247303061267111, 0.376106158080141, 0.0607540893651048],
        [0.75, 0.125, 0.1875],
        [0.252696938732889, 0.873893841919859, 0.3142459106348952],
        [0.7520182509498099, 0.6224939653936801, 0.4370578214334273],
        [0.99629312910686, 0.0058190151272441, 0.013233589322688],
        [0.5031279661927357, 0.7444803002131124, 0.13347469974034],
        [0.9968720338072643, 0.5055196997868876, 0.24152530025966],
        [0.50370687089314, 0.2441809848727559, 0.361766410677312],
        [0.006965633582297, 0.9900452301333971, 0.4890113356209866],
        [0.5131523549576613, 0.7466122620707267, 0.6203766065842373],
        [0.9868476450423387, 0.5033877379292733, 0.7546233934157627],
        [0.493034366417703, 0.2599547698666029, 0.8859886643790134]
    ],
    "atom_properties": {
        "force": {
            "value": [
                [0.017388, -0.019542, 0.012301],
                [0.020128, 0.007577, 0.030101],
                [0.0, -0.0, 0.0],
                [-0.020128, -0.007577, -0.030101],
                [-0.017388, 0.019542, -0.012301],
                [0.004669, -0.006721, 0.007177],
                [0.004799, 0.021199, -0.009911],
                [-0.004799, -0.021199, 0.009911],
                [-0.004669, 0.006721, -0.007177],
                [0.0087, 0.007695, -0.008335],
                [-0.01854, 0.01532, -0.009608],
                [0.01854, -0.01532, 0.009608],
                [-0.0087, -0.007695, 0.008335]
            ]
        }
    },
    "atom_type": [
        "N",
        "N",
        "N",
        "N",
        "N",
        "Zr",
        "Zr",
        "Zr",
        "Zr",
        "Zr",
        "Zr",
        "Zr",
        "Zr"
    ],
    "coordinate_mode": "Direct",
    "global_properties": {
        "energy": {
            "value": -128.02896
        }
    },
    "lattice_vectors": [
        [2.2704288473641054, 2.298526643681764, -4.673068068914811],
        [-2.2771551467804145, 4.605670281458463, 2.3373345126498464],
        [4.560763063625134, -0.0005687934897471, 4.682577430373646]
    ]
}