{
    "atom_coords": [
        [0.4285714000000027, 0.8571428999999995, 0.7857143000000022],
        [0.1423712826673906, 0.2847426653347824, 0.9299394270903676],
        [0.7147715173326077, 0.4295430346652225, 0.6414890729096427],
        [0.9989469105675468, 0.9978938211350865, 0.9919049598284317],
        [0.5748467265474275, 0.1496933530948468, 0.7253394514064695],
        [0.1420374410995109, 0.2840749821990229, 0.433550550737948],
        [0.7151053589004874, 0.430210717800982, 0.1378779492620552],
        [0.282296173452572, 0.564592346905151, 0.8460891485935278],
        [0.8581959894324527, 0.7163918788649113, 0.5795236401715655],
        [0.4285714000000027, 0.8571428999999995, 0.2857143000000022]
    ],
    "atom_properties": {
        "force": {
            "value": [
                [-0.0, 0.0, -0.0],
                [0.097146, -0.012624, 0.097146],
                [-0.097146, 0.012624, -0.097146],
                [-0.014373, -0.077762, -0.014373],
                [0.021951, 0.005476, 0.021951],
                [-0.027434, -0.149645, -0.027434],
                [0.027434, 0.149645, 0.027434],
                [-0.021951, -0.005476, -0.021951],
                [0.014373, 0.077762, 0.014373],
                [-0.0, 0.0, -0.0]
            ]
        }
    },
    "atom_type": [
        "N",
        "N",
        "N",
        "Zr",
        "Zr",
        "Zr",
        "Zr",
        "Zr",
        "Zr",
        "Zr"
    ],
    "coordinate_mode": "Direct",
    "global_properties": {
        "energy": {
            "value": -95.258538
        }
    },
    "lattice_vectors": [
        [2.2957568931089005, 0.0, -2.2957568931089005],
        [0.0053414900692111, 6.896194916887313, 2.3010983831781116],
        [4.593081109558636, -4.590933318081456, 4.593081109558636]
    ]
}