{
    "atom_coords": [
        [0.8999999999999986, 0.8999999999999986, 0.7999999999999972],
        [0.4999206407344303, 0.4999206407344303, 0.9998412814688464],
        [0.3000793592655668, 0.3000793592655668, 0.600158718531155],
        [0.9993155372011344, 0.9993155372011344, 0.9986310744022759],
        [0.8006844627988627, 0.8006844627988627, 0.6013689255977255],
        [0.601173705296155, 0.601173705296155, 0.20234741059231],
        [0.3999999999999986, 0.3999999999999986, 0.7999999999999972],
        [0.1988262947038493, 0.1988262947038493, 0.3976525894076914]
    ],
    "atom_properties": {
        "force": {
            "value": [
                [-0.0, 0.0, -0.0],
                [-0.0, 0.0, 0.110433],
                [0.0, 0.0, -0.110433],
                [-0.0, 0.0, -0.144752],
                [0.0, 0.0, 0.144752],
                [0.0, 0.0, 0.145777],
                [-0.0, -0.0, -0.0],
                [-0.0, 0.0, -0.145777]
            ]
        }
    },
    "atom_type": [
        "N",
        "N",
        "N",
        "Zr",
        "Zr",
        "Zr",
        "Zr",
        "Zr"
    ],
    "coordinate_mode": "Direct",
    "global_properties": {
        "energy": {
            "value": -78.11045
        }
    },
    "lattice_vectors": [
        [2.293842006632728, -2.293842006632728, 0.0],
        [2.293842006632728, 2.293842006632728, 0.0],
        [-2.293842006632728, 0.0, 11.444747953222699]
    ]
}