{
    "atom_coords": [
        [0.2483254494990206, 0.8768714054709861, 0.8129491245994274],
        [0.7497136957169204, 0.6238917716929606, 0.9389096990980121],
        [0.7566981487307416, 0.1237201098141156, 0.1881641449087539],
        [0.2476842994381201, 0.873184807031528, 0.3110062290153337],
        [0.7490554281120652, 0.6276895454019638, 0.4351557177301544],
        [0.0048735250845979, 0.9894691510205291, 0.0073398364727026],
        [0.5065117116150759, 0.7623955111096592, 0.1258035949193257],
        [0.9829156375100894, 0.502442673728261, 0.2451325480198037],
        [0.5121142609952685, 0.2458863378528164, 0.3721647773240733],
        [0.0093626192316094, 0.9899685967830436, 0.498890607367187],
        [0.4956588825593542, 0.7456103261071476, 0.6238363066388217],
        [0.98733989363744, 0.5189563853450423, 0.7465691715520464],
        [0.4997464478696898, 0.2449133786419466, 0.8815782423543794]
    ],
    "atom_properties": {
        "force": {
            "value": [
                [-0.006226, 0.009495, 0.004853],
                [-0.011053, 0.00438, 0.021467],
                [0.012645, 0.025818, -0.016759],
                [0.008275, 0.003374, -0.011857],
                [-0.020032, 0.010395, 0.012912],
                [0.029852, 0.029345, 0.003337],
                [-0.008294, -0.04578, -0.005915],
                [-0.02088, -0.008057, 0.016297],
                [0.036905, -0.001327, -0.084998],
                [-0.006733, 0.038657, -0.024872],
                [0.001662, -0.040652, 0.008692],
                [-0.051081, -0.03374, 0.050692],
                [0.03496, 0.008092, 0.026153]
            ]
        }
    },
    "atom_type": [
        "N",
        "N",
        "N",
        "N",
        "N",
        "Zr",
        "Zr",
        "Zr",
        "Zr",
        "Zr",
        "Zr",
        "Zr",
        "Zr"
    ],
    "coordinate_mode": "Direct",
    "global_properties": {
        "energy": {
            "value": -127.96079
        }
    },
    "lattice_vectors": [
        [2.310518212417156, 2.2862749654420154, -4.6238842850185],
        [-2.3204126829093967, 4.573782154503009, 2.307581991954083],
        [4.641796346370339, -0.0072920702659779, 4.630666253544143]
    ]
}