{
    "atom_coords": [
        [0.5, 0.0, 0.0],
        [0.8319492171827818, 0.6638985343655861, 0.6670513418490103],
        [0.5, 0.0, 0.5],
        [0.1680507828172182, 0.3361014656344139, 0.3329486581509897],
        [0.0, 0.0, 0.0],
        [0.6632747876348333, 0.326549475269708, 0.8279518999967408],
        [0.3404253748720762, 0.6808508497440755, 0.6640495027748372],
        [0.0, 0.0, 0.5],
        [0.6595746251279238, 0.3191491502559245, 0.3359504972251628],
        [0.3367252123651667, 0.673450524730292, 0.1720481000032592]
    ],
    "atom_properties": {
        "force": {
            "value": [
                [0.0, 0.0, -0.0],
                [-0.0, -0.019937, 0.034803],
                [0.0, 0.0, -0.0],
                [0.0, 0.019937, -0.034803],
                [0.0, 0.0, -0.0],
                [0.0, -0.048036, -0.002821],
                [-0.0, 0.058611, 0.032844],
                [0.0, 0.0, -0.0],
                [0.0, -0.058611, -0.032844],
                [-0.0, 0.048036, 0.002821]
            ]
        }
    },
    "atom_type": [
        "N",
        "N",
        "N",
        "N",
        "Zr",
        "Zr",
        "Zr",
        "Zr",
        "Zr",
        "Zr"
    ],
    "coordinate_mode": "Direct",
    "global_properties": {
        "energy": {
            "value": -98.70631
        }
    },
    "lattice_vectors": [
        [4.6010938807276816, -1.86245e-11, -2.24021e-11],
        [-2.300546945414952, 4.603057304173143, 2.310435905235011],
        [-3.8392e-12, -4.590601990877365, 4.596082787107417]
    ]
}