{
    "atom_coords": [
        [0.375182141462723, 0.7503642829254318, 0.5623948015771774],
        [0.625, 0.25, 0.4375],
        [0.874817858537277, 0.7496357170745682, 0.3126051984228226],
        [0.0010446964087691, 0.0020893928175312, 0.9968135230293456],
        [0.2489553035912309, 0.4979106071824688, 0.8781864769706544],
        [0.5009700050471153, 0.0019400100942235, 0.7540766245610584],
        [0.753681206959044, 0.5073624139180808, 0.6224448802307663],
        [0.9956682520451068, 0.9913365040902207, 0.4960914579966413],
        [0.2543317479548932, 0.5086634959097793, 0.3789085420033587],
        [0.4963187930409561, 0.9926375860819192, 0.2525551197692337],
        [0.7490299949528847, 0.4980599899057765, 0.1209233754389416]
    ],
    "atom_properties": {
        "force": {
            "value": [
                [-0.033374, 0.033374, 0.094345],
                [-0.0, 0.0, -0.0],
                [0.033374, -0.033374, -0.094345],
                [-0.041337, 0.041337, -0.061321],
                [0.041337, -0.041337, 0.061321],
                [0.002372, -0.002372, 0.140313],
                [-0.029533, 0.029533, 0.064598],
                [-0.014936, 0.014936, 0.115512],
                [0.014936, -0.014936, -0.115512],
                [0.029533, -0.029533, -0.064598],
                [-0.002372, 0.002372, -0.140313]
            ]
        }
    },
    "atom_type": [
        "N",
        "N",
        "N",
        "Zr",
        "Zr",
        "Zr",
        "Zr",
        "Zr",
        "Zr",
        "Zr",
        "Zr"
    ],
    "coordinate_mode": "Direct",
    "global_properties": {
        "energy": {
            "value": -103.7239
        }
    },
    "lattice_vectors": [
        [2.299450597442258, 2.2994505974508868, -2.12889e-11],
        [-4.593133697709317, 2.2936831102924167, 2.2689353115410813],
        [4.604274549000763, -4.604274549103278, 9.115109598811095]
    ]
}