{
    "atom_coords": [
        [0.8333332999999996, 0.0, 0.6666667000000004],
        [0.1677924682669811, 0.0, 0.3355848365339256],
        [0.3333332999999996, 0.5, 0.6666667000000004],
        [0.4988742317330193, 0.0, 0.997748463466074],
        [0.0026818954882089, 0.0, 0.0053637909763395],
        [0.172848311926586, 0.5, 0.3456965238530501],
        [0.3333332999999996, 0.0, 0.6666667000000004],
        [0.4938183880734144, 0.5, 0.9876367761469496],
        [0.6639848045117915, 0.0, 0.3279695090236601],
        [0.8333332999999996, 0.5, 0.6666667000000004]
    ],
    "atom_properties": {
        "force": {
            "value": [
                [0.0, 0.0, -0.0],
                [0.0, 0.0, -0.054702],
                [-0.0, 0.0, -0.0],
                [-0.0, 0.0, 0.054702],
                [-0.0, 0.0, 0.010642],
                [-0.0, 0.0, 0.078765],
                [-0.0, 0.0, -0.0],
                [0.0, 0.0, -0.078765],
                [0.0, 0.0, -0.010642],
                [-0.0, 0.0, -0.0]
            ]
        }
    },
    "atom_type": [
        "N",
        "N",
        "N",
        "N",
        "Zr",
        "Zr",
        "Zr",
        "Zr",
        "Zr",
        "Zr"
    ],
    "coordinate_mode": "Direct",
    "global_properties": {
        "energy": {
            "value": -98.557815
        }
    },
    "lattice_vectors": [
        [4.639622032422508, 0.0, -3.47971e-11],
        [0.0, 4.531187495847708, 0.0],
        [-2.3198110213267156, 0.0, 6.944224482924712]
    ]
}