{
    "atom_coords": [
        [0.428643950749823, 0.8572880014996329, 0.7878202860530905],
        [0.5704186108443565, 0.1408371216887332, 0.212747325250767],
        [0.1423560401640387, 0.2847121803280857, 0.9300866854446781],
        [0.7148393264325748, 0.4296786528651495, 0.6412983533682279],
        [0.0031051760659935, 0.006210352131987, 0.9989359141996346],
        [0.5748323318816801, 0.1496645637633804, 0.7245504609775821],
        [0.1418871168735691, 0.2837743337471395, 0.4279289988112609],
        [0.7119815230561954, 0.4239630461124051, 0.1366905500235873],
        [0.2823482299935094, 0.5646964599870188, 0.8441526742143779],
        [0.8592714273969975, 0.7185427547940009, 0.5805749856397355],
        [0.4274590665412532, 0.8549182330824934, 0.2866422660170613]
    ],
    "atom_properties": {
        "force": {
            "value": [
                [0.05549, 0.034977, 0.05549],
                [0.006239, -0.038992, 0.006239],
                [0.028889, -0.015562, 0.028889],
                [-0.097162, 0.03851, -0.097162],
                [0.008081, -0.060012, 0.008081],
                [0.032417, 0.005991, 0.032417],
                [-0.039283, -0.026748, -0.039283],
                [-0.005807, 0.043686, -0.005807],
                [-0.017316, 0.025286, -0.017316],
                [0.032396, 0.117831, 0.032396],
                [-0.003943, -0.124968, -0.003943]
            ]
        }
    },
    "atom_type": [
        "N",
        "N",
        "N",
        "N",
        "Zr",
        "Zr",
        "Zr",
        "Zr",
        "Zr",
        "Zr",
        "Zr"
    ],
    "coordinate_mode": "Direct",
    "global_properties": {
        "energy": {
            "value": -107.3576
        }
    },
    "lattice_vectors": [
        [2.3086299569440927, 0.0, -2.3086299569440927],
        [0.0022547845462144, 6.829459713123309, 2.310884741490308],
        [4.631306865153398, -4.554717267381213, 4.631306865153398]
    ]
}