{
    "atom_coords": [
        [0.8748120836028619, 0.7496241672057238, 0.8112499235883703],
        [0.3754071817004601, 0.750814363400913, 0.5621915407238092],
        [0.6243290711981828, 0.2486581423963514, 0.4377025675503816],
        [0.8749739471881384, 0.7499478943762767, 0.3129823926831108],
        [0.0030304095529701, 0.0060608191059615, 0.0001045528974828],
        [0.2550873624366403, 0.5101747248733233, 0.8756694355020187],
        [0.4903368832475934, 0.9806737664951228, 0.752408109061868],
        [0.7558570635452639, 0.5117141270905847, 0.6234577102764973],
        [0.9972738150953049, 0.9945476301905671, 0.4941222901412274],
        [0.2540872575039259, 0.5081745150078945, 0.3785747203314429],
        [0.4968337931990447, 0.9936675863980682, 0.2531892255861621],
        [0.7479711317296207, 0.4959422634592201, 0.1233475316576218]
    ],
    "atom_properties": {
        "force": {
            "value": [
                [0.054495, -0.054495, -0.01253],
                [-0.091719, 0.091719, 0.041598],
                [-0.000869, 0.000869, 0.006922],
                [0.031914, -0.031914, -0.088331],
                [-0.058573, 0.058573, 0.143916],
                [-0.014834, 0.014834, 0.016192],
                [0.008945, -0.008945, -0.011357],
                [-0.000626, 0.000626, -0.111854],
                [-0.040845, 0.040845, 0.083146],
                [0.01167, -0.01167, -0.060999],
                [0.05481, -0.05481, -0.018692],
                [0.04563, -0.04563, 0.011991]
            ]
        }
    },
    "atom_type": [
        "N",
        "N",
        "N",
        "N",
        "Zr",
        "Zr",
        "Zr",
        "Zr",
        "Zr",
        "Zr",
        "Zr",
        "Zr"
    ],
    "coordinate_mode": "Direct",
    "global_properties": {
        "energy": {
            "value": -115.8419
        }
    },
    "lattice_vectors": [
        [2.3093742560381267, 2.3093742560479056, -6.2592e-12],
        [-4.5990249964253245, 2.289650750472097, 2.2823466318742502],
        [4.607493633349203, -4.607493633393577, 9.174523172848563]
    ]
}