{
    "atom_coords": [
        [0.5, 0.5, 0.2503967937426879],
        [0.0, 0.0, 0.6239577801329617],
        [0.5, 0.5, 0.7508474162169492],
        [0.0, 0.0, 0.9998397122559695],
        [0.5, 0.5, 0.1243288247324017],
        [0.0, 0.0, 0.2492842991152955],
        [0.5, 0.5, 0.3764215382864435],
        [0.0, 0.0, 0.4965600845435389],
        [0.5, 0.5, 0.6278984620657155],
        [0.0, 0.0, 0.7479356710639848],
        [0.5, 0.5, 0.8775294178440518]
    ],
    "atom_properties": {
        "force": {
            "value": [
                [0.0, 0.0, -0.07995],
                [0.0, 0.0, 0.175734],
                [-0.0, -0.0, -0.189291],
                [0.0, 0.0, -0.031499],
                [0.0, 0.0, 0.065124],
                [0.0, 0.0, 0.101849],
                [0.0, 0.0, -0.047611],
                [-0.0, -0.0, 0.137562],
                [-0.0, -0.0, 0.064164],
                [0.0, 0.0, -0.080637],
                [0.0, 0.0, -0.115445]
            ]
        }
    },
    "atom_type": [
        "N",
        "N",
        "N",
        "Zr",
        "Zr",
        "Zr",
        "Zr",
        "Zr",
        "Zr",
        "Zr",
        "Zr"
    ],
    "coordinate_mode": "Direct",
    "global_properties": {
        "energy": {
            "value": -103.71832
        }
    },
    "lattice_vectors": [
        [2.300801352442495, 2.300801352442495, 0.0],
        [2.300801352442495, -2.300801352442495, 0.0],
        [0.0, 0.0, -18.057688413051956]
    ]
}