{
    "atom_coords": [
        [0.0, 0.6258750010796348, 0.75],
        [0.5, 0.7483526267019016, 0.4967052534037961],
        [0.5, 0.0016473732980984, 0.0032947465962039],
        [0.0, 0.1241249989203652, 0.75],
        [0.0, 0.9952478357525649, 0.9904956715051298],
        [0.5, 0.1085546744149397, 0.75],
        [0.0, 0.2568926421166751, 0.5137852842333359],
        [0.5, 0.375, 0.25],
        [0.0, 0.4931073578833249, 0.9862147157666641],
        [0.5, 0.6414453255850603, 0.75],
        [0.0, 0.7547521642474351, 0.5095043284948702],
        [0.5, 0.875, 0.25]
    ],
    "atom_properties": {
        "force": {
            "value": [
                [0.0, 0.005352, -0.005352],
                [0.0, -0.008626, -0.008626],
                [0.0, 0.008626, 0.008626],
                [0.0, -0.005352, 0.005352],
                [0.0, 0.020225, 0.020225],
                [0.0, -0.009836, 0.009836],
                [0.0, 0.033322, 0.033322],
                [0.0, 0.0, 0.0],
                [0.0, -0.033322, -0.033322],
                [0.0, 0.009836, -0.009836],
                [0.0, -0.020225, -0.020225],
                [0.0, 0.0, 0.0]
            ]
        }
    },
    "atom_type": [
        "N",
        "N",
        "N",
        "N",
        "Zr",
        "Zr",
        "Zr",
        "Zr",
        "Zr",
        "Zr",
        "Zr",
        "Zr"
    ],
    "coordinate_mode": "Direct",
    "global_properties": {
        "energy": {
            "value": -116.01396
        }
    },
    "lattice_vectors": [
        [4.570539112447482, 0.0, 0.0],
        [0.0, 4.632697153670121, -4.632697153670121],
        [0.0, 2.3074907985197957, 6.940187952189918]
    ]
}