{
    "atom_coords": [
        [0.2511519739265964, 0.7511519739265893, 0.5023039478531857],
        [0.375, 0.375, 0.75],
        [0.4988480260734036, 0.9988480260734107, 0.9976960521468143],
        [0.0025601919042941, 0.0025601919043154, 0.005120383808638],
        [0.1312160204689548, 0.6312160204690116, 0.2624320409380374],
        [0.2548905751975852, 0.2548905751976207, 0.5097811503952556],
        [0.375, 0.875, 0.75],
        [0.4951094248024148, 0.4951094248023793, 0.9902188496047444],
        [0.6187839795310452, 0.1187839795309884, 0.2375679590619626],
        [0.7474398080957059, 0.7474398080956846, 0.494879616191362],
        [0.875, 0.375, 0.75]
    ],
    "atom_properties": {
        "force": {
            "value": [
                [-0.0, -0.0, 0.048019],
                [-0.0, -0.0, 0.0],
                [0.0, 0.0, -0.048019],
                [0.0, 0.0, -0.074229],
                [-0.0, -0.0, 0.06709],
                [0.0, 0.0, -0.035051],
                [0.0, 0.0, 0.0],
                [-0.0, -0.0, 0.035051],
                [0.0, 0.0, -0.06709],
                [-0.0, -0.0, 0.074229],
                [0.0, -0.0, -0.0]
            ]
        }
    },
    "atom_type": [
        "N",
        "N",
        "N",
        "Zr",
        "Zr",
        "Zr",
        "Zr",
        "Zr",
        "Zr",
        "Zr",
        "Zr"
    ],
    "coordinate_mode": "Direct",
    "global_properties": {
        "energy": {
            "value": -103.92861
        }
    },
    "lattice_vectors": [
        [4.524896458618537, 0.0, -5.85367e-11],
        [0.0, 4.557332992795688, -5.97054e-11],
        [-2.262448234365337, -2.2786665014900955, 9.383196861437385]
    ]
}