{
    "atom_coords": [
        [0.1875, 0.6875, 0.9375],
        [0.9992491142530753, 0.0016882778648863, 0.9998134936289702],
        [0.6270500810017552, 0.6264574086187764, 0.1194424293777203],
        [0.2504690797046578, 0.2468090131253433, 0.2522528274653268],
        [0.8717419739097991, 0.8755234282868258, 0.380992623893583],
        [0.5032580260902009, 0.4994765717131742, 0.494007376106417],
        [0.1245309202953422, 0.1281909868746567, 0.6227471725346732],
        [0.7479499189982448, 0.7485425913812236, 0.7555575706222797],
        [0.3757508857469247, 0.3733117221351137, 0.8751865063710298]
    ],
    "atom_properties": {
        "force": {
            "value": [
                [0.0, -0.0, -0.0],
                [-0.016259, 0.009513, 0.016259],
                [0.041083, 0.013264, -0.041083],
                [-0.013365, -0.052608, 0.013365],
                [-0.072932, 0.011261, 0.072932],
                [0.072932, -0.011261, -0.072932],
                [0.013365, 0.052608, -0.013365],
                [-0.041083, -0.013264, 0.041083],
                [0.016259, -0.009513, -0.016259]
            ]
        }
    },
    "atom_type": [
        "N",
        "Zr",
        "Zr",
        "Zr",
        "Zr",
        "Zr",
        "Zr",
        "Zr",
        "Zr"
    ],
    "coordinate_mode": "Direct",
    "global_properties": {
        "energy": {
            "value": -79.739016
        }
    },
    "lattice_vectors": [
        [2.276875658432011, 0.0, 2.276875658432011],
        [2.2854737519499944, 6.891162705110294, -0.0085980935179826],
        [-4.546005981540868, 2.280194822934755, 6.822881639972881]
    ]
}