{
    "atom_coords": [
        [0.0, 0.0, 0.75],
        [0.5, 0.2512234776661444, 0.9980727993986207],
        [0.5, 0.2512234776661444, 0.5019272006013793],
        [0.0, 0.5, 0.75],
        [0.0, 0.5, 0.25],
        [0.5, 0.7487765223338556, 0.5019272006013793],
        [0.5, 0.7487765223338556, 0.9980727993986207],
        [0.0, 0.0, 0.9974228257902809],
        [0.0, 0.0, 0.5025771742097191],
        [0.5, 0.2491354648486563, 0.75],
        [0.5, 0.2596490076792222, 0.25],
        [0.0, 0.5, 0.4964666354013048],
        [0.0, 0.5, 0.0035333645986952],
        [0.5, 0.7403509923207778, 0.25],
        [0.5, 0.7508645351513437, 0.75]
    ],
    "atom_properties": {
        "force": {
            "value": [
                [-0.0, 0.0, 0.0],
                [0.002134, -0.002134, 0.008145],
                [0.002134, -0.002134, -0.008145],
                [-0.0, 0.0, 0.0],
                [-0.0, 0.0, -0.0],
                [-0.002134, 0.002134, -0.008145],
                [-0.002134, 0.002134, 0.008145],
                [-0.0, 0.0, -0.033228],
                [-0.0, 0.0, 0.033228],
                [-0.005882, 0.005882, 0.0],
                [-0.033803, 0.033803, 0.0],
                [-0.0, 0.0, 0.017385],
                [-0.0, 0.0, -0.017385],
                [0.033803, -0.033803, 0.0],
                [0.005882, -0.005882, 0.0]
            ]
        }
    },
    "atom_type": [
        "N",
        "N",
        "N",
        "N",
        "N",
        "N",
        "N",
        "Zr",
        "Zr",
        "Zr",
        "Zr",
        "Zr",
        "Zr",
        "Zr",
        "Zr"
    ],
    "coordinate_mode": "Direct",
    "global_properties": {
        "energy": {
            "value": -151.36384
        }
    },
    "lattice_vectors": [
        [2.3009318552605085, 2.3009318552605085, 0.0],
        [-4.598522375277481, 4.598522375277481, 0.0],
        [0.0, 0.0, 9.189055498636149]
    ]
}