{
    "atom_coords": [
        [0.6257647924116583, 0.6257647924116583, 0.7515295848233023],
        [0.3742352075883417, 0.3742352075883417, 0.2484704151766977],
        [0.0, 0.0, 0.0],
        [0.3862889219293422, 0.86611456931454, 0.7524034912438751],
        [0.7430928424493857, 0.7430928424493857, 0.5000000000000071],
        [0.1338854306854529, 0.6137110780706578, 0.2475965087561249],
        [0.5, 0.5, 0.0],
        [0.86611456931454, 0.3862889219293422, 0.7524034912438751],
        [0.2569071575506143, 0.2569071575506143, 0.4999999999999929],
        [0.6137110780706578, 0.1338854306854529, 0.2475965087561249]
    ],
    "atom_properties": {
        "force": {
            "value": [
                [-0.0, 0.051099, -0.051099],
                [-0.0, -0.051099, 0.051099],
                [-0.0, -0.0, -0.0],
                [0.009837, -0.012123, 0.012123],
                [-0.0, 0.017039, 0.017039],
                [0.009837, 0.012123, -0.012123],
                [-0.0, -0.0, -0.0],
                [-0.009837, -0.012123, 0.012123],
                [-0.0, -0.017039, -0.017039],
                [-0.009837, 0.012123, -0.012123]
            ]
        }
    },
    "atom_type": [
        "N",
        "N",
        "Zr",
        "Zr",
        "Zr",
        "Zr",
        "Zr",
        "Zr",
        "Zr",
        "Zr"
    ],
    "coordinate_mode": "Direct",
    "global_properties": {
        "energy": {
            "value": -91.952385
        }
    },
    "lattice_vectors": [
        [4.744525719029102, 2.241271849689764, 2.241271849653112],
        [-4.744525719029102, 2.241271849689764, 2.241271849653112],
        [0.0, -6.7896885847447574, 2.3071448951126343]
    ]
}