{
    "atom_coords": [
        [0.8754256877507487, 0.8754256877507487, 0.7508513755014974],
        [0.125, 0.125, 0.25],
        [0.2522800290359939, 0.7522800290359939, 0.5045600580719523],
        [0.3745743122492513, 0.3745743122492513, 0.7491486244985026],
        [0.4977199709640061, 0.9977199709640061, 0.9954399419280477],
        [0.0027507836989855, 0.0027507836989855, 0.0055015673979284],
        [0.1309725424735788, 0.6309725424735788, 0.2619450849470795],
        [0.2472492163010145, 0.2472492163010145, 0.4944984326020716],
        [0.375, 0.875, 0.75],
        [0.4964554755141037, 0.4964554755141037, 0.9929109510282501],
        [0.6190274575264212, 0.1190274575264212, 0.2380549150529205],
        [0.7535445244858963, 0.7535445244858963, 0.5070890489717499],
        [0.875, 0.375, 0.75]
    ],
    "atom_properties": {
        "force": {
            "value": [
                [-0.0, -0.0, 0.042365],
                [0.0, 0.0, -0.0],
                [-0.0, -0.0, 0.047822],
                [0.0, 0.0, -0.042365],
                [0.0, 0.0, -0.047822],
                [0.0, 0.0, -0.041541],
                [-0.0, -0.0, 0.010303],
                [-0.0, -0.0, 0.041541],
                [0.0, 0.0, 0.0],
                [0.0, 0.0, -0.039424],
                [0.0, 0.0, -0.010303],
                [-0.0, -0.0, 0.039424],
                [0.0, 0.0, 0.0]
            ]
        }
    },
    "atom_type": [
        "N",
        "N",
        "N",
        "N",
        "N",
        "Zr",
        "Zr",
        "Zr",
        "Zr",
        "Zr",
        "Zr",
        "Zr",
        "Zr"
    ],
    "coordinate_mode": "Direct",
    "global_properties": {
        "energy": {
            "value": -127.57628
        }
    },
    "lattice_vectors": [
        [4.563082752971277, 0.0, -4.83464e-11],
        [0.0, 4.563082752971278, -4.83464e-11],
        [-2.2815413815618233, -2.2815413815618233, 9.341263093214279]
    ]
}