{
    "atom_coords": [
        [0.0, 0.374470512560265, 0.2499528952147756],
        [0.5, 0.5007835821860098, 0.0015671643720196],
        [0.0, 0.6245176173454894, 0.7500471047852244],
        [0.5, 0.75, 0.5],
        [0.0, 0.8754823826545106, 0.2499528952147756],
        [0.5, 0.9992164178139902, 0.9984328356279804],
        [0.0, 0.125529487439735, 0.7500471047852244],
        [0.0, 0.99985713018404, 0.9997142603680729],
        [0.5, 0.121217875458278, 0.7535951683416542],
        [0.0, 0.25, 0.5],
        [0.5, 0.378782124541722, 0.2464048316583458],
        [0.0, 0.50014286981596, 0.0002857396319271],
        [0.5, 0.6323772928833762, 0.7535951683416542],
        [0.0, 0.75, 0.5],
        [0.5, 0.8676227071166238, 0.2464048316583458]
    ],
    "atom_properties": {
        "force": {
            "value": [
                [0.0, -0.002335, 0.017954],
                [0.0, -0.032666, -0.032666],
                [0.0, -0.017954, 0.002335],
                [0.0, 0.0, -0.0],
                [0.0, 0.017954, -0.002335],
                [0.0, 0.032666, 0.032666],
                [0.0, 0.002335, -0.017954],
                [0.0, 0.007072, 0.007072],
                [0.0, -0.003605, 0.054693],
                [0.0, 0.0, -0.0],
                [0.0, 0.003605, -0.054693],
                [0.0, -0.007072, -0.007072],
                [0.0, 0.054693, -0.003605],
                [0.0, 0.0, -0.0],
                [0.0, -0.054693, 0.003605]
            ]
        }
    },
    "atom_type": [
        "N",
        "N",
        "N",
        "N",
        "N",
        "N",
        "N",
        "Zr",
        "Zr",
        "Zr",
        "Zr",
        "Zr",
        "Zr",
        "Zr",
        "Zr"
    ],
    "coordinate_mode": "Direct",
    "global_properties": {
        "energy": {
            "value": -151.50935
        }
    },
    "lattice_vectors": [
        [4.6335461404800995, 0.0, 0.0],
        [0.0, 4.583356351959307, -4.583356351959307],
        [0.0, 2.285973317178907, 6.869329669138214]
    ]
}