{
    "atom_coords": [
        [0.7142856999999978, 0.4285714000000027, 0.6428571000000005],
        [0.0034410048434097, 0.0068820096868194, 0.004383255695025],
        [0.5708598963799574, 0.1417196927599207, 0.7139686194961854],
        [0.1453480159380973, 0.2906961318762029, 0.4354673316706652],
        [0.7142856999999978, 0.4285714000000027, 0.1428571000000005],
        [0.2832233840619054, 0.5664467681237966, 0.850246968329337],
        [0.8577116036200394, 0.7154231072400776, 0.5717456805038097],
        [0.425130395156593, 0.8502608903131801, 0.2813310443049772]
    ],
    "atom_properties": {
        "force": {
            "value": [
                [-0.0, -0.0, 0.0],
                [0.05166, 0.024636, 0.05166],
                [-0.003114, -0.000167, -0.003114],
                [0.03406, -0.047017, 0.03406],
                [-0.0, -0.0, 0.0],
                [-0.03406, 0.047017, -0.03406],
                [0.003114, 0.000167, 0.003114],
                [-0.05166, -0.024636, -0.05166]
            ]
        }
    },
    "atom_type": [
        "N",
        "Zr",
        "Zr",
        "Zr",
        "Zr",
        "Zr",
        "Zr",
        "Zr"
    ],
    "coordinate_mode": "Direct",
    "global_properties": {
        "energy": {
            "value": -71.272969
        }
    },
    "lattice_vectors": [
        [2.273297967394474, 0.0, -2.273297967394474],
        [-0.015896290289863, 6.900303773513071, 2.2574016771046104],
        [4.571107790736528, -4.629586284524776, 4.571107790736528]
    ]
}