{
    "atom_coords": [
        [0.0, 0.0, 0.3731018758697218],
        [0.0, 0.0, 0.6245346427883973],
        [0.5, 0.5, 0.7508277969582409],
        [0.0, 0.0, 0.0004459617122947],
        [0.5, 0.5, 0.1248833844593804],
        [0.0, 0.0, 0.2488513477724652],
        [0.5, 0.5, 0.3759078668948845],
        [0.0, 0.0, 0.4986881053090357],
        [0.5, 0.5, 0.6273055294488401],
        [0.0, 0.0, 0.747274498694452],
        [0.5, 0.5, 0.8781789900923087]
    ],
    "atom_properties": {
        "force": {
            "value": [
                [0.0, 0.0, 0.207182],
                [0.0, 0.0, 0.046069],
                [-0.0, -0.0, -0.156887],
                [0.0, 0.0, -0.111191],
                [0.0, 0.0, 0.034958],
                [-0.0, -0.0, 0.151712],
                [-0.0, 0.0, -0.037159],
                [0.0, 0.0, 0.082276],
                [-0.0, -0.0, -0.01917],
                [0.0, 0.0, -0.027],
                [0.0, 0.0, -0.17079]
            ]
        }
    },
    "atom_type": [
        "N",
        "N",
        "N",
        "Zr",
        "Zr",
        "Zr",
        "Zr",
        "Zr",
        "Zr",
        "Zr",
        "Zr"
    ],
    "coordinate_mode": "Direct",
    "global_properties": {
        "energy": {
            "value": -103.75846
        }
    },
    "lattice_vectors": [
        [2.296281605258766, 2.296281605258766, 0.0],
        [2.296281605258766, -2.296281605258766, 0.0],
        [0.0, 0.0, -18.075516881909092]
    ]
}