{
    "atom_coords": [
        [0.2479667976581652, 0.3769037099057968, 0.0631889658384424],
        [0.7520332023418348, 0.6230962900942032, 0.4368110341615576],
        [0.0006320117815051, 0.0178808859051287, 0.0001748120424026],
        [0.4934343797261818, 0.7333437185687472, 0.1270892547432183],
        [0.0, 0.5, 0.25],
        [0.5065656202738182, 0.2666562814312528, 0.3729107452567817],
        [0.9993679882184949, 0.9821191140948713, 0.4998251879575974],
        [0.5149142758221004, 0.7569451522165167, 0.6291599561268839],
        [0.0, 0.5, 0.75],
        [0.4850857241778996, 0.2430548477834904, 0.8708400438731161]
    ],
    "atom_properties": {
        "force": {
            "value": [
                [0.067928, -0.000522, -0.026742],
                [-0.067928, 0.000522, 0.026742],
                [0.005175, 0.035287, 0.045581],
                [-0.041669, -0.05554, 0.034768],
                [0.0, 0.0, -0.0],
                [0.041669, 0.05554, -0.034768],
                [-0.005175, -0.035287, -0.045581],
                [-0.003801, -0.034182, -0.020812],
                [0.0, 0.0, -0.0],
                [0.003801, 0.034182, 0.020812]
            ]
        }
    },
    "atom_type": [
        "N",
        "N",
        "Zr",
        "Zr",
        "Zr",
        "Zr",
        "Zr",
        "Zr",
        "Zr",
        "Zr"
    ],
    "coordinate_mode": "Direct",
    "global_properties": {
        "energy": {
            "value": -91.954714
        }
    },
    "lattice_vectors": [
        [2.2566348552705398, 2.348504481031519, -4.583798068217914],
        [-2.239993503586272, 4.674603232358945, 2.2895387368238884],
        [4.521488992845368, 0.0138365747995669, 4.594639481867882]
    ]
}