{
    "atom_coords": [
        [0.8333813786911506, 0.6667628573823094, 0.6689373434696506],
        [0.5, 0.0, 0.5],
        [0.1666186213088494, 0.3332371426176906, 0.3310626565303494],
        [0.0, 0.0, 0.0],
        [0.6685330963082521, 0.3370660926164959, 0.8255149804128479],
        [0.3345200530616665, 0.6690402061233272, 0.6530361985188335],
        [0.0, 0.0, 0.5],
        [0.6654799469383335, 0.3309597938766728, 0.3469638014811665],
        [0.3314669036917479, 0.6629339073835041, 0.1744850195871521]
    ],
    "atom_properties": {
        "force": {
            "value": [
                [-0.0, -0.010542, 0.114672],
                [0.0, 0.0, 0.0],
                [0.0, 0.010542, -0.114672],
                [0.0, 0.0, 0.0],
                [-0.0, 0.054429, 0.119162],
                [-0.0, 0.090665, 0.046805],
                [0.0, 0.0, 0.0],
                [0.0, -0.090665, -0.046805],
                [0.0, -0.054429, -0.119162]
            ]
        }
    },
    "atom_type": [
        "N",
        "N",
        "N",
        "Zr",
        "Zr",
        "Zr",
        "Zr",
        "Zr",
        "Zr"
    ],
    "coordinate_mode": "Direct",
    "global_properties": {
        "energy": {
            "value": -86.877418
        }
    },
    "lattice_vectors": [
        [4.5951973360774065, -3.24966e-11, 8.693e-13],
        [-2.2975986730853295, 4.623168406437287, 2.2933148606220843],
        [3.29718e-11, -4.613615450900728, 4.567940740556631]
    ]
}