{
    "atom_coords": [
        [0.625, 0.25, 0.9375],
        [0.3749766087128066, 0.7499532174255776, 0.5629087237822574],
        [0.625, 0.25, 0.4375],
        [0.8750233912871934, 0.7500467825744224, 0.3120912762177426],
        [0.0074718378954515, 0.0149436757910095, 0.9962282436416245],
        [0.2425281621045485, 0.4850563242089905, 0.8787717563583755],
        [0.5006756309290807, 0.0013512618581757, 0.7518518571520403],
        [0.7536191690297187, 0.50723833805948, 0.6204115110223825],
        [0.995166243679904, 0.9903324873596802, 0.4956007380276688],
        [0.254833756320096, 0.5096675126403198, 0.3793992619723312],
        [0.4963808309702813, 0.99276166194052, 0.2545884889776175],
        [0.7493243690709193, 0.4986487381418243, 0.1231481428479597]
    ],
    "atom_properties": {
        "force": {
            "value": [
                [0.0, -0.0, 0.0],
                [-0.035105, 0.035105, 0.092341],
                [0.0, -0.0, 0.0],
                [0.035105, -0.035105, -0.092341],
                [-0.014049, 0.014049, 0.032525],
                [0.014049, -0.014049, -0.032525],
                [-0.028195, 0.028195, -0.085191],
                [-0.039965, 0.039965, 0.005397],
                [-0.035367, 0.035367, 0.073921],
                [0.035367, -0.035367, -0.073921],
                [0.039965, -0.039965, -0.005397],
                [0.028195, -0.028195, 0.085191]
            ]
        }
    },
    "atom_type": [
        "N",
        "N",
        "N",
        "N",
        "Zr",
        "Zr",
        "Zr",
        "Zr",
        "Zr",
        "Zr",
        "Zr",
        "Zr"
    ],
    "coordinate_mode": "Direct",
    "global_properties": {
        "energy": {
            "value": -115.93149
        }
    },
    "lattice_vectors": [
        [2.3288425874363203, 2.328842587443929, -1.6867e-11],
        [-4.606760339901523, 2.277917762622146, 2.2734913082882118],
        [4.600668679205343, -4.600668679287661, 9.126622614710218]
    ]
}