{
    "atom_coords": [
        [0.0, 0.4989015661219938, 0.25],
        [0.5, 0.7500365592363991, 0.498224748685999],
        [0.5, 0.7500365592363991, 0.001775251314001],
        [0.0, 0.9921852688805686, 0.9942830564831269],
        [0.0, 0.9921852688805686, 0.5057169435168731],
        [0.5, 0.2504304252818912, 0.75],
        [0.5, 0.2564939536379356, 0.25],
        [0.0, 0.5108460182072108, 0.4992063419382546],
        [0.0, 0.5108460182072108, 0.0007936580617454],
        [0.5, 0.7364706091157203, 0.25],
        [0.5, 0.7515677531940881, 0.75]
    ],
    "atom_properties": {
        "force": {
            "value": [
                [0.071956, -0.071956, 0.0],
                [-0.035774, 0.035774, 0.000621],
                [-0.035774, 0.035774, -0.000621],
                [-0.014432, 0.014432, -0.121877],
                [-0.014432, 0.014432, 0.121877],
                [-0.073393, 0.073393, 0.0],
                [0.058521, -0.058521, 0.0],
                [-0.00129, 0.00129, 0.056057],
                [-0.00129, 0.00129, -0.056057],
                [0.032821, -0.032821, 0.0],
                [0.013087, -0.013087, 0.0]
            ]
        }
    },
    "atom_type": [
        "N",
        "N",
        "N",
        "Zr",
        "Zr",
        "Zr",
        "Zr",
        "Zr",
        "Zr",
        "Zr",
        "Zr"
    ],
    "coordinate_mode": "Direct",
    "global_properties": {
        "energy": {
            "value": -103.77033
        }
    },
    "lattice_vectors": [
        [2.3004203300129418, 2.3004203300129418, 0.0],
        [-4.578567464266461, 4.578567464266461, 0.0],
        [0.0, 0.0, 9.197300745868649]
    ]
}