{
    "atom_coords": [
        [0.1871716273511339, 0.1871716273511339, 0.4384851179466125],
        [0.9377815669252669, 0.9377815669252669, 0.1866552992241921],
        [0.8126507438432853, 0.8126507438432853, 0.5620477684701513],
        [0.0008555378497945, 0.0008555378497945, 0.9974333864506093],
        [0.8746271730847326, 0.8746271730847326, 0.3761184807458164],
        [0.7493740526514756, 0.7493740526514756, 0.7518778420455661],
        [0.624248107965343, 0.624248107965343, 0.1272556761039638],
        [0.4999549087109827, 0.4999549087109827, 0.5001352738670661],
        [0.3748767753189099, 0.3748767753189099, 0.8753696740432702],
        [0.2509629531636861, 0.2509629531636861, 0.2471111405089488],
        [0.1249965531354107, 0.1249965531354107, 0.625010340593775]
    ],
    "atom_properties": {
        "force": {
            "value": [
                [-0.013923, -0.013923, 0.013923],
                [0.024157, 0.024157, -0.024157],
                [-0.033693, -0.033693, 0.033693],
                [0.043654, 0.043654, -0.043654],
                [-0.008545, -0.008545, 0.008545],
                [-0.03338, -0.03338, 0.03338],
                [0.027436, 0.027436, -0.027436],
                [0.018143, 0.018143, -0.018143],
                [-0.002866, -0.002866, 0.002866],
                [0.032332, 0.032332, -0.032332],
                [-0.053316, -0.053316, 0.053316]
            ]
        }
    },
    "atom_type": [
        "N",
        "N",
        "N",
        "Zr",
        "Zr",
        "Zr",
        "Zr",
        "Zr",
        "Zr",
        "Zr",
        "Zr"
    ],
    "coordinate_mode": "Direct",
    "global_properties": {
        "energy": {
            "value": -103.55005
        }
    },
    "lattice_vectors": [
        [2.2901244165531227, 0.0, 2.2901244165531227],
        [0.0, 2.2901244165531227, 2.2901244165531227],
        [-11.438695621078782, -11.438695621078782, 13.728820037631907]
    ]
}