{
    "atom_coords": [
        [0.3124915951552509, 0.4375640374561911, 0.624983190310509],
        [0.5626421855675048, 0.1903923120667912, 0.1252843711350096],
        [0.6878971807550442, 0.5687574520449559, 0.3757943615100956],
        [0.8118144088873436, 0.936821965232717, 0.6236288177746943],
        [0.9370874867121657, 0.307893593825888, 0.8741749734243314],
        [0.0048848475087482, 0.0145892253913402, 0.0097696950175035],
        [0.1255787991549155, 0.3744401028855009, 0.251157598309824],
        [0.2501326547454354, 0.7430977884075745, 0.5002653094908638],
        [0.3743584354922831, 0.1281950496688395, 0.7487168709845591],
        [0.4964700818171153, 0.4859972282987783, 0.9929401636342234],
        [0.6243111242174635, 0.8738003930002449, 0.2486222484349199],
        [0.7530419148341991, 0.2603179653953163, 0.506083829668384],
        [0.8717892851525377, 0.6156328863258622, 0.7435785703050755]
    ],
    "atom_properties": {
        "force": {
            "value": [
                [-0.009733, -0.007563, -0.009733],
                [0.052629, 0.091421, 0.052629],
                [0.011827, -0.005266, 0.011827],
                [-0.004857, -0.011634, -0.004857],
                [-0.038816, -0.061853, -0.038816],
                [0.00696, -0.063094, 0.00696],
                [-0.035805, 0.038101, -0.035805],
                [0.016909, 0.044322, 0.016909],
                [0.009214, -0.061109, 0.009214],
                [0.001153, 0.013089, 0.001153],
                [0.045507, 0.033141, 0.045507],
                [0.024326, 0.031209, 0.024326],
                [-0.079314, -0.040764, -0.079314]
            ]
        }
    },
    "atom_type": [
        "N",
        "N",
        "N",
        "N",
        "N",
        "Zr",
        "Zr",
        "Zr",
        "Zr",
        "Zr",
        "Zr",
        "Zr",
        "Zr"
    ],
    "coordinate_mode": "Direct",
    "global_properties": {
        "energy": {
            "value": -127.96782
        }
    },
    "lattice_vectors": [
        [2.330329205094936, 0.0, -2.330329205094936],
        [2.299195586118371, 4.530898008097843, 2.299195586118371],
        [4.632468362551286, -6.845631933448145, 6.962797567646223]
    ]
}