{
    "atom_coords": [
        [0.5, 0.0036030635147952, 0.001967285253464],
        [0.0, 0.1213969364852048, 0.7480327147465289],
        [0.0, 0.0074599172912215, 0.9918105603077549],
        [0.5, 0.1175400827087785, 0.7581894396922451],
        [0.0, 0.2502666367661845, 0.5137426311295528],
        [0.5, 0.3758792431262279, 0.2574416517627043],
        [0.0, 0.4957620746535127, 0.9973920547842425],
        [0.5, 0.6292379253464873, 0.7526079452157575],
        [0.0, 0.7491207568737721, 0.4925583482372957],
        [0.5, 0.8747333632338155, 0.2362573688704472]
    ],
    "atom_properties": {
        "force": {
            "value": [
                [0.0, -0.005956, -0.041777],
                [0.0, 0.005956, 0.041777],
                [0.0, 0.033851, -0.015664],
                [0.0, -0.033851, 0.015664],
                [0.0, -0.047314, 0.085361],
                [0.0, 0.035544, 0.009514],
                [0.0, 0.013352, -0.031672],
                [0.0, -0.013352, 0.031672],
                [0.0, -0.035544, -0.009514],
                [0.0, 0.047314, -0.085361]
            ]
        }
    },
    "atom_type": [
        "N",
        "N",
        "Zr",
        "Zr",
        "Zr",
        "Zr",
        "Zr",
        "Zr",
        "Zr",
        "Zr"
    ],
    "coordinate_mode": "Direct",
    "global_properties": {
        "energy": {
            "value": -91.731214
        }
    },
    "lattice_vectors": [
        [4.503424818954222, 0.0, 0.0],
        [0.0, 4.6275353773429, -4.709219182261125],
        [0.0, 2.245813915827851, 6.994634320768337]
    ]
}