{
    "atom_coords": [
        [0.0, 0.6280899255132013, 0.8764100794990384],
        [0.5, 0.8753855527670424, 0.1252993933382527],
        [0.5, 0.1249650465175165, 0.8752034574749956],
        [0.0, 0.1225137577024213, 0.3733595563545578],
        [0.0, 0.9899910279679034, 0.9956264236737127],
        [0.5, 0.002431051408287, 0.4967532707416709],
        [0.5, 0.2366681210370345, 0.2564978195114804],
        [0.0, 0.2544577312003184, 0.7560807675113281],
        [0.0, 0.4982454250953481, 0.5001177967950383],
        [0.5, 0.5040311556898871, 0.9939243302487242],
        [0.5, 0.7510893318157272, 0.7524359894060666],
        [0.0, 0.7621318732853126, 0.2482911154451415]
    ],
    "atom_properties": {
        "force": {
            "value": [
                [0.047349, 0.036212, -0.047349],
                [0.018642, -0.1072, -0.018642],
                [0.003111, 0.010912, -0.003111],
                [-0.064296, -0.001161, 0.064296],
                [0.005219, 0.032171, -0.005219],
                [-0.008401, 0.030288, 0.008401],
                [-0.000266, -0.034064, 0.000266],
                [-0.009317, 0.096443, 0.009317],
                [-0.02464, 5.8e-05, 0.02464],
                [-0.034017, -0.025307, 0.034017],
                [0.044371, 0.053485, -0.044371],
                [0.022245, -0.091836, -0.022245]
            ]
        }
    },
    "atom_type": [
        "N",
        "N",
        "N",
        "N",
        "Zr",
        "Zr",
        "Zr",
        "Zr",
        "Zr",
        "Zr",
        "Zr",
        "Zr"
    ],
    "coordinate_mode": "Direct",
    "global_properties": {
        "energy": {
            "value": -115.82867
        }
    },
    "lattice_vectors": [
        [2.30977290592558, 0.0, 2.30977290592558],
        [2.2894345983926705, 4.6180324289667665, -2.2894345983926705],
        [-6.863835254777668, 4.61360543652534, 6.863835254777668]
    ]
}