{
    "atom_coords": [
        [0.2122938107481218, 0.4245876214962365, 0.141756274111934],
        [0.3591347892518755, 0.718269478503764, 0.5725294258880638],
        [0.4980918835489376, 0.9961837670979605, 0.001658490124548],
        [0.0733367164510597, 0.14667333290204, 0.7126272098754498],
        [0.0139920324224647, 0.0279840648449365, 0.9997305184683967],
        [0.5574365675775326, 0.114873035155064, 0.7145551815316011],
        [0.1564364364458299, 0.3128729728916042, 0.4395502579163164],
        [0.7024419774154538, 0.4048839548309857, 0.1419453776556452],
        [0.2857143000000022, 0.5714285999999973, 0.8571428999999995],
        [0.8689866225845435, 0.7379731451690148, 0.5723403223443526],
        [0.4149920635541733, 0.8299842271083975, 0.2747354420836885]
    ],
    "atom_properties": {
        "force": {
            "value": [
                [0.0, -0.102897, 0.027373],
                [-0.0, 0.102897, -0.027373],
                [0.0, -0.065642, -0.01936],
                [-0.0, 0.065642, 0.01936],
                [0.0, -0.017311, 0.038442],
                [-0.0, 0.017311, -0.038442],
                [-0.0, 0.043998, -0.026714],
                [0.0, -0.11827, 0.094795],
                [-0.0, 0.0, 0.0],
                [-0.0, 0.11827, -0.094795],
                [0.0, -0.043998, 0.026714]
            ]
        }
    },
    "atom_type": [
        "N",
        "N",
        "N",
        "N",
        "Zr",
        "Zr",
        "Zr",
        "Zr",
        "Zr",
        "Zr",
        "Zr"
    ],
    "coordinate_mode": "Direct",
    "global_properties": {
        "energy": {
            "value": -107.72181
        }
    },
    "lattice_vectors": [
        [4.5314569345726525, -1.404316e-10, 1.7711e-11],
        [-2.265728472380559, 4.733349702977586, -2.314675916543641],
        [-4.39087e-11, 2.3503673512015686, 6.911461717207215]
    ]
}