{
    "atom_coords": [
        [0.0, 0.0, 0.125],
        [0.5, 0.5, 0.4994206494979352],
        [0.5, 0.5, 0.7505793505020648],
        [0.0, 0.0, 0.9995157093774409],
        [0.5, 0.5, 0.125],
        [0.0, 0.0, 0.2504842906225591],
        [0.5, 0.5, 0.3743506604549083],
        [0.0, 0.0, 0.5002532906962784],
        [0.5, 0.5, 0.625],
        [0.0, 0.0, 0.7497467093037216],
        [0.5, 0.5, 0.8756493395450917]
    ],
    "atom_properties": {
        "force": {
            "value": [
                [0.0, 0.0, 0.0],
                [0.0, 0.0, 0.115055],
                [-0.0, 0.0, -0.115055],
                [0.0, 0.0, 0.111108],
                [-0.0, 0.0, 0.0],
                [0.0, 0.0, -0.111108],
                [-0.0, 0.0, 0.118385],
                [-0.0, 0.0, -0.028081],
                [-0.0, -0.0, 0.0],
                [0.0, 0.0, 0.028081],
                [0.0, -0.0, -0.118385]
            ]
        }
    },
    "atom_type": [
        "N",
        "N",
        "N",
        "Zr",
        "Zr",
        "Zr",
        "Zr",
        "Zr",
        "Zr",
        "Zr",
        "Zr"
    ],
    "coordinate_mode": "Direct",
    "global_properties": {
        "energy": {
            "value": -103.55783
        }
    },
    "lattice_vectors": [
        [2.3004204192279936, 2.3004204192279936, 0.0],
        [2.3004204192279936, -2.3004204192279936, 0.0],
        [0.0, 0.0, -18.135294325518355]
    ]
}