{
    "atom_coords": [
        [0.2140726235739692, 0.2140726235739692, 0.3577821292780712],
        [0.3571428999999995, 0.3571428999999995, 0.9285714000000027],
        [0.5002130764260286, 0.5002130764260286, 0.4993607707219283],
        [0.0011666211086876, 0.0011666211086876, 0.996500136673923],
        [0.1430050089021577, 0.1430050089021577, 0.5709848732935257],
        [0.2855080144081654, 0.2855080144081654, 0.1434759567755179],
        [0.4287776855918395, 0.4287776855918395, 0.7136668432244804],
        [0.5712806910978401, 0.5712806910978401, 0.2861580267064738],
        [0.7131190788913102, 0.7131190788913102, 0.8606427633260694],
        [0.8571428999999995, 0.8571428999999995, 0.4285714000000027]
    ],
    "atom_properties": {
        "force": {
            "value": [
                [-0.040641, 0.040641, 0.040641],
                [-0.0, 0.0, 0.0],
                [0.040641, -0.040641, -0.040641],
                [0.01938, -0.01938, -0.01938],
                [0.053207, -0.053207, -0.053207],
                [-0.003809, 0.003809, 0.003809],
                [0.003809, -0.003809, -0.003809],
                [-0.053207, 0.053207, 0.053207],
                [-0.01938, 0.01938, 0.01938],
                [-0.0, -0.0, 0.0]
            ]
        }
    },
    "atom_type": [
        "N",
        "N",
        "N",
        "Zr",
        "Zr",
        "Zr",
        "Zr",
        "Zr",
        "Zr",
        "Zr"
    ],
    "coordinate_mode": "Direct",
    "global_properties": {
        "energy": {
            "value": -95.072608
        }
    },
    "lattice_vectors": [
        [2.2958604073365985, -3.7016e-12, 2.2958604073291955],
        [2.2958604073365985, 2.2958604073291955, -3.7016e-12],
        [-9.21496268460527, 11.510823081864073, 11.510823081864073]
    ]
}