{
    "atom_coords": [
        [0.375, 0.75, 0.125],
        [0.9935414427509102, 0.9870828855020122, 0.0030312325368129],
        [0.7564585572490898, 0.5129171144979878, 0.2469687674631871],
        [0.50248094836153, 0.0049618967230103, 0.4981245465472739],
        [0.24751905163847, 0.4950381032769897, 0.7518754534527261]
    ],
    "atom_properties": {
        "force": {
            "value": [
                [0.0, 0.0, -0.0],
                [0.049243, -0.049243, -0.065322],
                [-0.049243, 0.049243, 0.065322],
                [-0.021222, 0.021222, 0.036403],
                [0.021222, -0.021222, -0.036403]
            ]
        }
    },
    "atom_type": [
        "N",
        "Zr",
        "Zr",
        "Zr",
        "Zr"
    ],
    "coordinate_mode": "Direct",
    "global_properties": {
        "energy": {
            "value": -45.859279
        }
    },
    "lattice_vectors": [
        [2.282074261540987, 2.2820742614881886, 1.70348e-11],
        [-4.54721606519702, 2.2651418135823636, 2.295540548654134],
        [2.3010459019304603, -2.3010459018441995, 4.6806221139664235]
    ]
}