{
    "atom_coords": [
        [0.5, 0.8746725256744199, 0.1253274743255801],
        [0.5, 0.1253274743255801, 0.8746725256744199],
        [0.0, 0.0, 0.0],
        [0.5, 0.125136992053875, 0.3741726948298805],
        [0.0, 0.2475539257455281, 0.7524460742544719],
        [0.5, 0.3741726948298805, 0.125136992053875],
        [0.0, 0.5, 0.5],
        [0.5, 0.6258273051701195, 0.874863007946125],
        [0.0, 0.7524460742544719, 0.2475539257455281],
        [0.5, 0.874863007946125, 0.6258273051701195]
    ],
    "atom_properties": {
        "force": {
            "value": [
                [-0.005125, 0.005125, -0.0],
                [0.005125, -0.005125, -0.0],
                [0.0, -0.0, -0.0],
                [-0.047468, 0.047468, -0.015429],
                [0.204878, -0.204878, -0.0],
                [0.047468, -0.047468, -0.015429],
                [0.0, 0.0, -0.0],
                [-0.047468, 0.047468, 0.015429],
                [-0.204878, 0.204878, -0.0],
                [0.047468, -0.047468, 0.015429]
            ]
        }
    },
    "atom_type": [
        "N",
        "N",
        "Zr",
        "Zr",
        "Zr",
        "Zr",
        "Zr",
        "Zr",
        "Zr",
        "Zr"
    ],
    "coordinate_mode": "Direct",
    "global_properties": {
        "energy": {
            "value": -91.66541
        }
    },
    "lattice_vectors": [
        [2.2823746635040862, 2.2823746635040862, 0.0],
        [-4.583216255605808, 4.583216255605808, 4.5870572289790195],
        [4.583216255605808, -4.583216255605808, 4.5870572289790195]
    ]
}