{
    "atom_coords": [
        [0.2142856999999978, 0.4285714000000027, 0.1428571000000005],
        [0.35783520317338, 0.7156703063467305, 0.5714098228484943],
        [0.9301236780181341, 0.8602474560362552, 0.2845472250826688],
        [0.4984477219818686, 0.9968954439637443, 0.0011670749173334],
        [0.0707362968266168, 0.1414724936532679, 0.7143044771515008],
        [0.0119694505404979, 0.0239389010808253, 0.0092582786408428],
        [0.5596090998154608, 0.1192180996311478, 0.720010150196714],
        [0.1459683102347071, 0.291936720469387, 0.4349321173844842],
        [0.7142856999999978, 0.4285714000000027, 0.1428571000000005],
        [0.2826030897652956, 0.5652061795306125, 0.850782182615518],
        [0.868962400184536, 0.7379247003688505, 0.5657041498032811],
        [0.4166019494595048, 0.8332039989191742, 0.2764560213591594]
    ],
    "atom_properties": {
        "force": {
            "value": [
                [-0.0, -0.0, -0.0],
                [0.0, -0.016851, 0.006042],
                [-0.0, 0.047143, -0.034408],
                [0.0, -0.047143, 0.034408],
                [-0.0, 0.016851, -0.006042],
                [0.0, -0.036336, 0.000544],
                [0.0, 0.009434, 0.036582],
                [0.0, -0.020992, 0.013885],
                [-0.0, -0.0, -0.0],
                [-0.0, 0.020992, -0.013885],
                [-0.0, -0.009434, -0.036582],
                [-0.0, 0.036336, -0.000544]
            ]
        }
    },
    "atom_type": [
        "N",
        "N",
        "N",
        "N",
        "N",
        "Zr",
        "Zr",
        "Zr",
        "Zr",
        "Zr",
        "Zr",
        "Zr"
    ],
    "coordinate_mode": "Direct",
    "global_properties": {
        "energy": {
            "value": -119.40734
        }
    },
    "lattice_vectors": [
        [4.577116502759913, -5.2773e-11, 2.19922e-11],
        [-2.288558256438269, 4.64019081848438, -2.3195258326546027],
        [6.9358e-12, 2.292279497175358, 6.903517161109929]
    ]
}