{
    "atom_coords": [
        [0.5, 0.3754317211215152, 0.6240295750139495],
        [0.5, 0.6245682788784848, 0.3759704249860505],
        [0.0, 0.8765140196939427, 0.624559507850428],
        [0.5, 0.8726214222364916, 0.1247797202934322],
        [0.5, 0.1273785777635084, 0.8752202797065678],
        [0.0, 0.1234859803060573, 0.375440492149572],
        [0.0, 0.0, 0.0],
        [0.5, 0.0, 0.5],
        [0.5, 0.2458080671262834, 0.2540241628782027],
        [0.0, 0.242079031588311, 0.7509954629663085],
        [0.0, 0.5, 0.5],
        [0.5, 0.5, 0.0],
        [0.5, 0.7541919328737166, 0.7459758371217973],
        [0.0, 0.757920968411689, 0.2490045370336915]
    ],
    "atom_properties": {
        "force": {
            "value": [
                [-0.004241, -0.005294, 0.004241],
                [0.004241, 0.005294, -0.004241],
                [0.031713, 0.0098, -0.031713],
                [-0.013265, 0.003044, 0.013265],
                [0.013265, -0.003044, -0.013265],
                [-0.031713, -0.0098, 0.031713],
                [-0.0, 0.0, -0.0],
                [-0.0, 0.0, -0.0],
                [-0.060484, -0.012163, 0.060484],
                [-0.02365, -0.048167, 0.02365],
                [-0.0, 0.0, -0.0],
                [-0.0, 0.0, -0.0],
                [0.060484, 0.012163, -0.060484],
                [0.02365, 0.048167, -0.02365]
            ]
        }
    },
    "atom_type": [
        "N",
        "N",
        "N",
        "N",
        "N",
        "N",
        "Zr",
        "Zr",
        "Zr",
        "Zr",
        "Zr",
        "Zr",
        "Zr",
        "Zr"
    ],
    "coordinate_mode": "Direct",
    "global_properties": {
        "energy": {
            "value": -139.58534
        }
    },
    "lattice_vectors": [
        [2.305506687249444, 0.0, 2.305506687249444],
        [2.302198179053863, 4.568068494316273, -2.302198179053863],
        [-6.927189529115001, 4.58862053536802, 6.927189529115001]
    ]
}