{
    "atom_coords": [
        [0.4377761692337288, 0.8129557582861935, 0.8755523384674433],
        [0.5620428706475096, 0.1862466063076553, 0.1240857412950191],
        [0.8129571293524904, 0.9387533936923447, 0.6259142587049809],
        [0.9372238307662712, 0.3120442417138065, 0.8744476615325567],
        [0.999489341350511, 0.0117482888473646, 0.998978682701015],
        [0.1246379699023592, 0.3739309312661021, 0.2492759398047255],
        [0.2503620300976408, 0.7510690687338979, 0.5007240601952745],
        [0.375510658649489, 0.1132517111526354, 0.751021317298985],
        [0.4976649135972124, 0.491846475048213, 0.995329827194432],
        [0.6260397085065534, 0.8799096502713297, 0.2520794170131069],
        [0.7489602914934466, 0.2450903497286703, 0.4979205829868931],
        [0.8773350864027876, 0.633153524951787, 0.754670172805568]
    ],
    "atom_properties": {
        "force": {
            "value": [
                [0.068882, -0.040011, 0.068882],
                [-0.003542, 0.051547, -0.003542],
                [0.003542, -0.051547, 0.003542],
                [-0.068882, 0.040011, -0.068882],
                [0.010265, -0.014178, 0.010265],
                [-0.011909, 0.095187, -0.011909],
                [0.011909, -0.095187, 0.011909],
                [-0.010265, 0.014178, -0.010265],
                [0.005497, 0.046784, 0.005497],
                [0.056709, 0.007472, 0.056709],
                [-0.056709, -0.007472, -0.056709],
                [-0.005497, -0.046784, -0.005497]
            ]
        }
    },
    "atom_type": [
        "N",
        "N",
        "N",
        "N",
        "Zr",
        "Zr",
        "Zr",
        "Zr",
        "Zr",
        "Zr",
        "Zr",
        "Zr"
    ],
    "coordinate_mode": "Direct",
    "global_properties": {
        "energy": {
            "value": -115.72632
        }
    },
    "lattice_vectors": [
        [2.295759473616415, 0.0, -2.295759473616415],
        [2.299620528637695, 4.57513222221316, 2.299620528637695],
        [4.621889399625769, -6.88338284590147, 6.917648873242186]
    ]
}