{
    "atom_coords": [
        [0.3125, 0.4375, 0.625],
        [0.6878314547177737, 0.566507126414777, 0.3756629094355546],
        [0.8125, 0.9375, 0.625],
        [0.9371685452822263, 0.308492873585223, 0.8743370905644454],
        [0.0031239330814188, 0.0056612889284509, 0.0062478661628447],
        [0.1275491951252832, 0.3792608447256995, 0.2550983902505806],
        [0.2504892579523457, 0.7403034868246934, 0.5009785159047055],
        [0.3745107420476543, 0.1346965131753066, 0.7490214840952945],
        [0.4974508048747168, 0.4957391552743005, 0.9949016097494194],
        [0.6218760669185812, 0.8693387110715491, 0.2437521338371553],
        [0.7521186471438455, 0.2578455214309372, 0.5042372942876838],
        [0.8728813528561545, 0.6171544785690628, 0.7457627057123162]
    ],
    "atom_properties": {
        "force": {
            "value": [
                [-0.0, -0.0, 0.0],
                [0.010745, 0.006507, 0.010745],
                [-0.0, -0.0, 0.0],
                [-0.010745, -0.006507, -0.010745],
                [0.009082, -0.000591, 0.009082],
                [-0.000905, -0.020275, -0.000905],
                [0.005023, 0.06495, 0.005023],
                [-0.005023, -0.06495, -0.005023],
                [0.000905, 0.020275, 0.000905],
                [-0.009082, 0.000591, -0.009082],
                [0.008981, 0.012558, 0.008981],
                [-0.008981, -0.012558, -0.008981]
            ]
        }
    },
    "atom_type": [
        "N",
        "N",
        "N",
        "N",
        "Zr",
        "Zr",
        "Zr",
        "Zr",
        "Zr",
        "Zr",
        "Zr",
        "Zr"
    ],
    "coordinate_mode": "Direct",
    "global_properties": {
        "energy": {
            "value": -115.77554
        }
    },
    "lattice_vectors": [
        [2.313171721873359, 0.0, -2.313171721873359],
        [2.295416712743033, 4.567065571691225, 2.295416712743033],
        [4.598457922959529, -6.867078662057539, 6.91162964483289]
    ]
}