{
    "atom_coords": [
        [0.0714783311803018, 0.1429565623606024, 0.7846978658147563],
        [0.4999502688196955, 0.9999005376393981, 0.5010164341852459],
        [0.9992382615952735, 0.9984765231905612, 0.0024232564355628],
        [0.7083350606980048, 0.4166701213960877, 0.8590633388548667],
        [0.4370029489700755, 0.8740059979400598, 0.7150304930104525],
        [0.1344255510299277, 0.2688512020599418, 0.5706838069895426],
        [0.8630935393019925, 0.7261869786039128, 0.4266509611451355],
        [0.5721903384047238, 0.1443805768094393, 0.2832910435644393],
        [0.2857143000000022, 0.5714285999999973, 0.1428571000000005]
    ],
    "atom_properties": {
        "force": {
            "value": [
                [0.006345, 0.006345, 0.007515],
                [-0.006345, -0.006345, -0.007515],
                [-0.047526, -0.047526, 0.136034],
                [0.012502, 0.012502, 0.082932],
                [-0.023199, -0.023199, 0.073069],
                [0.023199, 0.023199, -0.073069],
                [-0.012502, -0.012502, -0.082932],
                [0.047526, 0.047526, -0.136034],
                [0.0, -0.0, -0.0]
            ]
        }
    },
    "atom_type": [
        "N",
        "N",
        "Zr",
        "Zr",
        "Zr",
        "Zr",
        "Zr",
        "Zr",
        "Zr"
    ],
    "coordinate_mode": "Direct",
    "global_properties": {
        "energy": {
            "value": -83.268171
        }
    },
    "lattice_vectors": [
        [2.300689389684863, -2.3006893897129808, 2.08471e-11],
        [2.2666111923249095, 4.567300572043958, -2.267432532109453],
        [2.3241743488726536, 2.3241743488171145, 9.20804047323113]
    ]
}