{
    "atom_coords": [
        [0.3123706989160198, 0.4383613427754298, 0.6247413978320395],
        [0.5619889512293383, 0.1855234395759666, 0.1239779024586767],
        [0.6880110487706617, 0.5644765604240334, 0.3760220975413233],
        [0.9376293010839802, 0.3116386572245702, 0.8752586021679605],
        [0.0029777005221874, 0.0139808777819823, 0.005955401044389],
        [0.125, 0.375, 0.25],
        [0.2470222994778126, 0.7360191222180177, 0.494044598955611],
        [0.3767758288997598, 0.1380195779869666, 0.7535516577995196],
        [0.4982997395091999, 0.4840245822706137, 0.9965994790183927],
        [0.625, 0.875, 0.25],
        [0.7517002604908001, 0.2659754177293863, 0.5034005209816073],
        [0.8732241711002402, 0.6119804220130334, 0.7464483422004804]
    ],
    "atom_properties": {
        "force": {
            "value": [
                [-0.003745, 0.005761, -0.003745],
                [0.053122, -0.068314, 0.053122],
                [-0.053122, 0.068314, -0.053122],
                [0.003745, -0.005761, 0.003745],
                [0.010013, -0.15625, 0.010013],
                [0.0, 0.0, -0.0],
                [-0.010013, 0.15625, -0.010013],
                [0.004018, -0.122256, 0.004018],
                [-0.010628, 0.058337, -0.010628],
                [0.0, 0.0, -0.0],
                [0.010628, -0.058337, 0.010628],
                [-0.004018, 0.122256, -0.004018]
            ]
        }
    },
    "atom_type": [
        "N",
        "N",
        "N",
        "N",
        "Zr",
        "Zr",
        "Zr",
        "Zr",
        "Zr",
        "Zr",
        "Zr",
        "Zr"
    ],
    "coordinate_mode": "Direct",
    "global_properties": {
        "energy": {
            "value": -115.85219
        }
    },
    "lattice_vectors": [
        [2.327452686609133, 0.0, -2.327452686609133],
        [2.278047816838253, 4.539325998240799, 2.278047816838253],
        [4.621957641501733, -6.899052365518492, 6.949410328110866]
    ]
}