{
    "atom_coords": [
        [0.5, 0.8750934170416613, 0.1246353438937646],
        [0.0, 0.1249065829583387, 0.3753646561062354],
        [0.0, 0.9956639589738288, 0.0008259126229646],
        [0.5, 0.0043360410261712, 0.4991740873770354],
        [0.5, 0.2384232341746468, 0.2543108663695861],
        [0.0, 0.2482141160851086, 0.754692710167788],
        [0.0, 0.4977883659138271, 0.5031233627448302],
        [0.5, 0.5022116340861729, 0.9968766372551698],
        [0.5, 0.7517858839148914, 0.745307289832212],
        [0.0, 0.7615767658253532, 0.2456891336304139]
    ],
    "atom_properties": {
        "force": {
            "value": [
                [0.036291, 0.051304, -0.036291],
                [-0.036291, -0.051304, 0.036291],
                [0.028438, -0.012569, -0.028438],
                [-0.028438, 0.012569, 0.028438],
                [-0.024371, -0.027132, 0.024371],
                [-0.061057, 0.020246, 0.061057],
                [-0.019352, 0.087723, 0.019352],
                [0.019352, -0.087723, -0.019352],
                [0.061057, -0.020246, -0.061057],
                [0.024371, 0.027132, -0.024371]
            ]
        }
    },
    "atom_type": [
        "N",
        "N",
        "Zr",
        "Zr",
        "Zr",
        "Zr",
        "Zr",
        "Zr",
        "Zr",
        "Zr"
    ],
    "coordinate_mode": "Direct",
    "global_properties": {
        "energy": {
            "value": -91.699561
        }
    },
    "lattice_vectors": [
        [2.293601616439121, 0.0, 2.293601616439121],
        [2.28223121412939, 4.573365788331855, -2.28223121412939],
        [-6.864800065767189, 4.591409890790822, 6.864800065767189]
    ]
}