{
    "atom_coords": [
        [0.2145417140486714, 0.4290834280973286, 0.1410894858788367],
        [0.7868881016373166, 0.5737762032745977, 0.8583413265243962],
        [0.3555884019479834, 0.711176703895994, 0.5700725486777998],
        [0.9301258980520188, 0.8602518961040033, 0.2870703513221997],
        [0.4988261983626856, 0.9976523967253996, 0.9988015734756033],
        [0.0711725859513237, 0.1423450719026746, 0.7160533141211616],
        [0.0006229596722136, 0.0012459193444272, 0.0037770890288584],
        [0.5689093341809937, 0.1378185683620217, 0.7195536773258695],
        [0.1428571000000005, 0.2857143000000022, 0.4285714000000027],
        [0.7168049658190014, 0.4336099316379816, 0.1375891226741288],
        [0.2850913403277886, 0.5701826806555701, 0.8533658109711411],
        [0.8634618924619701, 0.726923684923861, 0.5730592458046573],
        [0.4222524075380321, 0.8445049150761363, 0.2840836541953493]
    ],
    "atom_properties": {
        "force": {
            "value": [
                [0.0, -0.0338, -0.016568],
                [-0.0, 0.046756, -0.031052],
                [0.0, -0.017868, -0.010813],
                [-0.0, 0.017868, 0.010813],
                [0.0, -0.046756, 0.031052],
                [-0.0, 0.0338, 0.016568],
                [-0.0, 0.049564, 0.06027],
                [0.0, -0.023845, 0.102842],
                [0.0, 0.0, 0.0],
                [-0.0, 0.023845, -0.102842],
                [0.0, -0.049564, -0.06027],
                [-0.0, 0.140142, -0.008282],
                [0.0, -0.140142, 0.008282]
            ]
        }
    },
    "atom_type": [
        "N",
        "N",
        "N",
        "N",
        "N",
        "N",
        "Zr",
        "Zr",
        "Zr",
        "Zr",
        "Zr",
        "Zr",
        "Zr"
    ],
    "coordinate_mode": "Direct",
    "global_properties": {
        "energy": {
            "value": -131.08269
        }
    },
    "lattice_vectors": [
        [4.620824992467194, -1.27528e-11, 1.10982e-11],
        [-2.3104125012948007, 4.596667628635861, -2.30493986320887],
        [1.01663e-11, 2.2849639199135123, 6.888042271585159]
    ]
}