{
    "atom_coords": [
        [0.6414368176587217, 0.282873735317466, 0.0712577369446024],
        [0.3591395752274451, 0.7182790504549175, 0.9319712241590068],
        [0.7837176247725566, 0.5674352495450776, 0.6394572758409964],
        [0.5014202823412788, 0.0028405646825362, 0.5001708630553949],
        [0.002042382861319, 0.004084765722709, 0.9989089117435697],
        [0.7265395096605403, 0.4530790193214713, 0.8645022901031822],
        [0.4163175903394603, 0.8326352806785309, 0.706926309896815],
        [0.1408147171386815, 0.2816295342772932, 0.5725196882564276],
        [0.8690065648762939, 0.7380130297529632, 0.4319968386713455],
        [0.5714285999999973, 0.1428571000000005, 0.2857143000000022],
        [0.2738506351237078, 0.5477012702470319, 0.1394316613286577]
    ],
    "atom_properties": {
        "force": {
            "value": [
                [-0.007729, -0.007729, -0.009621],
                [-0.015212, -0.015212, 0.031355],
                [0.015212, 0.015212, -0.031355],
                [0.007729, 0.007729, 0.009621],
                [-0.010619, -0.010619, -0.025472],
                [0.017677, 0.017677, 0.013701],
                [-0.017677, -0.017677, -0.013701],
                [0.010619, 0.010619, 0.025472],
                [0.009294, 0.009294, -0.021137],
                [-0.0, -0.0, 0.0],
                [-0.009294, -0.009294, 0.021137]
            ]
        }
    },
    "atom_type": [
        "N",
        "N",
        "N",
        "N",
        "Zr",
        "Zr",
        "Zr",
        "Zr",
        "Zr",
        "Zr",
        "Zr"
    ],
    "coordinate_mode": "Direct",
    "global_properties": {
        "energy": {
            "value": -107.52383
        }
    },
    "lattice_vectors": [
        [2.3345207856519044, -2.3345207855310663, 9.9273e-12],
        [2.3420234066178134, 4.676544181847725, -2.2696106357364023],
        [2.311059487516512, 2.311059487358695, 8.994262765249022]
    ]
}