{
    "atom_coords": [
        [0.0, 0.5, 0.5041071258593632],
        [0.5, 0.5, 0.7507750138918965],
        [0.0, 0.0, 0.7507750138918965],
        [0.5, 0.0, 0.0004449072347938],
        [0.0, 0.5, 0.9998403857330658],
        [0.0, 0.0, 0.9956596162191076],
        [0.5, 0.5, 0.9956596162191076],
        [0.0, 0.5, 0.2566097331846464],
        [0.5, 0.0, 0.2454461443056886],
        [0.0, 0.0, 0.4981529690234865],
        [0.5, 0.5, 0.4981529690234865],
        [0.0, 0.5, 0.7439475478333932],
        [0.5, 0.0, 0.7604289575800607]
    ],
    "atom_properties": {
        "force": {
            "value": [
                [0.0, 0.0, 0.022628],
                [0.0, 0.0, -0.042695],
                [0.0, 0.0, -0.042695],
                [0.0, 0.0, 0.062595],
                [0.0, 0.0, -0.035642],
                [0.0, 0.0, -0.049997],
                [0.0, 0.0, -0.049997],
                [0.0, 0.0, 0.043281],
                [0.0, 0.0, -0.015742],
                [0.0, 0.0, 0.040872],
                [0.0, 0.0, 0.040872],
                [0.0, 0.0, -0.109695],
                [0.0, 0.0, 0.136216]
            ]
        }
    },
    "atom_type": [
        "N",
        "N",
        "N",
        "N",
        "N",
        "Zr",
        "Zr",
        "Zr",
        "Zr",
        "Zr",
        "Zr",
        "Zr",
        "Zr"
    ],
    "coordinate_mode": "Direct",
    "global_properties": {
        "energy": {
            "value": -127.68758
        }
    },
    "lattice_vectors": [
        [4.595415255368615, 0.0, 0.0],
        [0.0, 4.595415255368615, 0.0],
        [0.0, 0.0, 9.210968229313913]
    ]
}