{
    "atom_coords": [
        [0.0, 0.8754081397491689, 0.2492124285659045],
        [0.5, 0.0, 0.0],
        [0.0, 0.1245918602508311, 0.7507875714340955],
        [0.0, 0.0, 0.0],
        [0.5, 0.119022596360189, 0.7665217445846793],
        [0.0, 0.2413063926108308, 0.5066413601663982],
        [0.5, 0.3777064522041798, 0.2582940207253941],
        [0.0, 0.5, 0.0],
        [0.5, 0.6222935477958202, 0.7417059792746059],
        [0.0, 0.7586936073891692, 0.4933586398336018],
        [0.5, 0.880977403639811, 0.2334782554153207]
    ],
    "atom_properties": {
        "force": {
            "value": [
                [-0.0, 0.026128, -0.037496],
                [-0.0, -0.0, 0.0],
                [-0.0, -0.026128, 0.037496],
                [-0.0, -0.0, 0.0],
                [-0.0, -0.030041, 0.047739],
                [0.0, 0.027764, 0.068279],
                [-0.0, 0.025916, -0.053025],
                [-0.0, -0.0, 0.0],
                [-0.0, -0.025916, 0.053025],
                [-0.0, -0.027764, -0.068279],
                [-0.0, 0.030041, -0.047739]
            ]
        }
    },
    "atom_type": [
        "N",
        "N",
        "N",
        "Zr",
        "Zr",
        "Zr",
        "Zr",
        "Zr",
        "Zr",
        "Zr",
        "Zr"
    ],
    "coordinate_mode": "Direct",
    "global_properties": {
        "energy": {
            "value": -103.6915
        }
    },
    "lattice_vectors": [
        [4.546787426724969, 0.0, 0.0],
        [0.0, 4.580626928943268, -4.733336127007215],
        [0.0, 2.226121360658535, 7.036414370542969]
    ]
}