{
    "atom_coords": [
        [0.2578979801670087, 0.1244245729311828, 0.6244245729311828],
        [0.75, 0.375, 0.875],
        [0.2421020198329913, 0.6255754270688172, 0.1255754270688172],
        [0.0046365656621674, 0.0053691944856737, 0.9903863559996466],
        [0.9913854668013826, 0.5025646978485909, 0.0025646978485909],
        [0.4953634343378326, 0.2596136440003534, 0.2446308055143263],
        [0.4816599286128991, 0.7499349879566566, 0.2499349879566566],
        [0.0046365656621674, 0.4903863559996466, 0.5053691944856737],
        [0.0183400713871009, 6.50120433434e-05, 0.5000650120433434],
        [0.4953634343378326, 0.7446308055143263, 0.7596136440003534],
        [0.5086145331986174, 0.2474353021514091, 0.7474353021514091]
    ],
    "atom_properties": {
        "force": {
            "value": [
                [0.037311, 0.010726, 0.010726],
                [0.0, -0.0, -0.0],
                [-0.037311, -0.010726, -0.010726],
                [-0.005137, -0.014079, 0.006911],
                [-0.000658, 0.007882, 0.007882],
                [0.005137, -0.006911, 0.014079],
                [-0.035257, 0.019568, 0.019568],
                [-0.005137, 0.006911, -0.014079],
                [0.035257, -0.019568, -0.019568],
                [0.005137, 0.014079, -0.006911],
                [0.000658, -0.007882, -0.007882]
            ]
        }
    },
    "atom_type": [
        "N",
        "N",
        "N",
        "Zr",
        "Zr",
        "Zr",
        "Zr",
        "Zr",
        "Zr",
        "Zr",
        "Zr"
    ],
    "coordinate_mode": "Direct",
    "global_properties": {
        "energy": {
            "value": -103.94571
        }
    },
    "lattice_vectors": [
        [4.637415694517353, -2.2798917780382975, -2.2798917780382975],
        [4.6421826079854815, 4.568978602464724, -9.46728164252e-05],
        [4.6421826079854815, -9.46728164253e-05, 4.568978602464724]
    ]
}