{
    "atom_coords": [
        [0.25, 0.75, 0.25],
        [0.75, 0.75, 0.25],
        [0.25, 0.25, 0.75],
        [0.75, 0.25, 0.75],
        [0.75, 0.75, 0.75],
        [0.0, 0.0, 0.0],
        [0.5045096057296092, 0.9954903942703908, 0.9954903942703908],
        [0.9950898612307952, 0.5049101387692048, 0.9950898612307952],
        [0.5049101387692048, 0.5049101387692048, 0.9950898612307952],
        [0.9950898612307952, 0.9950898612307952, 0.5049101387692048],
        [0.5049101387692048, 0.9950898612307952, 0.5049101387692048],
        [0.9954903942703908, 0.5045096057296092, 0.5045096057296092],
        [0.5, 0.5, 0.5]
    ],
    "atom_properties": {
        "force": {
            "value": [
                [0.0, 0.0, 0.0],
                [0.0, 0.0, 0.0],
                [0.0, 0.0, 0.0],
                [0.0, 0.0, 0.0],
                [0.0, 0.0, 0.0],
                [0.0, 0.0, 0.0],
                [0.092767, 0.0, 0.0],
                [0.0, -0.029867, 0.0],
                [0.0, 0.0, 0.029867],
                [0.0, 0.0, -0.029867],
                [0.0, 0.029867, 0.0],
                [-0.092767, 0.0, 0.0],
                [0.0, 0.0, 0.0]
            ]
        }
    },
    "atom_type": [
        "N",
        "N",
        "N",
        "N",
        "N",
        "Zr",
        "Zr",
        "Zr",
        "Zr",
        "Zr",
        "Zr",
        "Zr",
        "Zr"
    ],
    "coordinate_mode": "Direct",
    "global_properties": {
        "energy": {
            "value": -127.63133
        }
    },
    "lattice_vectors": [
        [0.0, 4.62310748984548, 4.62310748984548],
        [4.527192559463503, 0.0, 4.62310748984548],
        [4.527192559463503, 4.62310748984548, 0.0]
    ]
}