{
    "atom_coords": [
        [0.5, 0.75, 0.0],
        [0.9996386944329814, 0.9956576353933713, 0.999277388865977],
        [0.6664936029375994, 0.8325636320221577, 0.3329871058751905],
        [0.3335063970624006, 0.6674363679778423, 0.6670128941248095],
        [0.0003613055670186, 0.5043423646066287, 0.0007226111340231],
        [0.6684501372375635, 0.3347257900645033, 0.3369001744751188],
        [0.3315498627624365, 0.1652742099354967, 0.6630998255248812]
    ],
    "atom_properties": {
        "force": {
            "value": [
                [-0.0, -0.0, -0.0],
                [-0.136211, -0.136211, -0.033088],
                [-0.035774, -0.035774, -0.063598],
                [0.035774, 0.035774, 0.063598],
                [0.136211, 0.136211, 0.033088],
                [0.014175, 0.014175, 0.196926],
                [-0.014175, -0.014175, -0.196926]
            ]
        }
    },
    "atom_type": [
        "N",
        "Zr",
        "Zr",
        "Zr",
        "Zr",
        "Zr",
        "Zr"
    ],
    "coordinate_mode": "Direct",
    "global_properties": {
        "energy": {
            "value": -62.783991
        }
    },
    "lattice_vectors": [
        [2.286842829251321, -2.286842829251321, 0.0],
        [4.55630305808839, 4.55630305808839, -0.0022620539177059],
        [-2.2841906840632036, 0.0026521451881176, 6.898115262717633]
    ]
}