{
    "atom_coords": [
        [0.8338267284546959, 0.0, 0.6676535569094071],
        [0.9992438504792389, 0.5, 0.998487700958492],
        [0.1666667000000004, 0.0, 0.3333332999999996],
        [0.3340894495207607, 0.5, 0.6681789990415083],
        [0.4995065715453038, 0.0, 0.9990131430905933],
        [0.001747242442903, 0.0, 0.0034944848857918],
        [0.1666667000000004, 0.5, 0.3333332999999996],
        [0.3315860575570966, 0.0, 0.6631722151142085],
        [0.4959385905915497, 0.5, 0.9918771811831206],
        [0.6666667000000004, 0.0, 0.3333332999999996],
        [0.83739470940845, 0.5, 0.6747895188168798]
    ],
    "atom_properties": {
        "force": {
            "value": [
                [-0.0, 0.0, 0.036145],
                [-0.0, 0.0, 0.029613],
                [-0.0, 0.0, 0.0],
                [0.0, 0.0, -0.029613],
                [0.0, 0.0, -0.036145],
                [-0.0, 0.0, 0.048623],
                [0.0, 0.0, 0.0],
                [0.0, 0.0, -0.048623],
                [0.0, 0.0, -0.08928],
                [0.0, 0.0, 0.0],
                [-0.0, 0.0, 0.08928]
            ]
        }
    },
    "atom_type": [
        "N",
        "N",
        "N",
        "N",
        "N",
        "Zr",
        "Zr",
        "Zr",
        "Zr",
        "Zr",
        "Zr"
    ],
    "coordinate_mode": "Direct",
    "global_properties": {
        "energy": {
            "value": -110.56331
        }
    },
    "lattice_vectors": [
        [4.601750867550604, 0.0, -2.3824e-12],
        [0.0, 4.606421303941911, 0.0],
        [-2.300875438800991, 0.0, 6.877029311119622]
    ]
}