{
    "atom_coords": [
        [0.2502602778268255, 0.6230271560372742, 0.8764522883090393],
        [0.9997397221731745, 0.7519728439627258, 0.2485477116909607],
        [0.008844156453506, 0.9780584007013147, 0.0042532863916449],
        [0.241155843546494, 0.3969415992986853, 0.1207467136083551],
        [0.4944339534611402, 0.753561571412007, 0.2575705216658122],
        [0.7555329896491116, 0.109416069415829, 0.3795179512858908],
        [0.0072898973885813, 0.4968052979922604, 0.4886149072304988],
        [0.2427101026114187, 0.8781947020077396, 0.6363850927695012],
        [0.4944670103508884, 0.265583930584171, 0.7454820487141092],
        [0.7555660465388598, 0.621438428587993, 0.8674294783341878]
    ],
    "atom_properties": {
        "force": {
            "value": [
                [0.0, 0.020957, -0.012073],
                [-0.0, -0.020957, 0.012073],
                [0.0, 0.005396, 0.049476],
                [-0.0, -0.005396, -0.049476],
                [-0.0, -0.012422, 0.024983],
                [0.0, 0.019641, 0.066838],
                [-0.0, -0.053953, -0.008],
                [0.0, 0.053953, 0.008],
                [-0.0, -0.019641, -0.066838],
                [0.0, 0.012422, -0.024983]
            ]
        }
    },
    "atom_type": [
        "N",
        "N",
        "Zr",
        "Zr",
        "Zr",
        "Zr",
        "Zr",
        "Zr",
        "Zr",
        "Zr"
    ],
    "coordinate_mode": "Direct",
    "global_properties": {
        "energy": {
            "value": -92.032156
        }
    },
    "lattice_vectors": [
        [4.521635602243713, 4.54182e-11, 1.31292e-11],
        [2.26081780609496, 4.61778943814608, -2.3192301708623724],
        [2.2608178061205035, 4.6429742929901625, 7.008722901759835]
    ]
}