{
    "atom_coords": [
        [0.6237269085613946, 0.2474538171227962, 0.9363568559532851],
        [0.1252218954692168, 0.2504437909384407, 0.6880040999521881],
        [0.626798790834421, 0.2535975816688065, 0.4368665459542811],
        [0.8730356270093864, 0.7460712540188013, 0.3126358604779966],
        [0.0089153934459034, 0.0178307868919774, 0.0017592030571336],
        [0.2416330299082574, 0.483266059816259, 0.8798611437484425],
        [0.5082995958837913, 0.0165991917678383, 0.7466684377769184],
        [0.7415683249884069, 0.483136649976565, 0.6267957429400823],
        [0.0094647448436618, 0.0189294896875225, 0.4936962811693348],
        [0.2518009896419144, 0.5036019792838644, 0.3722708188178956],
        [0.4900360733408959, 0.9800721466816213, 0.2554684609618647],
        [0.7494986260727643, 0.4989972521455144, 0.12461654919057]
    ],
    "atom_properties": {
        "force": {
            "value": [
                [-0.004692, 0.004692, -0.048701],
                [-0.026383, 0.026383, 0.028944],
                [0.00636, -0.00636, -1.1e-05],
                [0.010335, -0.010335, 0.010689],
                [0.026699, -0.026699, -0.052843],
                [-0.007152, 0.007152, 0.049094],
                [-0.009179, 0.009179, -0.004597],
                [-0.005117, 0.005117, 0.068545],
                [-0.03212, 0.03212, 0.000201],
                [0.026876, -0.026876, 0.046521],
                [-0.005956, 0.005956, -0.074651],
                [0.02033, -0.02033, -0.023192]
            ]
        }
    },
    "atom_type": [
        "N",
        "N",
        "N",
        "N",
        "Zr",
        "Zr",
        "Zr",
        "Zr",
        "Zr",
        "Zr",
        "Zr",
        "Zr"
    ],
    "coordinate_mode": "Direct",
    "global_properties": {
        "energy": {
            "value": -115.97161
        }
    },
    "lattice_vectors": [
        [2.3372467893074824, 2.337246789372135, -5.69222e-11],
        [-4.652073915881814, 2.314827136783852, 2.232524387000951],
        [4.687236543143839, -4.687236543495692, 9.05609495008951]
    ]
}