{
    "atom_coords": [
        [0.5, 0.5, 0.2489776711223968],
        [0.5, 0.5, 0.5014933961841663],
        [0.0, 0.0, 0.6250034989826858],
        [0.5, 0.5, 0.7484364430876553],
        [0.0, 0.0, 0.0009215065136985],
        [0.5, 0.5, 0.1233420259995768],
        [0.0, 0.0, 0.2498695922096417],
        [0.5, 0.5, 0.3736649010876363],
        [0.0, 0.0, 0.4987020951942824],
        [0.5, 0.5, 0.6246604437948733],
        [0.0, 0.0, 0.7518242941872515],
        [0.5, 0.5, 0.8781041316361424]
    ],
    "atom_properties": {
        "force": {
            "value": [
                [-0.0, -0.0, 0.123685],
                [-0.0, -0.0, 0.031078],
                [-0.0, -0.0, -0.025967],
                [-0.0, -0.0, -0.057369],
                [-0.0, -0.0, -0.082635],
                [-0.0, -0.0, 0.022471],
                [-0.0, -0.0, 0.055146],
                [0.0, 0.0, 0.011173],
                [0.0, 0.0, 0.100329],
                [0.0, -0.0, -0.013792],
                [-0.0, -0.0, -0.152408],
                [0.0, 0.0, -0.011711]
            ]
        }
    },
    "atom_type": [
        "N",
        "N",
        "N",
        "N",
        "Zr",
        "Zr",
        "Zr",
        "Zr",
        "Zr",
        "Zr",
        "Zr",
        "Zr"
    ],
    "coordinate_mode": "Direct",
    "global_properties": {
        "energy": {
            "value": -115.55399
        }
    },
    "lattice_vectors": [
        [2.296907952865618, 2.296907952865618, 0.0],
        [2.296907952865618, -2.296907952865618, 0.0],
        [0.0, 0.0, -18.249783169164758]
    ]
}