{
    "atom_coords": [
        [0.5, 0.2501043886481824, 0.5],
        [0.0, 0.5, 0.75],
        [0.0, 0.5, 0.25],
        [0.5, 0.7498956113518176, 0.0],
        [0.0, 0.9929752781152033, 0.0],
        [0.0, 0.0070247218847967, 0.5],
        [0.5, 0.2596655328021598, 0.744796957146697],
        [0.5, 0.2596655328021598, 0.255203042853303],
        [0.0, 0.4883071892000999, 0.5],
        [0.0, 0.5116928107999001, 0.0],
        [0.5, 0.7403344671978402, 0.244796957146697],
        [0.5, 0.7403344671978402, 0.755203042853303]
    ],
    "atom_properties": {
        "force": {
            "value": [
                [0.060983, -0.060983, 0.0],
                [0.0, 0.0, 0.0],
                [0.0, 0.0, 0.0],
                [-0.060983, 0.060983, 0.0],
                [-0.062621, 0.062621, 0.0],
                [0.062621, -0.062621, 0.0],
                [-0.021892, 0.021892, -0.011103],
                [-0.021892, 0.021892, 0.011103],
                [-0.007655, 0.007655, 0.0],
                [0.007655, -0.007655, 0.0],
                [0.021892, -0.021892, -0.011103],
                [0.021892, -0.021892, 0.011103]
            ]
        }
    },
    "atom_type": [
        "N",
        "N",
        "N",
        "N",
        "Zr",
        "Zr",
        "Zr",
        "Zr",
        "Zr",
        "Zr",
        "Zr",
        "Zr"
    ],
    "coordinate_mode": "Direct",
    "global_properties": {
        "energy": {
            "value": -115.81894
        }
    },
    "lattice_vectors": [
        [2.303994380559631, 2.303994380559631, 0.0],
        [-4.582878754233668, 4.582878754233668, 0.0],
        [0.0, 0.0, 9.265852321919361]
    ]
}