{
    "atom_coords": [
        [0.0, 0.8747774093191936, 0.748169737902252],
        [0.5, 0.0002225906808064, 0.501830262097748],
        [0.0, 3.1244938242e-05, 0.002501540801056],
        [0.5, 0.1145428123872421, 0.7485323764909282],
        [0.0, 0.2403753084554481, 0.4932427494686777],
        [0.5, 0.3713199187212481, 0.2448531199678854],
        [0.0, 0.5036800812787519, 0.0051468800321146],
        [0.5, 0.6346246915445519, 0.7567572505313223],
        [0.0, 0.7604571876127579, 0.5014676235090718],
        [0.5, 0.874968755061758, 0.247498459198944]
    ],
    "atom_properties": {
        "force": {
            "value": [
                [0.013191, -0.013191, -0.026913],
                [-0.013191, 0.013191, 0.026913],
                [-0.005549, 0.005549, 0.03694],
                [0.00133, -0.00133, 0.010518],
                [-0.038618, 0.038618, -0.107018],
                [-0.030662, 0.030662, -0.052419],
                [0.030662, -0.030662, 0.052419],
                [0.038618, -0.038618, 0.107018],
                [-0.00133, 0.00133, -0.010518],
                [0.005549, -0.005549, -0.03694]
            ]
        }
    },
    "atom_type": [
        "N",
        "N",
        "Zr",
        "Zr",
        "Zr",
        "Zr",
        "Zr",
        "Zr",
        "Zr",
        "Zr"
    ],
    "coordinate_mode": "Direct",
    "global_properties": {
        "energy": {
            "value": -91.736055
        }
    },
    "lattice_vectors": [
        [2.2912343637309114, 2.2912343637309114, 0.0],
        [-4.553357944350874, 4.553357944350874, -0.0147360409363939],
        [2.2911852220007605, -2.2911852220007605, 9.210487791710785]
    ]
}