{
    "atom_coords": [
        [0.4278364404841284, 0.855672980968258, 0.7854917903893579],
        [0.0007658718285768, 0.0015317436571678, 0.5000788132377068],
        [0.5714285999999973, 0.1428571000000005, 0.2142856999999978],
        [0.1420912281714237, 0.2841825563428344, 0.928492586762296],
        [0.715020659515865, 0.4300413190317443, 0.6430796096106448],
        [0.0035649792760779, 0.00712995855217, 0.9984987748862366],
        [0.5714285999999973, 0.1428571000000005, 0.7142856999999978],
        [0.1392921207239226, 0.2785843414478322, 0.4300726251137661],
        [0.7111927867010692, 0.4223855734021527, 0.135724445463218],
        [0.2826203361786312, 0.5652406723572625, 0.8480400406840545],
        [0.8602368638213704, 0.7204736276427326, 0.5805314593159423],
        [0.4316643132989313, 0.8633287265978495, 0.2928469545367847]
    ],
    "atom_properties": {
        "force": {
            "value": [
                [0.070806, -0.022486, 0.070806],
                [-0.000752, -0.053348, -0.000752],
                [-0.0, 0.0, -0.0],
                [0.000752, 0.053348, 0.000752],
                [-0.070806, 0.022486, -0.070806],
                [0.012602, -0.057369, 0.012602],
                [-0.0, 0.0, -0.0],
                [-0.012602, 0.057369, -0.012602],
                [-0.078401, 0.039105, -0.078401],
                [-0.081396, 0.017928, -0.081396],
                [0.081396, -0.017928, 0.081396],
                [0.078401, -0.039105, 0.078401]
            ]
        }
    },
    "atom_type": [
        "N",
        "N",
        "N",
        "N",
        "N",
        "Zr",
        "Zr",
        "Zr",
        "Zr",
        "Zr",
        "Zr",
        "Zr"
    ],
    "coordinate_mode": "Direct",
    "global_properties": {
        "energy": {
            "value": -119.18515
        }
    },
    "lattice_vectors": [
        [2.3113846574761956, 0.0, -2.3113846574761956],
        [-0.0057532779897403, 6.862179016213734, 2.305631379486456],
        [4.62467781082348, -4.5831332046080355, 4.62467781082348]
    ]
}