{
    "atom_coords": [
        [0.2478104931838345, 0.3758330177046716, 0.0584565675533923],
        [0.7484060956488392, 0.1202939572598751, 0.1855312187987224],
        [0.2515939043511608, 0.8797060427401249, 0.3144687812012776],
        [0.7521895068161655, 0.6241669822953284, 0.4415434324466077],
        [0.0003748576384623, 0.014553090759641, 0.0117430720411704],
        [0.4936969217864657, 0.748254354573767, 0.1399712199800831],
        [0.0, 0.5, 0.25],
        [0.5063030782135343, 0.251745645426233, 0.3600287800199169],
        [0.9996251423615377, 0.985446909240359, 0.4882569279588296],
        [0.5025825891452627, 0.7454465632337914, 0.6165637322586761],
        [0.0, 0.5, 0.75],
        [0.4974174108547373, 0.2545534367662086, 0.8834362677413239]
    ],
    "atom_properties": {
        "force": {
            "value": [
                [-0.002058, -0.016083, 0.028144],
                [-0.033237, 0.036312, -0.014565],
                [0.033237, -0.036312, 0.014565],
                [0.002058, 0.016083, -0.028144],
                [-0.026223, 0.072149, 0.087586],
                [-0.018194, -0.033127, -0.015387],
                [-0.0, -0.0, -0.0],
                [0.018194, 0.033127, 0.015387],
                [0.026223, -0.072149, -0.087586],
                [0.035656, -0.010078, -0.060836],
                [-0.0, -0.0, -0.0],
                [-0.035656, 0.010078, 0.060836]
            ]
        }
    },
    "atom_type": [
        "N",
        "N",
        "N",
        "N",
        "Zr",
        "Zr",
        "Zr",
        "Zr",
        "Zr",
        "Zr",
        "Zr",
        "Zr"
    ],
    "coordinate_mode": "Direct",
    "global_properties": {
        "energy": {
            "value": -115.89933
        }
    },
    "lattice_vectors": [
        [2.275393677275699, 2.3141779742282718, -4.682171966118629],
        [-2.29869398860261, 4.625655220319104, 2.3278255486784776],
        [4.5424016012778115, -0.0304430594094425, 4.662206365658573]
    ]
}