{
    "atom_coords": [
        [0.4992805384197183, 0.2473517110463277, 0.9985610768394508],
        [0.8355405297840264, 0.9185273431016228, 0.671081159568061],
        [0.4986173191872894, 0.7513816136531375, 0.9972346383745787],
        [0.9963514233166251, 0.9982161396550779, 0.992702846633243],
        [0.6669791597263242, 0.8316257298063121, 0.33395821945264],
        [0.3331984088878599, 0.6747024638990098, 0.666396917775721],
        [0.0023558218971047, 0.5007111391066275, 0.0047116437942023],
        [0.6674947537669667, 0.3352759082738359, 0.3349894075339179],
        [0.3335153450140922, 0.158874651458035, 0.6670307900281855]
    ],
    "atom_properties": {
        "force": {
            "value": [
                [0.019136, 0.019136, -0.041742],
                [0.00426, 0.00426, 0.030656],
                [-0.015366, -0.015366, -0.059177],
                [-0.031691, -0.031691, -0.026739],
                [-0.007322, -0.007322, -0.015595],
                [0.047391, 0.047391, 0.026937],
                [0.004361, 0.004361, 0.03237],
                [0.005554, 0.005554, 0.059008],
                [-0.026324, -0.026324, -0.005719]
            ]
        }
    },
    "atom_type": [
        "N",
        "N",
        "N",
        "Zr",
        "Zr",
        "Zr",
        "Zr",
        "Zr",
        "Zr"
    ],
    "coordinate_mode": "Direct",
    "global_properties": {
        "energy": {
            "value": -86.800511
        }
    },
    "lattice_vectors": [
        [2.308535779282861, -2.308535779282861, 0.0],
        [4.606249742626359, 4.606249742626359, 0.0060052974665702],
        [-2.301336375912972, 0.0071994033698893, 6.847511896431977]
    ]
}