{
    "atom_coords": [
        [0.7519908455056097, 0.1253209747559296, 0.188298562064773],
        [0.7480091544943903, 0.6246790252440775, 0.436701437935227],
        [0.9946352777469585, 0.0050703552752154, 0.9986686241242708],
        [0.5053528989521894, 0.7575844487306824, 0.1301937215615538],
        [0.987780407379951, 0.4932995765745076, 0.2515925415876055],
        [0.512219592620049, 0.2567004234254924, 0.3734074584123945],
        [0.9946471010478106, 0.9924155512693176, 0.4948062784384462],
        [0.5053647222530415, 0.7449296447247846, 0.6263313758757292],
        [0.0078258744669029, 0.5108834248030263, 0.752336345314589],
        [0.4921741255330971, 0.2391165751969737, 0.872663654685411]
    ],
    "atom_properties": {
        "force": {
            "value": [
                [0.021916, -0.007751, 0.113196],
                [-0.021916, 0.007751, -0.113196],
                [-0.058984, 0.03182, -0.041281],
                [0.03794, 0.078293, 0.05636],
                [-0.020057, -0.045013, 0.102075],
                [0.020057, 0.045013, -0.102075],
                [-0.03794, -0.078293, -0.05636],
                [0.058984, -0.03182, 0.041281],
                [0.064872, 0.071883, -0.031835],
                [-0.064872, -0.071883, 0.031835]
            ]
        }
    },
    "atom_type": [
        "N",
        "N",
        "Zr",
        "Zr",
        "Zr",
        "Zr",
        "Zr",
        "Zr",
        "Zr",
        "Zr"
    ],
    "coordinate_mode": "Direct",
    "global_properties": {
        "energy": {
            "value": -91.683457
        }
    },
    "lattice_vectors": [
        [2.2699747604249283, 2.2758292286021717, -4.591230140014305],
        [-2.2904685030960468, 4.598879495623389, 2.308777871827499],
        [4.584741614792563, 0.0030831690722903, 4.615236610153005]
    ]
}