{
    "atom_coords": [
        [0.5, 0.5, 0.5],
        [0.0007866136104511, 0.2470146488269194, 0.7514121239521856],
        [0.2498283023142136, 0.623449954457385, 0.8768934409141877],
        [0.5, 0.0, 0.0],
        [0.7501716976857864, 0.376550045542615, 0.1231065590858123],
        [0.9992133863895489, 0.7529853511730806, 0.2485878760478144],
        [0.0, 0.0, 0.0],
        [0.2495049032936976, 0.381760730657426, 0.1192294627551718],
        [0.5064248019406108, 0.7340731648086205, 0.2530772313102361],
        [0.7494900661367652, 0.1290326112256253, 0.3719872565008444],
        [0.0, 0.5, 0.5],
        [0.2505099338632348, 0.8709673887743747, 0.6280127434991556],
        [0.4935751980593892, 0.2659268351913795, 0.7469227686897639],
        [0.7504950967063024, 0.618239269342574, 0.8807705372448282]
    ],
    "atom_properties": {
        "force": {
            "value": [
                [0.0, -0.0, 0.0],
                [-0.0, -0.015378, 0.031918],
                [0.0, 0.06743, -0.017136],
                [0.0, -0.0, 0.0],
                [-0.0, -0.06743, 0.017136],
                [0.0, 0.015378, -0.031918],
                [0.0, -0.0, 0.0],
                [-0.0, -0.073952, -0.059021],
                [-0.0, -0.058257, 0.105575],
                [-0.0, -0.059708, -0.066135],
                [0.0, -0.0, 0.0],
                [0.0, 0.059708, 0.066135],
                [0.0, 0.058257, -0.105575],
                [0.0, 0.073952, 0.059021]
            ]
        }
    },
    "atom_type": [
        "N",
        "N",
        "N",
        "N",
        "N",
        "N",
        "Zr",
        "Zr",
        "Zr",
        "Zr",
        "Zr",
        "Zr",
        "Zr",
        "Zr"
    ],
    "coordinate_mode": "Direct",
    "global_properties": {
        "energy": {
            "value": -139.82083
        }
    },
    "lattice_vectors": [
        [4.608460884886554, 9.9688e-12, 6.316e-13],
        [2.3042304474823525, 4.590562907530122, -2.301226424949919],
        [2.304230447483611, 4.591792828989057, 6.906161329988624]
    ]
}