{
    "atom_coords": [
        [0.0, 0.0, 0.7470731192692881],
        [0.5, 0.25, 0.5],
        [0.0, 0.5, 0.2529268807307119],
        [0.5, 0.75, 0.5],
        [0.0, 0.0, 0.0011099611316325],
        [0.0, 0.0, 0.507764628363887],
        [0.5, 0.2415992757604712, 0.7504844912983089],
        [0.5, 0.2584007242395288, 0.2495155087016911],
        [0.0, 0.5, 0.492235371636113],
        [0.0, 0.5, 0.9988900388683675],
        [0.5, 0.7415992757604712, 0.2495155087016911],
        [0.5, 0.7584007242395288, 0.7504844912983089]
    ],
    "atom_properties": {
        "force": {
            "value": [
                [0.0, 0.0, 0.033211],
                [0.0, 0.0, -0.0],
                [-0.0, -0.0, -0.033211],
                [0.0, 0.0, -0.0],
                [0.0, 0.0, 0.05248],
                [0.0, 0.0, -0.026712],
                [0.0174, -0.0174, 0.010173],
                [-0.0174, 0.0174, -0.010173],
                [0.0, 0.0, 0.026712],
                [0.0, 0.0, -0.05248],
                [0.0174, -0.0174, -0.010173],
                [-0.0174, 0.0174, 0.010173]
            ]
        }
    },
    "atom_type": [
        "N",
        "N",
        "N",
        "N",
        "Zr",
        "Zr",
        "Zr",
        "Zr",
        "Zr",
        "Zr",
        "Zr",
        "Zr"
    ],
    "coordinate_mode": "Direct",
    "global_properties": {
        "energy": {
            "value": -115.89047
        }
    },
    "lattice_vectors": [
        [2.308890278069542, 2.308890278069542, 0.0],
        [-4.5847754312727504, 4.5847754312727504, 0.0],
        [0.0, 0.0, 9.171649606489908]
    ]
}