{
    "atom_coords": [
        [0.5831161707076831, 0.9195903666078422, 0.1662324414153673],
        [0.4166667000000004, 0.0833332999999996, 0.8333332999999996],
        [0.2502171292923165, 0.2470763333921582, 0.5004342585846331],
        [0.9993040619879352, 0.0001448540052209, 0.9986081239758633],
        [0.8340292380120644, 0.1665218459947795, 0.6680585760241371],
        [0.6730374499976648, 0.3253908319127987, 0.3460747999953355],
        [0.4992749058657679, 0.4989603820496527, 0.9985498117315359],
        [0.3340583941342388, 0.6677063179503477, 0.6681168882684645],
        [0.160295950002336, 0.8412757680872005, 0.3205918000046637]
    ],
    "atom_properties": {
        "force": {
            "value": [
                [0.011337, 0.040156, -0.011337],
                [0.0, 0.0, 0.0],
                [-0.011337, -0.040156, 0.011337],
                [0.024215, 0.046165, -0.024215],
                [-0.024215, -0.046165, 0.024215],
                [-0.049625, 0.05372, 0.049625],
                [0.023506, 0.02734, -0.023506],
                [-0.023506, -0.02734, 0.023506],
                [0.049625, -0.05372, -0.049625]
            ]
        }
    },
    "atom_type": [
        "N",
        "N",
        "N",
        "Zr",
        "Zr",
        "Zr",
        "Zr",
        "Zr",
        "Zr"
    ],
    "coordinate_mode": "Direct",
    "global_properties": {
        "energy": {
            "value": -86.850465
        }
    },
    "lattice_vectors": [
        [2.335650813087005, 0.0, 2.335650813087005],
        [2.323045253057541, 4.478614355929682, -2.323045253057541],
        [-7.00522336408728, 2.268443471587794, 4.669572551000276]
    ]
}