{
    "atom_coords": [
        [0.0, 0.5, 0.0],
        [0.1247487912064784, 0.1247487912064784, 0.2494975824129639],
        [0.3752512087935216, 0.3752512087935216, 0.7505024175870361],
        [0.5, 0.0, 0.0],
        [0.0072601494594977, 0.0072601494594977, 0.0145202989189528],
        [0.1259761122233058, 0.6259761122233058, 0.2519522244466117],
        [0.25, 0.25, 0.5],
        [0.3740238877766942, 0.8740238877766942, 0.7480477755533883],
        [0.4927398505405023, 0.4927398505405023, 0.9854797010810472],
        [0.6259761122233058, 0.1259761122233058, 0.2519522244466117],
        [0.75, 0.75, 0.5],
        [0.8740238877766942, 0.3740238877766942, 0.7480477755533883]
    ],
    "atom_properties": {
        "force": {
            "value": [
                [0.0, -0.0, 0.0],
                [-0.0, -0.0, 0.040619],
                [0.0, 0.0, -0.040619],
                [-0.0, 0.0, -0.0],
                [-0.0, -0.0, 0.017246],
                [-0.0, -0.0, 0.033262],
                [-0.0, -0.0, -0.0],
                [0.0, 0.0, -0.033262],
                [0.0, 0.0, -0.017246],
                [-0.0, -0.0, 0.033262],
                [-0.0, -0.0, -0.0],
                [0.0, 0.0, -0.033262]
            ]
        }
    },
    "atom_type": [
        "N",
        "N",
        "N",
        "N",
        "Zr",
        "Zr",
        "Zr",
        "Zr",
        "Zr",
        "Zr",
        "Zr",
        "Zr"
    ],
    "coordinate_mode": "Direct",
    "global_properties": {
        "energy": {
            "value": -115.76276
        }
    },
    "lattice_vectors": [
        [4.582066410147589, 0.0, -1.81319e-11],
        [0.0, 4.582066410147589, -1.81319e-11],
        [-2.2910332101103985, -2.2910332101103985, 9.228465221944742]
    ]
}