{
    "atom_coords": [
        [0.8758302755540228, 0.8758302755540228, 0.2516605511080527],
        [0.0010808769920914, 0.5010808769920914, 0.5021617539841685],
        [0.3758302755540228, 0.3758302755540228, 0.2516605511080527],
        [0.0041592226813378, 0.002600749647705, 0.0067599723290499],
        [0.3782340102323474, 0.8782340102323474, 0.7472155770917439],
        [0.7504127424671481, 0.7375583951210487, 0.4879711375881897],
        [0.1217531921381507, 0.6217531921381507, 0.2553118848908866],
        [0.502600749647705, 0.5041592226813449, 0.0067599723290499],
        [0.8689815668593823, 0.3689815668593823, 0.7472155770917155],
        [0.2375583951210487, 0.2504127424671481, 0.4879711375881897],
        [0.6335586927527359, 0.1335586927527359, 0.2553118848909079]
    ],
    "atom_properties": {
        "force": {
            "value": [
                [-0.0, 0.022543, -0.022543],
                [-0.0, -0.104311, 0.104311],
                [-0.0, 0.022543, -0.022543],
                [0.099213, 0.026247, -0.026247],
                [-0.0, 0.134118, 0.147838],
                [0.051201, -0.006601, 0.006601],
                [-0.0, 0.082166, 0.048512],
                [-0.099213, 0.026247, -0.026247],
                [-0.0, -0.147838, -0.134118],
                [-0.051201, -0.006601, 0.006601],
                [-0.0, -0.048512, -0.082166]
            ]
        }
    },
    "atom_type": [
        "N",
        "N",
        "N",
        "Zr",
        "Zr",
        "Zr",
        "Zr",
        "Zr",
        "Zr",
        "Zr",
        "Zr"
    ],
    "coordinate_mode": "Direct",
    "global_properties": {
        "energy": {
            "value": -103.64944
        }
    },
    "lattice_vectors": [
        [4.6041799300784305, 2.304454824974626, 2.304454824969744],
        [-4.6041799300784305, 2.304454824974626, 2.304454824969744],
        [0.0, -6.881480058665688, 2.272570418770887]
    ]
}