{
    "atom_coords": [
        [0.7492939580559437, 0.1244039053284069, 0.6868384609091436],
        [0.7507060419440563, 0.625596094671593, 0.9381615390908564],
        [0.7486526634333117, 0.1224725345588809, 0.1878807551006005],
        [0.25, 0.875, 0.3125],
        [0.7513473365666883, 0.6275274654411191, 0.4371192448993995],
        [0.9897931759923893, 0.9934092910863797, 0.002305357434345],
        [0.5083537094393975, 0.7541552607922597, 0.1332141703678573],
        [0.9913456493192143, 0.509989596013277, 0.2468472850264973],
        [0.5086543506807857, 0.240010403986723, 0.3781527149735027],
        [0.9916462905606025, 0.9958447392077403, 0.4917858296321427],
        [0.5102068240076107, 0.7565907089136203, 0.622694642565655],
        [0.9841469934995359, 0.4921657662013885, 0.7462827851808598],
        [0.5158530065004641, 0.2578342337986115, 0.8787172148191402]
    ],
    "atom_properties": {
        "force": {
            "value": [
                [0.080455, -0.018347, -0.085266],
                [-0.080455, 0.018347, 0.085266],
                [-0.005609, 0.022403, -0.00058],
                [-0.0, -0.0, -0.0],
                [0.005609, -0.022403, 0.00058],
                [-0.004756, -0.054375, -0.027856],
                [-0.058408, -0.04161, 0.070991],
                [0.030126, 0.065516, -0.028685],
                [-0.030126, -0.065516, 0.028685],
                [0.058408, 0.04161, -0.070991],
                [0.004756, 0.054375, 0.027856],
                [0.012222, -0.092073, -0.061293],
                [-0.012222, 0.092073, 0.061293]
            ]
        }
    },
    "atom_type": [
        "N",
        "N",
        "N",
        "N",
        "N",
        "Zr",
        "Zr",
        "Zr",
        "Zr",
        "Zr",
        "Zr",
        "Zr",
        "Zr"
    ],
    "coordinate_mode": "Direct",
    "global_properties": {
        "energy": {
            "value": -128.10246
        }
    },
    "lattice_vectors": [
        [2.292619403630847, 2.3007417681472475, -4.591416669997856],
        [-2.2962455247240565, 4.617810531407904, 2.3020342545733743],
        [4.605361424871944, 0.0062015139300096, 4.604564940791823]
    ]
}