{
    "atom_coords": [
        [0.5, 0.0, 0.125],
        [0.5, 0.0, 0.3754926962705625],
        [0.0, 0.5, 0.5011987811981129],
        [0.5, 0.0, 0.625],
        [0.0, 0.5, 0.7488012188018871],
        [0.5, 0.0, 0.8745073037294375],
        [0.0, 0.0, 0.002047353139794],
        [0.5, 0.5, 0.125],
        [0.0, 0.0, 0.247952646860206],
        [0.5, 0.5, 0.3798054677565901],
        [0.0, 0.0, 0.4960211455992436],
        [0.5, 0.5, 0.625],
        [0.0, 0.0, 0.7539788544007564],
        [0.5, 0.5, 0.8701945322434099]
    ],
    "atom_properties": {
        "force": {
            "value": [
                [-0.0, 0.0, -0.0],
                [-0.023443, 0.0, 0.023443],
                [-0.019363, 0.0, 0.019363],
                [0.0, 0.0, 0.0],
                [0.019363, 0.0, -0.019363],
                [0.023443, 0.0, -0.023443],
                [0.003078, 0.0, -0.003078],
                [-0.0, 0.0, 0.0],
                [-0.003078, 0.0, 0.003078],
                [-0.06956, 0.0, 0.06956],
                [0.024705, 0.0, -0.024705],
                [-0.0, 0.0, 0.0],
                [-0.024705, 0.0, 0.024705],
                [0.06956, 0.0, -0.06956]
            ]
        }
    },
    "atom_type": [
        "N",
        "N",
        "N",
        "N",
        "N",
        "N",
        "Zr",
        "Zr",
        "Zr",
        "Zr",
        "Zr",
        "Zr",
        "Zr",
        "Zr"
    ],
    "coordinate_mode": "Direct",
    "global_properties": {
        "energy": {
            "value": -139.50104
        }
    },
    "lattice_vectors": [
        [2.306768813294968, 0.0, 2.306768813294968],
        [0.0, 4.5753943088081765, 0.0],
        [-9.220645599920958, 0.0, 9.220645599920958]
    ]
}