{
    "atom_coords": [
        [0.4170923923475769, 0.6658153153048545, 0.7499999999999858],
        [0.7495743076524235, 0.0008513846951459, 0.7500000000000142],
        [0.002169024781395, 0.9928994343067075, 0.9866884586728801],
        [0.1644976752186054, 0.6737672656932929, 0.5133115413271199],
        [0.3469296904153367, 0.3333332999999996, 0.9940711265796836],
        [0.5049315409119401, 0.9928994343067572, 0.5133115413269564],
        [0.6617351590880602, 0.6737672656932432, 0.9866884586730436],
        [0.8197369095846625, 0.3333332999999996, 0.5059288734203164]
    ],
    "atom_properties": {
        "force": {
            "value": [
                [0.0, 0.027825, 0.027825],
                [-0.0, -0.027825, -0.027825],
                [-0.043011, -0.005793, 0.050724],
                [0.043011, 0.005793, -0.050724],
                [0.07253, -0.030664, 0.030664],
                [0.043011, 0.050724, -0.005793],
                [-0.043011, -0.050724, 0.005793],
                [-0.07253, 0.030664, -0.030664]
            ]
        }
    },
    "atom_type": [
        "N",
        "N",
        "Zr",
        "Zr",
        "Zr",
        "Zr",
        "Zr",
        "Zr"
    ],
    "coordinate_mode": "Direct",
    "global_properties": {
        "energy": {
            "value": -74.681575
        }
    },
    "lattice_vectors": [
        [4.703812514395514, 2.319884989643448, -2.3198849896429263],
        [2.3519062622349423, 4.621428020134544, 2.3015430404275214],
        [4.622129794141723, -2.239186491647576, 2.2391864917447712]
    ]
}