{
    "atom_coords": [
        [0.3123702633389129, 0.3123702633389129, 0.0628892099832612],
        [0.0625, 0.0625, 0.8125],
        [0.8126297366610871, 0.8126297366610871, 0.5621107900167388],
        [0.9987972454815548, 0.9987972454815548, 0.0036082635553498],
        [0.8758541070273793, 0.8758541070273793, 0.3724376789178763],
        [0.748872306234901, 0.748872306234901, 0.7533830812952971],
        [0.6260231159214484, 0.6260231159214484, 0.1219306522356547],
        [0.4989768840785516, 0.4989768840785516, 0.5030693477643453],
        [0.376127693765099, 0.376127693765099, 0.8716169187047029],
        [0.2491458929726207, 0.2491458929726207, 0.2525623210821237],
        [0.1262027545184452, 0.1262027545184452, 0.6213917364446502]
    ],
    "atom_properties": {
        "force": {
            "value": [
                [-0.013701, -0.013701, 0.013701],
                [0.0, 0.0, -0.0],
                [0.013701, 0.013701, -0.013701],
                [0.010835, 0.010835, -0.010835],
                [0.038019, 0.038019, -0.038019],
                [-0.014297, -0.014297, 0.014297],
                [-0.029854, -0.029854, 0.029854],
                [0.029854, 0.029854, -0.029854],
                [0.014297, 0.014297, -0.014297],
                [-0.038019, -0.038019, 0.038019],
                [-0.010835, -0.010835, 0.010835]
            ]
        }
    },
    "atom_type": [
        "N",
        "N",
        "N",
        "Zr",
        "Zr",
        "Zr",
        "Zr",
        "Zr",
        "Zr",
        "Zr",
        "Zr"
    ],
    "coordinate_mode": "Direct",
    "global_properties": {
        "energy": {
            "value": -103.7514
        }
    },
    "lattice_vectors": [
        [2.3141912307985053, 0.0, 2.3141912307985053],
        [0.0, 2.3141912307985053, 2.3141912307985053],
        [-11.368838276755868, -11.36883827675587, 13.683029507554373]
    ]
}