{
    "atom_coords": [
        [0.6249811108983465, 0.2499622217966859, 0.9372058312837837],
        [0.8747621187346368, 0.749524237469295, 0.8134096623370652],
        [0.3769167586900366, 0.7538335173800874, 0.5615952441658507],
        [0.6242711234471656, 0.2485422468943241, 0.4373377616487488],
        [0.8736829456650312, 0.7473658913300554, 0.3124986130355865],
        [0.008422748335235, 0.0168454966705838, 0.9953392482407111],
        [0.248162256786479, 0.4963245135729295, 0.8758805891590242],
        [0.4907119511179587, 0.9814239022357754, 0.7555353874021051],
        [0.7567485155039293, 0.5134970310079652, 0.622074726998946],
        [0.9973619171358266, 0.9947238342715963, 0.4948703150174083],
        [0.2541447436349031, 0.5082894872698702, 0.3784359377723732],
        [0.4948757193002606, 0.9897514386004644, 0.2536543481839431],
        [0.7499580907501837, 0.4999161815003603, 0.1246623347544684]
    ],
    "atom_properties": {
        "force": {
            "value": [
                [-0.022495, 0.022495, 0.007809],
                [0.012897, -0.012897, 0.050734],
                [-0.038129, 0.038129, 0.017688],
                [-0.00324, 0.00324, -0.034262],
                [0.032203, -0.032203, -0.01208],
                [-0.041488, 0.041488, 0.054685],
                [0.000407, -0.000407, -0.029335],
                [0.072229, -0.072229, 0.016977],
                [-0.03683, 0.03683, -0.00772],
                [-0.014576, 0.014576, 0.05494],
                [0.003936, -0.003936, -0.055851],
                [0.024786, -0.024786, -0.066104],
                [0.0103, -0.0103, 0.002519]
            ]
        }
    },
    "atom_type": [
        "N",
        "N",
        "N",
        "N",
        "N",
        "Zr",
        "Zr",
        "Zr",
        "Zr",
        "Zr",
        "Zr",
        "Zr",
        "Zr"
    ],
    "coordinate_mode": "Direct",
    "global_properties": {
        "energy": {
            "value": -127.99102
        }
    },
    "lattice_vectors": [
        [2.3225033511620743, 2.322503351220655, -2.11677e-11],
        [-4.637794555069628, 2.315291214083601, 2.2707443280860633],
        [4.640748174310539, -4.640748174511969, 9.099048983602568]
    ]
}