{
    "atom_coords": [
        [0.8999068439770426, 0.8999068439770426, 0.7998136879540851],
        [0.7002341585481844, 0.7002341585481844, 0.4004683170963617],
        [0.4997658414518185, 0.4997658414518185, 0.9995316829036369],
        [0.3000931560229532, 0.3000931560229532, 0.6001863120459134],
        [0.9995488174105205, 0.9995488174105205, 0.999097634821041],
        [0.797961431509286, 0.797961431509286, 0.595922863018572],
        [0.6000000000000014, 0.6000000000000014, 0.2000000000000028],
        [0.4020385684907097, 0.4020385684907097, 0.8040771369814266],
        [0.2004511825894824, 0.2004511825894824, 0.4009023651789576]
    ],
    "atom_properties": {
        "force": {
            "value": [
                [0.0, 0.0, -0.017652],
                [0.0, 0.0, -0.025212],
                [0.0, 0.0, 0.025212],
                [-0.0, 0.0, 0.017652],
                [-0.0, 0.0, 0.029502],
                [-0.0, 0.0, -0.054596],
                [-0.0, -0.0, -0.0],
                [0.0, 0.0, 0.054596],
                [0.0, 0.0, -0.029502]
            ]
        }
    },
    "atom_type": [
        "N",
        "N",
        "N",
        "N",
        "Zr",
        "Zr",
        "Zr",
        "Zr",
        "Zr"
    ],
    "coordinate_mode": "Direct",
    "global_properties": {
        "energy": {
            "value": -90.246725
        }
    },
    "lattice_vectors": [
        [2.299561162290006, -2.299561162290006, 0.0],
        [2.299561162290006, 2.299561162290006, 0.0],
        [-2.299561162290006, 0.0, 11.462815558349053]
    ]
}