{
    "atom_coords": [
        [0.6877739173759778, 0.1865462061207523, 0.4379059591272991],
        [0.5618976585647033, 0.061896548006807, 0.8143081348637864],
        [0.1874220098146466, 0.688574088108119, 0.9365818922625877],
        [0.0070194590911257, 0.9977415576629127, 0.9882195241548359],
        [0.6271868665366824, 0.6258208526233773, 0.1198054143032579],
        [0.2455028271260602, 0.2463107324377063, 0.2626836133101733],
        [0.8746044118687522, 0.8744584028931541, 0.3763327733693345],
        [0.5020628231129791, 0.502556045031298, 0.4933183087427508],
        [0.1251555573205749, 0.1271820484871782, 0.6225068368716791],
        [0.7442291242140016, 0.7507521536391266, 0.7607895979328845],
        [0.3746453449745104, 0.3756613649895755, 0.8750479450614108]
    ],
    "atom_properties": {
        "force": {
            "value": [
                [-0.067682, -0.010117, 0.067682],
                [0.046187, 0.067903, -0.046187],
                [-0.015672, -0.016759, 0.015672],
                [0.002112, 0.103496, -0.002112],
                [-0.031109, -0.09309, 0.031109],
                [-0.038346, -0.044303, 0.038346],
                [-0.004566, -0.106097, 0.004566],
                [0.081726, 0.138556, -0.081726],
                [-0.020926, 0.037887, 0.020926],
                [0.026855, -0.074125, -0.026855],
                [0.021421, -0.003351, -0.021421]
            ]
        }
    },
    "atom_type": [
        "N",
        "N",
        "N",
        "Zr",
        "Zr",
        "Zr",
        "Zr",
        "Zr",
        "Zr",
        "Zr",
        "Zr"
    ],
    "coordinate_mode": "Direct",
    "global_properties": {
        "energy": {
            "value": -103.68889
        }
    },
    "lattice_vectors": [
        [2.3127603817101448, 0.0, 2.3127603817101448],
        [2.3153410263732104, 6.855699191930489, -0.0025806446630666],
        [-4.5772938626594915, 2.265015723267254, 6.890054244369636]
    ]
}