{
    "atom_coords": [
        [0.2847875786953509, 0.784787578695358, 0.5695751573906946],
        [0.5723553213046486, 0.0723553213046415, 0.1447105426093032],
        [0.8583534121141838, 0.3583534121141838, 0.7167067242283736],
        [0.9987894878858157, 0.4987894878858157, 0.9975789757716242],
        [0.005951673152893, 0.0059516731529143, 0.011903346305786],
        [0.1397354377431697, 0.1397354377431554, 0.2794709754863334],
        [0.2896494528129097, 0.2896494528129168, 0.5792989056258193],
        [0.4285714000000027, 0.4285714000000027, 0.8571428999999995],
        [0.5674934471870898, 0.5674934471870827, 0.1349867943741785],
        [0.7174073622568287, 0.7174073622568429, 0.4348147245136715],
        [0.8511912268471065, 0.8511912268470851, 0.7023823536942118]
    ],
    "atom_properties": {
        "force": {
            "value": [
                [-0.041324, 0.0, -0.041324],
                [0.041324, -0.0, 0.041324],
                [0.070858, -0.0, 0.070858],
                [-0.070858, 0.0, -0.070858],
                [-0.042186, 0.0, -0.042186],
                [0.01373, -0.0, 0.01373],
                [0.005549, -0.0, 0.005549],
                [0.0, 0.0, -0.0],
                [-0.005549, 0.0, -0.005549],
                [-0.01373, 0.0, -0.01373],
                [0.042186, -0.0, 0.042186]
            ]
        }
    },
    "atom_type": [
        "N",
        "N",
        "N",
        "N",
        "Zr",
        "Zr",
        "Zr",
        "Zr",
        "Zr",
        "Zr",
        "Zr"
    ],
    "coordinate_mode": "Direct",
    "global_properties": {
        "energy": {
            "value": -107.53516
        }
    },
    "lattice_vectors": [
        [2.3209664858336727, 0.0, -2.3209664858336727],
        [-2.25382e-11, 4.539606379264233, -2.25382e-11],
        [6.9817417125676995, -2.2698031946637767, 9.302708198401374]
    ]
}