{
    "atom_coords": [
        [0.4967510291624251, 0.0071739488921807, 0.999323992782962],
        [0.0032489708375749, 0.7428260511078193, 0.250676007217038],
        [0.9973362108252459, 0.995753099533836, 0.0095744788156651],
        [0.25, 0.375, 0.125],
        [0.5026637891747541, 0.754246900466164, 0.2404255211843349],
        [0.7564456473128871, 0.1032854471219835, 0.383823258252221],
        [0.0011293913059447, 0.5008911400070488, 0.496850077381076],
        [0.25, 0.875, 0.625],
        [0.4988706086940553, 0.2491088599929512, 0.753149922618924],
        [0.7435543526871129, 0.6467145528780236, 0.866176741747779]
    ],
    "atom_properties": {
        "force": {
            "value": [
                [0.0, 0.008096, 0.003655],
                [-0.0, -0.008096, -0.003655],
                [0.0, 0.046405, 0.001383],
                [-0.0, -0.0, 0.0],
                [-0.0, -0.046405, -0.001383],
                [-0.0, -0.054197, 0.030582],
                [-0.0, -0.07706, -0.00177],
                [-0.0, -0.0, 0.0],
                [0.0, 0.07706, 0.00177],
                [0.0, 0.054197, -0.030582]
            ]
        }
    },
    "atom_type": [
        "N",
        "N",
        "Zr",
        "Zr",
        "Zr",
        "Zr",
        "Zr",
        "Zr",
        "Zr",
        "Zr"
    ],
    "coordinate_mode": "Direct",
    "global_properties": {
        "energy": {
            "value": -91.91181
        }
    },
    "lattice_vectors": [
        [4.553654808973394, 1.12549e-11, 2.76589e-11],
        [2.2768274094538015, 4.580342496222367, -2.2789969737186335],
        [2.276827409508256, 4.630829512165694, 6.939235831122585]
    ]
}