{
    "atom_coords": [
        [0.0029521558082308, 0.5029521558082308, 0.0059043116164617],
        [0.374236901728132, 0.374236901728132, 0.7484738034562568],
        [0.5029521558082308, 0.0029521558082308, 0.0059043116164617],
        [0.0007876538544025, 0.0007876538544025, 0.0015753077087979],
        [0.1270550847590641, 0.6270550847590641, 0.2541101695181283],
        [0.250418282767221, 0.250418282767221, 0.5008365655344349],
        [0.3757741414263691, 0.8757741414263691, 0.7515482828527382],
        [0.4948615752835508, 0.4948615752835508, 0.9897231505671371],
        [0.6270550847590641, 0.1270550847590641, 0.2541101695181283],
        [0.7431328223793585, 0.7431328223793585, 0.4862656447587455],
        [0.8757741414263691, 0.3757741414263691, 0.7515482828527382]
    ],
    "atom_properties": {
        "force": {
            "value": [
                [-0.0, -0.0, 0.053591],
                [0.0, 0.0, -0.093121],
                [-0.0, -0.0, 0.053591],
                [0.0, 0.0, -0.045484],
                [0.0, 0.0, -0.011367],
                [-0.0, -0.0, 0.049669],
                [0.0, 0.0, -0.002519],
                [-0.0, -0.0, 0.007661],
                [0.0, 0.0, -0.011367],
                [-0.0, -0.0, 0.001863],
                [0.0, 0.0, -0.002519]
            ]
        }
    },
    "atom_type": [
        "N",
        "N",
        "N",
        "Zr",
        "Zr",
        "Zr",
        "Zr",
        "Zr",
        "Zr",
        "Zr",
        "Zr"
    ],
    "coordinate_mode": "Direct",
    "global_properties": {
        "energy": {
            "value": -103.80658
        }
    },
    "lattice_vectors": [
        [4.604576721981408, 0.0, 2.29319e-11],
        [0.0, 4.604576721981408, 2.29319e-11],
        [-2.302288365969666, -2.302288365969666, 9.078884278896442]
    ]
}