{
    "atom_coords": [
        [0.4160825207603338, 0.0826196602443119, 0.8321649415206807],
        [0.2505841792396666, 0.2507136397556877, 0.501168358479319],
        [0.995248426098442, 0.0013023884863586, 0.9904968521968698],
        [0.8333332999999996, 0.1666667000000004, 0.6666667000000004],
        [0.6714182739015584, 0.3320309115136411, 0.3428364478031298],
        [0.5024754282381423, 0.4966628775815423, 0.0049508564762775],
        [0.3333332999999996, 0.6666667000000004, 0.6666667000000004],
        [0.1641912717618581, 0.8366704224184573, 0.3283824435237221]
    ],
    "atom_properties": {
        "force": {
            "value": [
                [-0.017472, 0.019581, 0.017472],
                [0.017472, -0.019581, -0.017472],
                [0.026801, 0.007272, -0.026801],
                [-0.0, -0.0, 0.0],
                [-0.026801, -0.007272, 0.026801],
                [-0.017891, -0.026868, 0.017891],
                [-0.0, -0.0, -0.0],
                [0.017891, 0.026868, -0.017891]
            ]
        }
    },
    "atom_type": [
        "N",
        "N",
        "Zr",
        "Zr",
        "Zr",
        "Zr",
        "Zr",
        "Zr"
    ],
    "coordinate_mode": "Direct",
    "global_properties": {
        "energy": {
            "value": -74.725246
        }
    },
    "lattice_vectors": [
        [2.2997228578552997, 0.0, 2.2997228578552997],
        [2.3050642563628814, 4.586887583500265, -2.3050642563628814],
        [-6.87528816094449, 2.256357479453696, 4.575565303089189]
    ]
}