{
    "atom_coords": [
        [0.0, 0.5, 0.3351115504710336],
        [0.5, 0.0, 0.5012914978018372],
        [0.0, 0.5, 0.6653752021981632],
        [0.5, 0.0, 0.8315550495289656],
        [0.0, 0.0, 0.9952007913597924],
        [0.5, 0.5, 0.1714659086402079],
        [0.0, 0.0, 0.336150686042366],
        [0.5, 0.5, 0.4930634737419837],
        [0.0, 0.0, 0.6736032262580167],
        [0.5, 0.5, 0.8305159139576332]
    ],
    "atom_properties": {
        "force": {
            "value": [
                [-0.003365, 0.0, 0.003365],
                [-0.079812, 0.0, 0.079812],
                [0.079812, 0.0, -0.079812],
                [0.003365, 0.0, -0.003365],
                [0.048608, 0.0, -0.048608],
                [-0.048608, 0.0, 0.048608],
                [-0.085482, 0.0, 0.085482],
                [-0.024118, 0.0, 0.024118],
                [0.024118, 0.0, -0.024118],
                [0.085482, 0.0, -0.085482]
            ]
        }
    },
    "atom_type": [
        "N",
        "N",
        "N",
        "N",
        "Zr",
        "Zr",
        "Zr",
        "Zr",
        "Zr",
        "Zr"
    ],
    "coordinate_mode": "Direct",
    "global_properties": {
        "energy": {
            "value": -98.752295
        }
    },
    "lattice_vectors": [
        [2.302636421291516, 0.0, 2.302636421291516],
        [0.0, 4.576866406961169, 0.0],
        [-6.933317618480268, 0.0, 6.933317618480268]
    ]
}