{
    "atom_coords": [
        [0.6006230325292492, 0.1006230325292421, 0.2012460650584984],
        [0.9993769674707522, 0.4993769674707593, 0.9987539349415044],
        [0.0051659099665144, 0.0051659099665287, 0.0103318199330218],
        [0.1990109678180545, 0.1990109678180545, 0.398021935636109],
        [0.4009890321819469, 0.4009890321819469, 0.8019780643638867],
        [0.594834090033487, 0.5948340900334728, 0.1896681800669811],
        [0.7999999999999972, 0.7999999999999972, 0.6000000000000014]
    ],
    "atom_properties": {
        "force": {
            "value": [
                [0.065562, -0.0, 0.065562],
                [-0.065562, 0.0, -0.065562],
                [0.022322, -0.0, 0.022322],
                [0.006881, -0.0, 0.006881],
                [-0.006881, 0.0, -0.006881],
                [-0.022322, 0.0, -0.022322],
                [0.0, 0.0, -0.0]
            ]
        }
    },
    "atom_type": [
        "N",
        "N",
        "Zr",
        "Zr",
        "Zr",
        "Zr",
        "Zr"
    ],
    "coordinate_mode": "Direct",
    "global_properties": {
        "energy": {
            "value": -66.297002
        }
    },
    "lattice_vectors": [
        [2.2840611105909825, 0.0, -2.2840611105909825],
        [-8.8501e-12, 4.604013597228168, -8.8501e-12],
        [4.609702697786615, -2.302006803660326, 6.893763808377598]
    ]
}