{
    "atom_coords": [
        [0.4993242928843316, 0.9986485857686631, 0.9996103464239638],
        [0.1659063989394767, 0.3318126978789522, 0.8319626682979901],
        [0.8333332999999996, 0.6666667000000004, 0.6666667000000004],
        [0.5007603010605237, 0.0015206021210474, 0.5013706317020095],
        [0.1673424071156688, 0.3346847142313365, 0.3337229535760358],
        [0.0055587832524111, 0.0111175665047725, 0.997600128427166],
        [0.6625279862670794, 0.3250558725342003, 0.8272796627780892],
        [0.3333332999999996, 0.6666667000000004, 0.6666667000000004],
        [0.004138713732921, 0.0082774274657993, 0.5060536372219104],
        [0.6611079167475893, 0.3222157334952271, 0.3357331715728336],
        [0.3333332999999996, 0.6666667000000004, 0.1666667000000004]
    ],
    "atom_properties": {
        "force": {
            "value": [
                [0.0, -0.020028, -0.009168],
                [-0.0, 0.05844, 0.024895],
                [0.0, 0.0, 0.0],
                [0.0, -0.05844, -0.024895],
                [-0.0, 0.020028, 0.009168],
                [-0.0, 0.10406, 0.048649],
                [0.0, -0.001897, -0.04709],
                [-0.0, 0.0, 0.0],
                [-0.0, 0.001897, 0.04709],
                [0.0, -0.10406, -0.048649],
                [-0.0, 0.0, 0.0]
            ]
        }
    },
    "atom_type": [
        "N",
        "N",
        "N",
        "N",
        "N",
        "Zr",
        "Zr",
        "Zr",
        "Zr",
        "Zr",
        "Zr"
    ],
    "coordinate_mode": "Direct",
    "global_properties": {
        "energy": {
            "value": -110.75944
        }
    },
    "lattice_vectors": [
        [4.627488660240982, -1.09102e-11, 1.4081e-12],
        [-2.3137443351809495, 4.596922317169596, 2.2900033133949718],
        [1.22623e-11, -4.596512345978302, 4.579279527681369]
    ]
}