{
    "atom_coords": [
        [0.7849224047815682, 0.5698448095630724, 0.6420013697957714],
        [0.500791895218434, 0.0015837904369249, 0.5008557302042291],
        [0.0020795129938662, 0.0041590259877538, 0.0034165381850002],
        [0.7114743111606003, 0.4229486223211723, 0.8647360730038542],
        [0.4176985932724193, 0.8353972865447901, 0.7108591049975175],
        [0.1428571000000005, 0.2857143000000022, 0.5714285999999973],
        [0.8680157067275829, 0.7360313134552072, 0.431997995002483],
        [0.5742399888393948, 0.148479877678831, 0.2781211269961474],
        [0.283634787006136, 0.5672695740122435, 0.1394405618150003]
    ],
    "atom_properties": {
        "force": {
            "value": [
                [-0.018511, -0.018511, 0.007805],
                [0.018511, 0.018511, -0.007805],
                [-0.022195, -0.022195, 0.005307],
                [-0.031211, -0.031211, 0.077233],
                [-0.012191, -0.012191, 0.032565],
                [0.0, -0.0, -0.0],
                [0.012191, 0.012191, -0.032565],
                [0.031211, 0.031211, -0.077233],
                [0.022195, 0.022195, -0.005307]
            ]
        }
    },
    "atom_type": [
        "N",
        "N",
        "Zr",
        "Zr",
        "Zr",
        "Zr",
        "Zr",
        "Zr",
        "Zr"
    ],
    "coordinate_mode": "Direct",
    "global_properties": {
        "energy": {
            "value": -83.277069
        }
    },
    "lattice_vectors": [
        [2.3193556761063747, -2.3193556760378926, 2.52245e-11],
        [2.3187164062880328, 4.638072072157859, -2.24600160032946],
        [2.2942914055437353, 2.294291405376793, 8.91149404808403]
    ]
}