{
    "atom_coords": [
        [0.5, 0.3755858525962807, 0.6261826171544556],
        [0.5, 0.6244141474037193, 0.3738173828455444],
        [0.5, 0.8738173828455444, 0.1244141474037193],
        [0.0, 0.0, 0.5],
        [0.5, 0.1261826171544556, 0.8755858525962807],
        [0.0, 0.0, 0.0],
        [0.5, 0.118969691002583, 0.381030308997417],
        [0.0, 0.2479236029213752, 0.7479236029213752],
        [0.5, 0.3756780704829694, 0.1243219295170306],
        [0.0, 0.5, 0.5],
        [0.5, 0.6243219295170306, 0.8756780704829694],
        [0.0, 0.7520763970786248, 0.2520763970786248],
        [0.5, 0.881030308997417, 0.618969691002583]
    ],
    "atom_properties": {
        "force": {
            "value": [
                [-0.012189, 0.012189, -0.001924],
                [0.012189, -0.012189, 0.001924],
                [-0.012189, 0.012189, 0.001924],
                [0.0, 0.0, 0.0],
                [0.012189, -0.012189, -0.001924],
                [0.0, 0.0, 0.0],
                [0.048414, -0.048414, 0.0],
                [0.0, 0.0, 0.035452],
                [0.011038, -0.011038, 0.0],
                [0.0, 0.0, 0.0],
                [-0.011038, 0.011038, 0.0],
                [0.0, 0.0, -0.035452],
                [-0.048414, 0.048414, 0.0]
            ]
        }
    },
    "atom_type": [
        "N",
        "N",
        "N",
        "N",
        "N",
        "Zr",
        "Zr",
        "Zr",
        "Zr",
        "Zr",
        "Zr",
        "Zr",
        "Zr"
    ],
    "coordinate_mode": "Direct",
    "global_properties": {
        "energy": {
            "value": -127.83532
        }
    },
    "lattice_vectors": [
        [2.3157415548677487, 2.3157415548677487, 0.0],
        [-4.621713471978852, 4.621713471978852, 4.546479836361347],
        [4.621713471978852, -4.621713471978852, 4.546479836361347]
    ]
}