{
    "atom_coords": [
        [0.2516842889620179, 0.8799899167976548, 0.8108032274447439],
        [0.2500484465340804, 0.3749403213172329, 0.0631318294364647],
        [0.7499515534659196, 0.1250596786827671, 0.1868681705635353],
        [0.7483157110379821, 0.6200100832023452, 0.4391967725552561],
        [0.0062467308440972, 0.020239442122822, 0.9985889887623784],
        [0.5, 0.75, 0.125],
        [0.9937532691559028, 0.479760557877178, 0.2514110112376216],
        [0.515895188837284, 0.2703637912155301, 0.3690783834208844],
        [0.984779625155717, 0.9737189114060598, 0.4923442193921801],
        [0.5, 0.75, 0.625],
        [0.015220374844283, 0.5262810885939402, 0.7576557806078199],
        [0.484104811162716, 0.2296362087844699, 0.8809216165791156]
    ],
    "atom_properties": {
        "force": {
            "value": [
                [-0.004584, -0.004565, 0.015358],
                [0.04543, 0.006288, -0.004234],
                [-0.04543, -0.006288, 0.004234],
                [0.004584, 0.004565, -0.015358],
                [-0.050138, 0.04337, -0.000392],
                [0.0, -0.0, -0.0],
                [0.050138, -0.04337, 0.000392],
                [0.003896, 0.001775, -0.033798],
                [0.004959, -0.026884, -0.034639],
                [0.0, -0.0, -0.0],
                [-0.004959, 0.026884, 0.034639],
                [-0.003896, -0.001775, 0.033798]
            ]
        }
    },
    "atom_type": [
        "N",
        "N",
        "N",
        "N",
        "Zr",
        "Zr",
        "Zr",
        "Zr",
        "Zr",
        "Zr",
        "Zr",
        "Zr"
    ],
    "coordinate_mode": "Direct",
    "global_properties": {
        "energy": {
            "value": -116.14327
        }
    },
    "lattice_vectors": [
        [2.3063950736757093, 2.383667895972051, -4.549115724543682],
        [-2.2867184458285945, 4.746963463717882, 2.274331505042614],
        [4.556411722907989, 0.0056007890603136, 4.5226627986662065]
    ]
}