{
    "atom_coords": [
        [0.1873242487748925, 0.1873242487748925, 0.4380272536753296],
        [0.0624181585414405, 0.0624181585414405, 0.8127455243756998],
        [0.9375818414585666, 0.9375818414585666, 0.1872544756243073],
        [0.8126757512251075, 0.8126757512251075, 0.5619727463246704],
        [0.0, 0.0, 0.0],
        [0.8745564237441954, 0.8745564237441954, 0.3763307287674138],
        [0.7489302463426881, 0.7489302463426881, 0.7532092609719356],
        [0.6240879695580048, 0.6240879695580048, 0.1277360913259855],
        [0.5, 0.5, 0.5],
        [0.3759120304419952, 0.3759120304419952, 0.8722639086740145],
        [0.2510697536573119, 0.2510697536573119, 0.2467907390280644],
        [0.1254435762558046, 0.1254435762558046, 0.6236692712325862]
    ],
    "atom_properties": {
        "force": {
            "value": [
                [-0.015877, -0.015877, 0.015877],
                [0.000129, 0.000129, -0.000129],
                [-0.000129, -0.000129, 0.000129],
                [0.015877, 0.015877, -0.015877],
                [0.0, 0.0, 0.0],
                [-0.045653, -0.045653, 0.045653],
                [-0.016907, -0.016907, 0.016907],
                [0.002727, 0.002727, -0.002727],
                [0.0, 0.0, 0.0],
                [-0.002727, -0.002727, 0.002727],
                [0.016907, 0.016907, -0.016907],
                [0.045653, 0.045653, -0.045653]
            ]
        }
    },
    "atom_type": [
        "N",
        "N",
        "N",
        "N",
        "Zr",
        "Zr",
        "Zr",
        "Zr",
        "Zr",
        "Zr",
        "Zr",
        "Zr"
    ],
    "coordinate_mode": "Direct",
    "global_properties": {
        "energy": {
            "value": -115.49102
        }
    },
    "lattice_vectors": [
        [2.300653363882799, 0.0, 2.300653363882799],
        [0.0, 2.300653363882799, 2.300653363882799],
        [-11.510770577047156, -11.510770577047158, 13.811423940929954]
    ]
}