{
    "atom_coords": [
        [0.4375193708984355, 0.4375193708984355, 0.6874418873047006],
        [0.3122854067858682, 0.3122854067858682, 0.0631437796423882],
        [0.0627338558271191, 0.0627338558271191, 0.8117984325186498],
        [0.9376669213100328, 0.9376669213100328, 0.1869992360699015],
        [0.8123402860271369, 0.8123402860271369, 0.562979141918575],
        [0.9996446760386277, 0.9996446760386277, 0.0010659718841239],
        [0.8751431938245133, 0.8751431938245133, 0.3745704185264458],
        [0.7491962165518729, 0.7491962165518729, 0.7524113503443886],
        [0.6251085428302687, 0.6251085428302687, 0.1246743715091796],
        [0.4994700293863374, 0.4994700293863374, 0.5015899118409948],
        [0.3755823929587478, 0.3755823929587478, 0.8732528211237636],
        [0.2499907877874534, 0.2499907877874534, 0.2500276366376326],
        [0.1258183197735789, 0.1258183197735789, 0.6225450406792703]
    ],
    "atom_properties": {
        "force": {
            "value": [
                [0.009229, 0.009229, -0.009229],
                [-0.057386, -0.057386, 0.057386],
                [0.051725, 0.051725, -0.051725],
                [0.044755, 0.044755, -0.044755],
                [-0.026305, -0.026305, 0.026305],
                [-0.049875, -0.049875, 0.049875],
                [0.02457, 0.02457, -0.02457],
                [0.050964, 0.050964, -0.050964],
                [-0.0001, -0.0001, 0.0001],
                [-0.041553, -0.041553, 0.041553],
                [0.020591, 0.020591, -0.020591],
                [0.002885, 0.002885, -0.002885],
                [-0.029498, -0.029498, 0.029498]
            ]
        }
    },
    "atom_type": [
        "N",
        "N",
        "N",
        "N",
        "N",
        "Zr",
        "Zr",
        "Zr",
        "Zr",
        "Zr",
        "Zr",
        "Zr",
        "Zr"
    ],
    "coordinate_mode": "Direct",
    "global_properties": {
        "energy": {
            "value": -127.44706
        }
    },
    "lattice_vectors": [
        [2.293383837268438, 0.0, 2.293383837268438],
        [0.0, 2.293383837268438, 2.293383837268438],
        [-11.494394237521108, -11.494394237521108, 13.787778074789546]
    ]
}