{
    "atom_coords": [
        [0.9972034052484133, 0.2552317667525017, 0.7503614227506858],
        [0.5, 0.0, 0.0],
        [0.0027965947515867, 0.7447682332474983, 0.2496385772493142],
        [0.0, 0.0, 0.0],
        [0.2478572905728242, 0.3723451006804623, 0.1319403181738821],
        [0.5035629101428185, 0.7542966562132705, 0.2385775235010783],
        [0.7602957099976706, 0.1027859867962562, 0.3766225932084026],
        [0.0, 0.5, 0.5],
        [0.2397042900023294, 0.8972140132037438, 0.6233774067915974],
        [0.4964370898571886, 0.2457033437867295, 0.7614224764989217],
        [0.7521427094271758, 0.6276548993195377, 0.8680596818261179]
    ],
    "atom_properties": {
        "force": {
            "value": [
                [0.0, 0.100191, -0.024093],
                [0.0, -0.0, 0.0],
                [-0.0, -0.100191, 0.024093],
                [0.0, -0.0, 0.0],
                [0.0, 0.009481, 0.028397],
                [-0.0, -0.084593, 0.057865],
                [-0.0, -0.002529, 0.026477],
                [0.0, -0.0, 0.0],
                [0.0, 0.002529, -0.026477],
                [0.0, 0.084593, -0.057865],
                [-0.0, -0.009481, -0.028397]
            ]
        }
    },
    "atom_type": [
        "N",
        "N",
        "N",
        "Zr",
        "Zr",
        "Zr",
        "Zr",
        "Zr",
        "Zr",
        "Zr",
        "Zr"
    ],
    "coordinate_mode": "Direct",
    "global_properties": {
        "energy": {
            "value": -103.95174
        }
    },
    "lattice_vectors": [
        [4.556581946743169, -4.2996e-12, 3.4217e-12],
        [2.2782909783381946, 4.575956605091214, -2.3073930951543677],
        [2.2782909783449945, 4.582325041593132, 6.934670560152295]
    ]
}