{
    "atom_coords": [
        [0.0, 0.5010062183695112, 0.0006775303312452],
        [0.5, 0.6254578542162648, 0.3745421457837352],
        [0.5, 0.8750000457385809, 0.1249999542614191],
        [0.0, 0.9993224696687548, 0.4989937816304888],
        [0.5, 0.1234938233244165, 0.8765061766755835],
        [0.0, 0.0011666005770508, 0.9988333994229492],
        [0.5, 0.1189041030534241, 0.3789396126116173],
        [0.0, 0.2440763442783904, 0.7559236557216096],
        [0.5, 0.3813625679049153, 0.1191458252543782],
        [0.0, 0.5039268946526221, 0.4960731053473779],
        [0.5, 0.6210603873883827, 0.8810958969465759],
        [0.0, 0.7493685160820505, 0.2506314839179495],
        [0.5, 0.8808541747456218, 0.6186374320950847]
    ],
    "atom_properties": {
        "force": {
            "value": [
                [-0.023415, 0.023415, -0.048996],
                [-0.022329, 0.022329, 0.0],
                [-0.016754, 0.016754, 0.0],
                [-0.023415, 0.023415, 0.048996],
                [0.067025, -0.067025, 0.0],
                [0.003036, -0.003036, 0.0],
                [0.0384, -0.0384, 0.061877],
                [0.070583, -0.070583, 0.0],
                [-0.031375, 0.031375, 0.018619],
                [-0.057223, 0.057223, 0.0],
                [0.0384, -0.0384, -0.061877],
                [-0.011556, 0.011556, 0.0],
                [-0.031375, 0.031375, -0.018619]
            ]
        }
    },
    "atom_type": [
        "N",
        "N",
        "N",
        "N",
        "N",
        "Zr",
        "Zr",
        "Zr",
        "Zr",
        "Zr",
        "Zr",
        "Zr",
        "Zr"
    ],
    "coordinate_mode": "Direct",
    "global_properties": {
        "energy": {
            "value": -127.71931
        }
    },
    "lattice_vectors": [
        [2.312177424814758, 2.312177424814758, 0.0],
        [-4.624785183470038, 4.624785183470038, 4.575893604601223],
        [4.624785183470038, -4.624785183470038, 4.575893604601223]
    ]
}