{
    "atom_coords": [
        [0.5, 0.5, 0.3336536372352796],
        [0.0, 0.0, 0.5],
        [0.5, 0.5, 0.6663463627647204],
        [0.0, 0.0, 0.0],
        [0.5, 0.5, 0.1626179835610131],
        [0.0, 0.0, 0.3328908414008183],
        [0.5, 0.5, 0.5],
        [0.0, 0.0, 0.6671091585991817],
        [0.5, 0.5, 0.8373820164389869]
    ],
    "atom_properties": {
        "force": {
            "value": [
                [-0.0, 0.0, 0.08648],
                [0.0, -0.0, -0.0],
                [0.0, 0.0, -0.08648],
                [0.0, -0.0, -0.0],
                [-0.0, -0.0, 0.067268],
                [0.0, -0.0, 0.023146],
                [0.0, -0.0, -0.0],
                [0.0, -0.0, -0.023146],
                [0.0, 0.0, -0.067268]
            ]
        }
    },
    "atom_type": [
        "N",
        "N",
        "N",
        "Zr",
        "Zr",
        "Zr",
        "Zr",
        "Zr",
        "Zr"
    ],
    "coordinate_mode": "Direct",
    "global_properties": {
        "energy": {
            "value": -86.628557
        }
    },
    "lattice_vectors": [
        [2.2965783769377093, 2.2965783769377093, 0.0],
        [2.2965783769377093, -2.2965783769377093, 0.0],
        [0.0, 0.0, -13.694773741146369]
    ]
}