{
    "atom_coords": [
        [0.3580490346966556, 0.7160979693932816, 0.9278698016671569],
        [0.4990938653033439, 0.9981877306067162, 0.5007015983328458],
        [0.9928191310633778, 0.9856382621268835, 0.9978522114302848],
        [0.7230274512427712, 0.4460549024853862, 0.8609918391044005],
        [0.4285714000000027, 0.8571428999999995, 0.7142856999999978],
        [0.1341153487572271, 0.2682307975146188, 0.5675796608955963],
        [0.8643237689366217, 0.7286474378731143, 0.4307191885697179],
        [0.5746092692526545, 0.1492184385052227, 0.2873030341261611],
        [0.2825336307473449, 0.5650672614947752, 0.1412683658738416]
    ],
    "atom_properties": {
        "force": {
            "value": [
                [0.003636, 0.003636, 0.02962],
                [-0.003636, -0.003636, -0.02962],
                [-0.018931, -0.018931, 0.021519],
                [0.045573, 0.045573, -0.024304],
                [-0.0, 0.0, 0.0],
                [-0.045573, -0.045573, 0.024304],
                [0.018931, 0.018931, -0.021519],
                [0.043068, 0.043068, -0.070336],
                [-0.043068, -0.043068, 0.070336]
            ]
        }
    },
    "atom_type": [
        "N",
        "N",
        "Zr",
        "Zr",
        "Zr",
        "Zr",
        "Zr",
        "Zr",
        "Zr"
    ],
    "coordinate_mode": "Direct",
    "global_properties": {
        "energy": {
            "value": -83.377934
        }
    },
    "lattice_vectors": [
        [2.3054838048812445, -2.305483804888388, 3.4023e-12],
        [2.278086777992666, 4.583570572828873, -2.288876923746593],
        [2.302108726989499, 2.302108726983692, 9.199213548021028]
    ]
}