{
    "atom_coords": [
        [0.0707580848436393, 0.6435650031671543, 0.7853965256796869],
        [0.6435650031671543, 0.7853965256796869, 0.0707580848436393],
        [0.2146034743203131, 0.9292419151563607, 0.3564349968328457],
        [0.7853965256796869, 0.0707580848436393, 0.6435650031671543],
        [0.3564349968328457, 0.2146034743203131, 0.9292419151563607],
        [0.9292419151563607, 0.3564349968328457, 0.2146034743203131],
        [0.0, 0.0, 0.0],
        [0.5727424610591001, 0.1326427094423579, 0.2797734779162724],
        [0.1326427094423579, 0.2797734779162724, 0.5727424610591001],
        [0.7202265220837276, 0.4272575389408999, 0.8673572905576421],
        [0.2797734779162724, 0.5727424610591001, 0.1326427094423579],
        [0.8673572905576421, 0.7202265220837276, 0.4272575389408999],
        [0.4272575389408999, 0.8673572905576421, 0.7202265220837276]
    ],
    "atom_properties": {
        "force": {
            "value": [
                [-0.008907, -0.002214, 0.052392],
                [0.052392, -0.008907, -0.002214],
                [0.002214, -0.052392, 0.008907],
                [-0.002214, 0.052392, -0.008907],
                [-0.052392, 0.008907, 0.002214],
                [0.008907, 0.002214, -0.052392],
                [0.0, -0.0, -0.0],
                [0.063951, 0.04328, -0.031212],
                [-0.031212, 0.063951, 0.04328],
                [-0.04328, 0.031212, -0.063951],
                [0.04328, -0.031212, 0.063951],
                [0.031212, -0.063951, -0.04328],
                [-0.063951, -0.04328, 0.031212]
            ]
        }
    },
    "atom_type": [
        "N",
        "N",
        "N",
        "N",
        "N",
        "N",
        "Zr",
        "Zr",
        "Zr",
        "Zr",
        "Zr",
        "Zr",
        "Zr"
    ],
    "coordinate_mode": "Direct",
    "global_properties": {
        "energy": {
            "value": -131.2232
        }
    },
    "lattice_vectors": [
        [2.3057450595637072, -4.604545137921041, -2.3011150790207244],
        [-4.604545137921041, -2.3011150790207244, 2.3057450595637072],
        [-2.3011150790207244, 2.3057450595637072, -4.604545137921041]
    ]
}