{
    "atom_coords": [
        [0.8759593633444425, 0.8759593633444425, 0.2519187266888849],
        [0.2488960756726897, 0.7488960756726897, 0.9977921513453722],
        [0.625, 0.625, 0.75],
        [0.0011039243273103, 0.5011039243273103, 0.5022078486546278],
        [0.3740406366555575, 0.3740406366555575, 0.2480812733111151],
        [0.009150525191238, 0.9875360771131909, 0.0073739942359126],
        [0.3818200610964695, 0.8560683845174211, 0.7500000000000071],
        [0.7517765309553326, 0.7301620828772784, 0.4926260057640945],
        [0.125, 0.625, 0.25],
        [0.4982234690446674, 0.5198379171227216, 0.0073739942359055],
        [0.8681799389035305, 0.3939316154825789, 0.7499999999999929],
        [0.240849474808762, 0.2624639228868091, 0.4926260057640874],
        [0.625, 0.125, 0.25]
    ],
    "atom_properties": {
        "force": {
            "value": [
                [0.0, 0.008539, -0.008539],
                [0.0, 0.016638, -0.016638],
                [-0.0, -0.0, -0.0],
                [-0.0, -0.016638, 0.016638],
                [-0.0, -0.008539, 0.008539],
                [0.006691, 0.027333, 0.039621],
                [-0.011589, 0.050616, 0.050616],
                [0.006691, 0.039621, 0.027333],
                [-0.0, -0.0, -0.0],
                [-0.006691, -0.039621, -0.027333],
                [0.011589, -0.050616, -0.050616],
                [-0.006691, -0.027333, -0.039621],
                [-0.0, -0.0, -0.0]
            ]
        }
    },
    "atom_type": [
        "N",
        "N",
        "N",
        "N",
        "N",
        "Zr",
        "Zr",
        "Zr",
        "Zr",
        "Zr",
        "Zr",
        "Zr",
        "Zr"
    ],
    "coordinate_mode": "Direct",
    "global_properties": {
        "energy": {
            "value": -128.04258
        }
    },
    "lattice_vectors": [
        [4.685970253743255, 2.2727172860889704, 2.2727172861108635],
        [-4.691802616605203, 2.2791564658069845, 2.279156465828844],
        [0.0029161814244514, -6.877779552478708, 2.325905810539221]
    ]
}