{
    "atom_coords": [
        [0.625, 0.25, 0.9375],
        [0.3747807880751139, 0.7495615761502421, 0.5622946515329588],
        [0.875219211924886, 0.7504384238497579, 0.3127053484670412],
        [0.0080472392557382, 0.0160944785114907, 0.9961344391292144],
        [0.2419527607442618, 0.4839055214885093, 0.8788655608707856],
        [0.5000293207134021, 5.86414267971e-05, 0.7504535649882911],
        [0.7569401167486376, 0.5138802334973107, 0.6241644422005876],
        [0.9911572877404851, 0.9823145754808422, 0.5005644496719697],
        [0.2588427122595149, 0.5176854245191578, 0.3744355503280303],
        [0.4930598832513624, 0.9861197665026893, 0.2508355577994124],
        [0.7499706792865979, 0.4999413585731958, 0.1245464350117089]
    ],
    "atom_properties": {
        "force": {
            "value": [
                [-0.0, 0.0, 0.0],
                [0.023626, -0.023626, 0.004168],
                [-0.023626, 0.023626, -0.004168],
                [-0.001883, 0.001883, -0.008774],
                [0.001883, -0.001883, 0.008774],
                [-0.014268, 0.014268, -0.010555],
                [0.004251, -0.004251, 0.062137],
                [-0.000115, 0.000115, 0.162204],
                [0.000115, -0.000115, -0.162204],
                [-0.004251, 0.004251, -0.062137],
                [0.014268, -0.014268, 0.010555]
            ]
        }
    },
    "atom_type": [
        "N",
        "N",
        "N",
        "Zr",
        "Zr",
        "Zr",
        "Zr",
        "Zr",
        "Zr",
        "Zr",
        "Zr"
    ],
    "coordinate_mode": "Direct",
    "global_properties": {
        "energy": {
            "value": -103.9686
        }
    },
    "lattice_vectors": [
        [2.329184113750954, 2.32918411373527, -3.26239e-11],
        [-4.594597181676339, 2.2654130780437987, 2.251349625440199],
        [4.630029899715521, -4.630029899813141, 9.17252954767739]
    ]
}