{
    "atom_coords": [
        [0.5, 0.0, 0.5],
        [0.0, 0.0, 0.0],
        [0.5, 0.1250869099515697, 0.7501738199031465],
        [0.0, 0.2450946953738651, 0.4999999999999858],
        [0.5, 0.3730102040328447, 0.246020408065732],
        [0.0, 0.5, 0.0],
        [0.5, 0.6269897959671553, 0.753979591934268],
        [0.0, 0.7549053046261349, 0.5000000000000142],
        [0.5, 0.8749130900484303, 0.2498261800968535]
    ],
    "atom_properties": {
        "force": {
            "value": [
                [0.0, 0.0, 0.0],
                [0.0, 0.0, 0.0],
                [0.0, -0.0, 0.006077],
                [0.10197, -0.10197, 0.0],
                [-0.0, 0.0, -0.215559],
                [0.0, 0.0, 0.0],
                [0.0, -0.0, 0.215559],
                [-0.10197, 0.10197, -0.0],
                [-0.0, 0.0, -0.006077]
            ]
        }
    },
    "atom_type": [
        "N",
        "Zr",
        "Zr",
        "Zr",
        "Zr",
        "Zr",
        "Zr",
        "Zr",
        "Zr"
    ],
    "coordinate_mode": "Direct",
    "global_properties": {
        "energy": {
            "value": -79.77193
        }
    },
    "lattice_vectors": [
        [2.2878992488178933, 2.2878992488178933, 0.0],
        [-4.554336481699999, 4.554336481699999, -5.0835e-12],
        [2.2771682458256484, -2.2771682458256484, 9.173672828636233]
    ]
}