{
    "atom_coords": [
        [0.0, 0.75, 0.25],
        [0.9995210271833699, 0.9984689511180278, 0.0024889945152324],
        [0.2430370133004018, 0.3910383390262666, 0.1228876343729226],
        [0.5, 0.75, 0.25],
        [0.7569629866995982, 0.1089616609737334, 0.3771123656270774],
        [0.0004789728166301, 0.5015310488819722, 0.4975110054847676],
        [0.2428902491195259, 0.879448646447635, 0.6347708553133131],
        [0.5, 0.25, 0.75],
        [0.757109750880474, 0.620551353552365, 0.8652291446866869]
    ],
    "atom_properties": {
        "force": {
            "value": [
                [-0.0, 0.0, -0.0],
                [0.0, 0.076691, -0.017012],
                [0.0, 0.004552, -0.041758],
                [-0.0, 0.0, -0.0],
                [-0.0, -0.004552, 0.041758],
                [-0.0, -0.076691, 0.017012],
                [0.0, 0.039113, 0.046575],
                [0.0, -0.0, -0.0],
                [-0.0, -0.039113, -0.046575]
            ]
        }
    },
    "atom_type": [
        "N",
        "Zr",
        "Zr",
        "Zr",
        "Zr",
        "Zr",
        "Zr",
        "Zr",
        "Zr"
    ],
    "coordinate_mode": "Direct",
    "global_properties": {
        "energy": {
            "value": -79.949685
        }
    },
    "lattice_vectors": [
        [4.534137638835073, 2.25321e-11, 7.8233e-12],
        [2.2670688243845385, 4.600041824590374, -2.269889343645168],
        [2.267068824400438, 4.614831092137068, 6.838738895683261]
    ]
}