{
    "atom_coords": [
        [0.9283971784946488, 0.9283971784946488, 0.8567944569893058],
        [0.7858885215053562, 0.7858885215053562, 0.571777043010691],
        [0.5009821440908695, 0.5009821440908695, 0.001964288181739],
        [0.3571428999999995, 0.3571428999999995, 0.7142856999999978],
        [0.2133035559091283, 0.2133035559091283, 0.4266071118182637],
        [0.9988507285111297, 0.9988507285111297, 0.9977014570222593],
        [0.8571428999999995, 0.8571428999999995, 0.7142856999999978],
        [0.7154349714888681, 0.7154349714888681, 0.4308699429777434],
        [0.5726507728482133, 0.5726507728482133, 0.1453014456964254],
        [0.4294858945233884, 0.4294858945233884, 0.8589718890467779],
        [0.2847998054766165, 0.2847998054766165, 0.5695996109532189],
        [0.1416349271517845, 0.1416349271517845, 0.2832699543035773]
    ],
    "atom_properties": {
        "force": {
            "value": [
                [-0.0, -0.0, -0.023219],
                [0.0, 0.0, 0.023219],
                [-0.0, -0.0, 0.074374],
                [0.0, -0.0, 0.0],
                [0.0, -0.0, -0.074374],
                [-0.0, -0.0, -0.104057],
                [0.0, 0.0, 0.0],
                [0.0, -0.0, 0.104057],
                [-0.0, -0.0, 0.078669],
                [0.0, -0.0, 0.131576],
                [-0.0, -0.0, -0.131576],
                [0.0, -0.0, -0.078669]
            ]
        }
    },
    "atom_type": [
        "N",
        "N",
        "N",
        "N",
        "N",
        "Zr",
        "Zr",
        "Zr",
        "Zr",
        "Zr",
        "Zr",
        "Zr"
    ],
    "coordinate_mode": "Direct",
    "global_properties": {
        "energy": {
            "value": -118.98085
        }
    },
    "lattice_vectors": [
        [2.298438581086573, -2.298438581086573, 0.0],
        [2.298438581086573, 2.298438581086573, 0.0],
        [-2.298438581086573, 0.0, 16.04017405378343]
    ]
}