{
    "atom_coords": [
        [0.0006580884806482, 0.7503771318466832, 0.2483066911920133],
        [0.3328443572829158, 0.2527394306253967, 0.0815717548087775],
        [0.6666667000000004, 0.75, 0.9166667000000004],
        [0.0004889427170838, 0.2472605693746033, 0.7517615451912221],
        [0.3326752115193514, 0.7496228681533168, 0.5850266088079863],
        [0.9969600717052742, 0.0023709831708913, 0.0037088734186099],
        [0.3363732282947254, 0.4976290168291087, 0.8296244265813897],
        [0.667110583326405, 0.997559836907719, 0.6682190964394579],
        [0.9908375769001623, 0.515163959062555, 0.5031608871372981],
        [0.3424957230998373, 0.984836040937445, 0.3301724128627015],
        [0.6662228166735957, 0.502440163092281, 0.1651143035605429]
    ],
    "atom_properties": {
        "force": {
            "value": [
                [-0.077589, -0.077589, 0.012846],
                [-0.013862, -0.013862, -0.023331],
                [-0.0, 0.0, -0.0],
                [0.013862, 0.013862, 0.023331],
                [0.077589, 0.077589, -0.012846],
                [0.010025, 0.010025, 0.024575],
                [-0.010025, -0.010025, -0.024575],
                [0.036549, 0.036549, -0.018041],
                [0.085791, 0.085791, 0.00279],
                [-0.085791, -0.085791, -0.00279],
                [-0.036549, -0.036549, 0.018041]
            ]
        }
    },
    "atom_type": [
        "N",
        "N",
        "N",
        "N",
        "N",
        "Zr",
        "Zr",
        "Zr",
        "Zr",
        "Zr",
        "Zr"
    ],
    "coordinate_mode": "Direct",
    "global_properties": {
        "energy": {
            "value": -110.70558
        }
    },
    "lattice_vectors": [
        [2.3065480430480676, -2.3065480430875276, -1.52284e-11],
        [4.604688927524353, 2.2981408945695074, -2.2802125238093316],
        [4.625602734938474, 2.319054702044673, 6.9032376377535885]
    ]
}