{
    "atom_coords": [
        [0.4375066991047376, 0.4375066991047376, 0.6874799026858014],
        [0.1873657893637244, 0.1873657893637244, 0.4379026319088268],
        [0.0626342106362756, 0.0626342106362756, 0.8120973680911732],
        [0.8124933008952624, 0.8124933008952624, 0.5625200973141986],
        [0.9996067529067716, 0.9996067529067716, 0.0011797412796852],
        [0.8747564739312281, 0.8747564739312281, 0.3757305782063156],
        [0.7494837940489987, 0.7494837940489987, 0.751548617853004],
        [0.625, 0.625, 0.125],
        [0.5005162059510013, 0.5005162059510013, 0.498451382146996],
        [0.3752435260687719, 0.3752435260687719, 0.8742694217936915],
        [0.2503932470932284, 0.2503932470932284, 0.2488202587203148],
        [0.125, 0.125, 0.625]
    ],
    "atom_properties": {
        "force": {
            "value": [
                [-0.013234, -0.013234, 0.013234],
                [0.017956, 0.017956, -0.017956],
                [-0.017956, -0.017956, 0.017956],
                [0.013234, 0.013234, -0.013234],
                [-0.080925, -0.080925, 0.080925],
                [-0.009096, -0.009096, 0.009096],
                [-0.003687, -0.003687, 0.003687],
                [0.0, -0.0, -0.0],
                [0.003687, 0.003687, -0.003687],
                [0.009096, 0.009096, -0.009096],
                [0.080925, 0.080925, -0.080925],
                [0.0, -0.0, -0.0]
            ]
        }
    },
    "atom_type": [
        "N",
        "N",
        "N",
        "N",
        "Zr",
        "Zr",
        "Zr",
        "Zr",
        "Zr",
        "Zr",
        "Zr",
        "Zr"
    ],
    "coordinate_mode": "Direct",
    "global_properties": {
        "energy": {
            "value": -115.4347
        }
    },
    "lattice_vectors": [
        [2.29281219671145, 0.0, 2.29281219671145],
        [0.0, 2.29281219671145, 2.29281219671145],
        [-11.469175187366595, -11.469175187366595, 13.761987384078045]
    ]
}