{
    "atom_coords": [
        [0.6664269793194961, 0.7521828878458905, 0.9149632535150758],
        [0.3335730206805039, 0.7478171121541095, 0.5850367464849242],
        [0.0047110355232149, 0.9882953700201327, 0.0022825589334445],
        [0.3242146847129632, 0.5174672089952708, 0.8341033215787874],
        [0.6757853152870368, 0.9825327910047292, 0.6658966784212126],
        [0.995288964476785, 0.5117046299798673, 0.4977174410665555],
        [0.3297179571669773, 0.0064286856129812, 0.3341353000530063],
        [0.6702820428330227, 0.4935713143870188, 0.1658646999469937]
    ],
    "atom_properties": {
        "force": {
            "value": [
                [0.040508, 0.040508, -0.024899],
                [-0.040508, -0.040508, 0.024899],
                [0.03839, 0.03839, 0.136924],
                [-0.032854, -0.032854, 0.070247],
                [0.032854, 0.032854, -0.070247],
                [-0.03839, -0.03839, -0.136924],
                [0.1006, 0.1006, -0.042822],
                [-0.1006, -0.1006, 0.042822]
            ]
        }
    },
    "atom_type": [
        "N",
        "N",
        "Zr",
        "Zr",
        "Zr",
        "Zr",
        "Zr",
        "Zr"
    ],
    "coordinate_mode": "Direct",
    "global_properties": {
        "energy": {
            "value": -74.814256
        }
    },
    "lattice_vectors": [
        [2.3009769198150978, -2.3009769197796675, -2.47117e-11],
        [4.560040157138712, 2.2590632473077505, -2.2898979578908425],
        [4.593996854433862, 2.2930199447019777, 6.9714749310827555]
    ]
}