{
    "atom_coords": [
        [0.0, 0.0, 0.4980901943719829],
        [0.5, 0.5, 0.6685765056280175],
        [0.0, 0.0, 0.000568670414367],
        [0.5, 0.5, 0.1660980295856334],
        [0.0, 0.0, 0.3298277817805655],
        [0.5, 0.5, 0.5031375320000677],
        [0.0, 0.0, 0.6635291679999327],
        [0.5, 0.5, 0.8368388182194337]
    ],
    "atom_properties": {
        "force": {
            "value": [
                [0.0, 0.0, 0.109286],
                [-0.0, -0.0, -0.109286],
                [0.0, 0.0, -0.087332],
                [-0.0, -0.0, 0.087332],
                [-0.0, 0.0, 0.185041],
                [-0.0, -0.0, -0.031601],
                [0.0, 0.0, 0.031601],
                [0.0, -0.0, -0.185041]
            ]
        }
    },
    "atom_type": [
        "N",
        "N",
        "Zr",
        "Zr",
        "Zr",
        "Zr",
        "Zr",
        "Zr"
    ],
    "coordinate_mode": "Direct",
    "global_properties": {
        "energy": {
            "value": -74.851649
        }
    },
    "lattice_vectors": [
        [2.2929802233615564, 2.2929802233615564, 0.0],
        [2.2929802233615564, -2.2929802233615564, 0.0],
        [0.0, 0.0, -13.550387142133792]
    ]
}