{
  "atom_coords" : [
    [ 0.000000000000, -2.290761446887, 0.000000000000 ],
    [ -2.290761446887, 0.000000000000, 0.000000000000 ],
    [ 0.000000000000, 0.000000000000, 0.000000000000 ],
    [ 0.000000000000, -2.290761446887, -2.290761446887 ],
    [ -2.290761446887, 0.000000000000, -2.290761446887 ],
    [ -2.290761446887, -2.290761446887, -4.581522893774 ],
    [ -2.290761446887, -2.290761446887, 0.000000000000 ],
    [ -2.290761446887, -4.581522893774, -2.290761446887 ],
    [ -4.581522893774, -2.290761446887, -2.290761446887 ]
  ],
  "atom_type" : [ "N", "N", "Zr", "Zr", "Zr", "Zr", "Zr", "Zr", "Zr" ],
  "coordinate_mode" : "Cartesian",
  "lattice_vectors" : [
    [ 2.290761446887, -4.581522893774, -2.290761446887 ],
    [ -4.581522893774, -2.290761446887, 2.290761446887 ],
    [ -2.290761446887, 2.290761446887, -4.581522893774 ]
  ],
  "mol_coords" : [
    [ 0.000000000000, -2.290761446887, 0.000000000000 ],
    [ -2.290761446887, 0.000000000000, 0.000000000000 ],
    [ 0.000000000000, 0.000000000000, 0.000000000000 ],
    [ 0.000000000000, -2.290761446887, -2.290761446887 ],
    [ -2.290761446887, 0.000000000000, -2.290761446887 ],
    [ -2.290761446887, -2.290761446887, -4.581522893774 ],
    [ -2.290761446887, -2.290761446887, 0.000000000000 ],
    [ -2.290761446887, -4.581522893774, -2.290761446887 ],
    [ -4.581522893774, -2.290761446887, -2.290761446887 ]
  ],
  "mol_type" : [ "N", "N", "Zr", "Zr", "Zr", "Zr", "Zr", "Zr", "Zr" ]
}