{
    "atom_coords": [
        [0.332366086594952, 0.2523372475908943, 0.0829304792192218],
        [0.6679880245051137, 0.7472742034134185, 0.9167498475763196],
        [0.9986786754948866, 0.2527257965865815, 0.7499168524236808],
        [0.3343005134050472, 0.7476627524091057, 0.5837361207807774],
        [0.996307308568646, 0.0108681570920197, 0.9965172257707948],
        [0.3333332999999996, 0.5, 0.8333332999999996],
        [0.6703593914313544, 0.9891318429079803, 0.6701494742292056],
        [0.9912991343381989, 0.5110504647385241, 0.5063512665852983],
        [0.3333332999999996, 0.0, 0.3333332999999996],
        [0.6753675656618015, 0.4889495352614759, 0.1603154334147021]
    ],
    "atom_properties": {
        "force": {
            "value": [
                [-0.00815, -0.00815, 0.024603],
                [0.007273, 0.007273, 0.087363],
                [-0.007273, -0.007273, -0.087363],
                [0.00815, 0.00815, -0.024603],
                [-0.025773, -0.025773, -0.058892],
                [0.0, 0.0, 0.0],
                [0.025773, 0.025773, 0.058892],
                [0.071808, 0.071808, 0.049965],
                [0.0, 0.0, 0.0],
                [-0.071808, -0.071808, -0.049965]
            ]
        }
    },
    "atom_type": [
        "N",
        "N",
        "N",
        "N",
        "Zr",
        "Zr",
        "Zr",
        "Zr",
        "Zr",
        "Zr"
    ],
    "coordinate_mode": "Direct",
    "global_properties": {
        "energy": {
            "value": -98.708014
        }
    },
    "lattice_vectors": [
        [2.3143988878740283, -2.3143988879101562, 7.7409e-12],
        [4.614759371470988, 2.3003604937441415, -2.303969815658075],
        [4.604166664822888, 2.2897677870651068, 6.880149195840493]
    ]
}