{
    "atom_coords": [
        [0.0, 0.5, 0.499150382250626],
        [0.5, 0.0, 0.750849617749374],
        [0.0, 0.0, 0.9914456758000085],
        [0.5, 0.5, 0.2585543241999915],
        [0.0, 0.0, 0.5121472111990713],
        [0.5, 0.5, 0.7378527888009287]
    ],
    "atom_properties": {
        "force": {
            "value": [
                [0.08695, 0.0, -0.08695],
                [-0.08695, 0.0, 0.08695],
                [0.041311, 0.0, -0.041311],
                [-0.041311, 0.0, 0.041311],
                [-0.017956, 0.0, 0.017956],
                [0.017956, 0.0, -0.017956]
            ]
        }
    },
    "atom_type": [
        "N",
        "N",
        "Zr",
        "Zr",
        "Zr",
        "Zr"
    ],
    "coordinate_mode": "Direct",
    "global_properties": {
        "energy": {
            "value": -57.889782
        }
    },
    "lattice_vectors": [
        [2.306243781433362, 0.0, 2.306243781433362],
        [0.0, 4.600724760682129, 0.0],
        [-4.586248120233842, 0.0, 4.586248120233842]
    ]
}