{
    "atom_coords": [
        [0.5708183072234689, 0.1416365144469438, 0.2121021410268398],
        [0.1428571000000005, 0.2857143000000022, 0.9285714000000027],
        [0.7148959927765262, 0.4297919855530594, 0.6450406589731585],
        [0.0061529873701431, 0.0123059747402863, 0.0108405227586061],
        [0.5759479523828688, 0.1518958047657577, 0.7203734664561878],
        [0.1428571000000005, 0.2857143000000022, 0.4285714000000027],
        [0.7097663476171263, 0.4195326952342455, 0.1367693335438105],
        [0.2795613126298591, 0.559122625259711, 0.8463023772413933],
        [0.8567107908325866, 0.713421481665172, 0.5677112923665177],
        [0.4290035091674156, 0.8580071183348252, 0.2894316076334817]
    ],
    "atom_properties": {
        "force": {
            "value": [
                [0.034121, -0.0864, 0.034121],
                [-0.0, 0.0, -0.0],
                [-0.034121, 0.0864, -0.034121],
                [0.028235, -0.084432, 0.028235],
                [-0.019582, -0.080882, -0.019582],
                [-0.0, 0.0, -0.0],
                [0.019582, 0.080882, 0.019582],
                [-0.028235, 0.084432, -0.028235],
                [-0.052697, 0.125783, -0.052697],
                [0.052697, -0.125783, 0.052697]
            ]
        }
    },
    "atom_type": [
        "N",
        "N",
        "N",
        "Zr",
        "Zr",
        "Zr",
        "Zr",
        "Zr",
        "Zr",
        "Zr"
    ],
    "coordinate_mode": "Direct",
    "global_properties": {
        "energy": {
            "value": -95.229643
        }
    },
    "lattice_vectors": [
        [2.3144498401893356, 0.0, -2.3144498401893356],
        [-0.0183703305077695, 6.859175213628599, 2.296079509681565],
        [4.598604782911528, -4.587077738030402, 4.598604782911528]
    ]
}