{
    "atom_coords": [
        [0.5, 0.8723914830218789, 0.1235316742542167],
        [0.5, 0.1227755784289357, 0.8751768714638644],
        [0.0, 0.1245931453605564, 0.3755081650924907],
        [0.0, 0.002843979571459, 0.9969103705809772],
        [0.5, 0.0042875182243591, 0.496117339400385],
        [0.5, 0.2336878227273544, 0.2579299239560413],
        [0.0, 0.2515642998285728, 0.7600318686339662],
        [0.0, 0.5022498153991961, 0.5063738485165672],
        [0.5, 0.4996946985964428, 0.9983279201404116],
        [0.5, 0.751044477162047, 0.7434242908136923],
        [0.0, 0.7598671816791978, 0.2416677271473873]
    ],
    "atom_properties": {
        "force": {
            "value": [
                [0.010419, 0.060085, -0.010419],
                [-0.003743, -0.043853, 0.003743],
                [-0.015731, -0.007695, 0.015731],
                [-0.013631, 0.017651, 0.013631],
                [0.001272, -0.001387, -0.001272],
                [-0.011807, 0.048048, 0.011807],
                [0.031396, -0.020284, -0.031396],
                [0.021385, 0.001069, -0.021385],
                [0.000349, -0.010207, -0.000349],
                [-0.022406, -0.00785, 0.022406],
                [0.002496, -0.035577, -0.002496]
            ]
        }
    },
    "atom_type": [
        "N",
        "N",
        "N",
        "Zr",
        "Zr",
        "Zr",
        "Zr",
        "Zr",
        "Zr",
        "Zr",
        "Zr"
    ],
    "coordinate_mode": "Direct",
    "global_properties": {
        "energy": {
            "value": -103.71686
        }
    },
    "lattice_vectors": [
        [2.3287324779567817, 0.0, 2.3287324779567817],
        [2.314780579718788, 4.499557113432446, -2.314780579718788],
        [-6.967107974827215, 4.522112442983165, 6.967107974827215]
    ]
}