{
    "atom_coords": [
        [0.0, 0.6252432200170261, 0.7481332508963163],
        [0.5, 0.7487979516632706, 0.500202284546269],
        [0.0, 0.875, 0.25],
        [0.5, 0.0012020483367294, 0.999797715453731],
        [0.0, 0.1247567799829739, 0.7518667491036837],
        [0.0, 0.9887695667091236, 0.997919842044773],
        [0.5, 0.112092838793366, 0.7527923198936719],
        [0.0, 0.2488625973756626, 0.5071200967818044],
        [0.5, 0.375, 0.25],
        [0.0, 0.5011374026243374, 0.9928799032181956],
        [0.5, 0.637907161206634, 0.7472076801063281],
        [0.0, 0.7612304332908764, 0.502080157955227],
        [0.5, 0.875, 0.25]
    ],
    "atom_properties": {
        "force": {
            "value": [
                [0.0, -0.002723, -0.031797],
                [0.0, 0.007084, -0.028157],
                [0.0, -0.0, -0.0],
                [0.0, -0.007084, 0.028157],
                [0.0, 0.002723, 0.031797],
                [0.0, -0.003359, 0.018107],
                [0.0, 0.002731, 0.029309],
                [0.0, 0.00507, 0.0106],
                [0.0, -0.0, -0.0],
                [0.0, -0.00507, -0.0106],
                [0.0, -0.002731, -0.029309],
                [0.0, 0.003359, -0.018107],
                [0.0, -0.0, -0.0]
            ]
        }
    },
    "atom_type": [
        "N",
        "N",
        "N",
        "N",
        "N",
        "Zr",
        "Zr",
        "Zr",
        "Zr",
        "Zr",
        "Zr",
        "Zr",
        "Zr"
    ],
    "coordinate_mode": "Direct",
    "global_properties": {
        "energy": {
            "value": -127.96068
        }
    },
    "lattice_vectors": [
        [4.593105509328832, 0.0, 0.0],
        [0.0, 4.579019042513694, -4.64481956800578],
        [0.0, 2.2814630784810133, 6.959444069618857]
    ]
}