{
    "atom_coords": [
        [0.3127501346973887, 0.4374068609405128, 0.6255002693947773],
        [0.5618255470231048, 0.1889149083555921, 0.1236510940462026],
        [0.8130252889933445, 0.9354840680963861, 0.626050577986689],
        [0.9374838608386469, 0.3117054720953618, 0.8749677216773009],
        [0.0032260944363642, 0.0169674223569629, 0.0064521888727285],
        [0.1233200167116451, 0.3713837399363626, 0.246640033423283],
        [0.2515330725227614, 0.7514073959283891, 0.5030661450455227],
        [0.3729112276100324, 0.132583471846246, 0.7458224552200647],
        [0.4993422099317186, 0.487412284580941, 0.9986844198634444],
        [0.6250763610103931, 0.8764953076500461, 0.2501527220207791],
        [0.7526435975293992, 0.2479105058521185, 0.5052871950587843],
        [0.8718625886952083, 0.6173285623610667, 0.7437251773904165]
    ],
    "atom_properties": {
        "force": {
            "value": [
                [-0.060314, 0.035997, -0.060314],
                [0.055271, -0.021585, 0.055271],
                [0.020548, -0.070782, 0.020548],
                [-0.023863, 0.091202, -0.023863],
                [0.026414, 0.033421, 0.026414],
                [0.021886, -0.015431, 0.021886],
                [0.016536, -0.033839, 0.016536],
                [-0.010322, -0.045585, -0.010322],
                [-0.027727, 0.091058, -0.027727],
                [0.015099, -0.029461, 0.015099],
                [-0.036646, -0.087048, -0.036646],
                [0.003117, 0.052054, 0.003117]
            ]
        }
    },
    "atom_type": [
        "N",
        "N",
        "N",
        "N",
        "Zr",
        "Zr",
        "Zr",
        "Zr",
        "Zr",
        "Zr",
        "Zr",
        "Zr"
    ],
    "coordinate_mode": "Direct",
    "global_properties": {
        "energy": {
            "value": -115.84219
        }
    },
    "lattice_vectors": [
        [2.311246153886931, 0.0, -2.311246153886931],
        [2.291113145931092, 4.609839226115803, 2.291113145931092],
        [4.5687213552211565, -6.911361804796383, 6.87996750910809]
    ]
}