{
    "atom_coords": [
        [0.3128320951020527, 0.438960563556158, 0.6256641902041054],
        [0.4373003463649709, 0.8119784518992645, 0.8746006927299419],
        [0.5625301797961697, 0.1845678199449736, 0.1250603595923323],
        [0.6874698202038303, 0.5654321800550264, 0.3749396404076677],
        [0.812699653635029, 0.9380215481007355, 0.6253993072700581],
        [0.9371679048979473, 0.311039436443842, 0.8743358097958946],
        [0.0005722309939244, 0.0090190455164816, 0.001144461987856],
        [0.125, 0.375, 0.25],
        [0.2494277690060756, 0.7409809544835184, 0.498855538012144],
        [0.3754535957577474, 0.1226009026414303, 0.7509071915154806],
        [0.497900301371665, 0.4921942644500561, 0.9958006027433228],
        [0.625, 0.875, 0.25],
        [0.752099698628335, 0.2578057355499439, 0.5041993972566772],
        [0.8745464042422526, 0.6273990973585697, 0.7490928084845194]
    ],
    "atom_properties": {
        "force": {
            "value": [
                [0.041454, -0.024142, 0.041454],
                [0.015374, -0.042066, 0.015374],
                [-0.022905, -0.020659, -0.022905],
                [0.022905, 0.020659, 0.022905],
                [-0.015374, 0.042066, -0.015374],
                [-0.041454, 0.024142, -0.041454],
                [0.006677, 0.016472, 0.006677],
                [0.0, 0.0, -0.0],
                [-0.006677, -0.016472, -0.006677],
                [-0.0044, -0.060315, -0.0044],
                [-0.070907, 0.0135, -0.070907],
                [0.0, 0.0, -0.0],
                [0.070907, -0.0135, 0.070907],
                [0.0044, 0.060315, 0.0044]
            ]
        }
    },
    "atom_type": [
        "N",
        "N",
        "N",
        "N",
        "N",
        "N",
        "Zr",
        "Zr",
        "Zr",
        "Zr",
        "Zr",
        "Zr",
        "Zr",
        "Zr"
    ],
    "coordinate_mode": "Direct",
    "global_properties": {
        "energy": {
            "value": -139.63232
        }
    },
    "lattice_vectors": [
        [2.307966649905558, 0.0, -2.307966649905558],
        [2.2952040332568733, 4.568170995587395, 2.2952040332568733],
        [4.620584707235209, -6.8888578978208965, 6.928551357140768]
    ]
}