{
    "atom_coords": [
        [0.5, 0.5, 2.66757269713e-05],
        [0.5, 0.5, 0.2499733242730287],
        [0.5, 0.5, 0.5007534311379516],
        [0.0, 0.0, 0.625],
        [0.5, 0.5, 0.7492465688620484],
        [0.0, 0.0, 0.0001638386979153],
        [0.5, 0.5, 0.125],
        [0.0, 0.0, 0.2498361613020847],
        [0.5, 0.5, 0.374220545584393],
        [0.0, 0.0, 0.4996718251051391],
        [0.5, 0.5, 0.625],
        [0.0, 0.0, 0.7503281748948609],
        [0.5, 0.5, 0.875779454415607]
    ],
    "atom_properties": {
        "force": {
            "value": [
                [0.0, 0.0, -0.002941],
                [-0.0, -0.0, 0.002941],
                [0.0, 0.0, -0.122489],
                [-0.0, -0.0, 0.0],
                [-0.0, -0.0, 0.122489],
                [-0.0, -0.0, -0.066247],
                [0.0, -0.0, 0.0],
                [-0.0, -0.0, 0.066247],
                [-0.0, -0.0, 0.10982],
                [0.0, 0.0, 0.142422],
                [0.0, -0.0, 0.0],
                [-0.0, -0.0, -0.142422],
                [-0.0, 0.0, -0.10982]
            ]
        }
    },
    "atom_type": [
        "N",
        "N",
        "N",
        "N",
        "N",
        "Zr",
        "Zr",
        "Zr",
        "Zr",
        "Zr",
        "Zr",
        "Zr",
        "Zr"
    ],
    "coordinate_mode": "Direct",
    "global_properties": {
        "energy": {
            "value": -127.49092
        }
    },
    "lattice_vectors": [
        [2.294203957741362, 2.294203957741362, 0.0],
        [2.294203957741362, -2.294203957741362, 0.0],
        [0.0, 0.0, -18.29896117230589]
    ]
}