{
    "atom_coords": [
        [0.0609869297955328, 0.5642137768896944, 0.31381236351924],
        [0.3128243375198494, 0.8111886684497307, 0.5631626565105776],
        [0.5642603937293487, 0.0599092690093741, 0.8115699435319215],
        [0.1878351607542044, 0.6886900317483295, 0.9356396467432546],
        [0.0030562591053425, 0.0006900844594284, 0.9931973973298867],
        [0.6258536396983061, 0.6217154407077246, 0.1265772798956633],
        [0.2507120118334711, 0.2481258901152117, 0.2504500862178531],
        [0.875342796815616, 0.8704720829027295, 0.3788423234660314],
        [0.5009771301133981, 0.5085539478909098, 0.4894917918823012],
        [0.1244129347224145, 0.119470007853387, 0.6317041227017981],
        [0.7439939242344238, 0.7587889633947071, 0.7532231881364382],
        [0.3747444816780927, 0.3731818365787802, 0.8773292000650343]
    ],
    "atom_properties": {
        "force": {
            "value": [
                [0.062909, -0.019457, -0.062909],
                [-0.064817, 0.009759, 0.064817],
                [0.003225, 0.053574, -0.003225],
                [0.005751, -0.015113, -0.005751],
                [0.004812, -0.012642, -0.004812],
                [0.017471, -0.036291, -0.017471],
                [-0.015429, -0.1044, 0.015429],
                [-0.031318, 0.075608, 0.031318],
                [0.051511, 0.004499, -0.051511],
                [-0.000536, 0.083199, 0.000536],
                [-0.026824, -0.086884, 0.026824],
                [-0.006757, 0.048147, 0.006757]
            ]
        }
    },
    "atom_type": [
        "N",
        "N",
        "N",
        "N",
        "Zr",
        "Zr",
        "Zr",
        "Zr",
        "Zr",
        "Zr",
        "Zr",
        "Zr"
    ],
    "coordinate_mode": "Direct",
    "global_properties": {
        "energy": {
            "value": -115.82073
        }
    },
    "lattice_vectors": [
        [2.3145385034235137, 0.0, 2.3145385034235137],
        [2.2982653153353256, 6.857143696746174, 0.0162731880881876],
        [-4.588211078709517, 2.299172666706522, 6.9027495821330325]
    ]
}