{
    "atom_coords": [
        [0.5, 0.7505292925828826, 0.0010585851657652],
        [0.5, 0.9994707074171174, 0.4989414148342348],
        [0.0, 0.9942868146337389, 0.0014408216450192],
        [0.5, 0.1228695433119782, 0.7457390866239564],
        [0.0, 0.2428459929887197, 0.4985591783549808],
        [0.5, 0.375, 0.25],
        [0.0, 0.5071540070112803, 0.0014408216450192],
        [0.5, 0.6271304566880218, 0.7542609133760436],
        [0.0, 0.7557131853662611, 0.4985591783549808],
        [0.5, 0.875, 0.25]
    ],
    "atom_properties": {
        "force": {
            "value": [
                [0.0, -0.0, 0.015097],
                [-0.0, 0.0, -0.015097],
                [0.026293, -0.026293, 0.015695],
                [-0.0, 0.0, -0.11666],
                [0.026293, -0.026293, -0.015695],
                [0.0, -0.0, 0.0],
                [-0.026293, 0.026293, 0.015695],
                [0.0, -0.0, 0.11666],
                [-0.026293, 0.026293, -0.015695],
                [0.0, -0.0, 0.0]
            ]
        }
    },
    "atom_type": [
        "N",
        "N",
        "Zr",
        "Zr",
        "Zr",
        "Zr",
        "Zr",
        "Zr",
        "Zr",
        "Zr"
    ],
    "coordinate_mode": "Direct",
    "global_properties": {
        "energy": {
            "value": -91.794118
        }
    },
    "lattice_vectors": [
        [2.277231302026837, 2.277231302026837, 0.0],
        [-4.5412983090826105, 4.5412983090826105, -7.75161e-11],
        [2.2706491595756977, -2.2706491595756977, 9.308185136330566]
    ]
}