{
    "atom_coords": [
        [0.875, 0.875, 0.75],
        [0.2533426559531762, 0.7533426559531762, 0.5066853119063595],
        [0.375, 0.375, 0.75],
        [0.4966573440468238, 0.9966573440468238, 0.9933146880936405],
        [0.9988508153506288, 0.9988508153506288, 0.9977016307012434],
        [0.1320893212474274, 0.6320893212474274, 0.2641786424948336],
        [0.2511491846493712, 0.2511491846493712, 0.5022983692987566],
        [0.375, 0.875, 0.75],
        [0.4988508153506288, 0.4988508153506288, 0.9977016307012434],
        [0.6179106787525726, 0.1179106787525726, 0.2358213575051664],
        [0.7511491846493712, 0.7511491846493712, 0.5022983692987566],
        [0.875, 0.375, 0.75]
    ],
    "atom_properties": {
        "force": {
            "value": [
                [0.0, -0.0, -0.0],
                [0.0, 0.0, -0.029075],
                [-0.0, 0.0, -0.0],
                [-0.0, -0.0, 0.029075],
                [0.0, 0.0, -0.034912],
                [-0.0, -0.0, 0.020466],
                [-0.0, -0.0, 0.034912],
                [-0.0, 0.0, -0.0],
                [0.0, 0.0, -0.034912],
                [0.0, 0.0, -0.020466],
                [-0.0, -0.0, 0.034912],
                [0.0, 0.0, -0.0]
            ]
        }
    },
    "atom_type": [
        "N",
        "N",
        "N",
        "N",
        "Zr",
        "Zr",
        "Zr",
        "Zr",
        "Zr",
        "Zr",
        "Zr",
        "Zr"
    ],
    "coordinate_mode": "Direct",
    "global_properties": {
        "energy": {
            "value": -115.64589
        }
    },
    "lattice_vectors": [
        [4.5530367600716986, 0.0, -6.56955e-11],
        [0.0, 4.5530367600716986, -6.56955e-11],
        [-2.2765183851362076, -2.2765183851362076, 9.404257917178272]
    ]
}