{
    "atom_coords": [
        [0.9998475316202899, 0.2522555161762909, 0.748049420583186],
        [0.3334857683797097, 0.7477444838237091, 0.5852838794168136],
        [0.997143166893089, 0.9998394336877752, 0.0058742325260113],
        [0.3432993895955079, 0.4854900842757814, 0.8279110365332869],
        [0.6666667000000004, 0.0, 0.6666667000000004],
        [0.9900339104044917, 0.5145099157242257, 0.5054222634667127],
        [0.3361901331069106, 0.0001605663122248, 0.3274590674739883],
        [0.6666667000000004, 0.5, 0.1666667000000004]
    ],
    "atom_properties": {
        "force": {
            "value": [
                [-0.092769, -0.092769, 0.00586],
                [0.092769, 0.092769, -0.00586],
                [-0.030713, -0.030713, 0.134316],
                [-0.040743, -0.040743, 0.136231],
                [-0.0, 0.0, -0.0],
                [0.040743, 0.040743, -0.136231],
                [0.030713, 0.030713, -0.134316],
                [-0.0, 0.0, -0.0]
            ]
        }
    },
    "atom_type": [
        "N",
        "N",
        "Zr",
        "Zr",
        "Zr",
        "Zr",
        "Zr",
        "Zr"
    ],
    "coordinate_mode": "Direct",
    "global_properties": {
        "energy": {
            "value": -74.773889
        }
    },
    "lattice_vectors": [
        [2.305737575899237, -2.30573757592317, -7.3574e-12],
        [4.599072130824764, 2.293334565007619, -2.259015831568023],
        [4.608658091057413, 2.3029205252681555, 6.806606711792425]
    ]
}