{
    "atom_coords": [
        [0.6666667000000004, 0.3333332999999996, 0.4166667000000004],
        [0.0, 0.0, 0.9996769477664245],
        [0.3333332999999996, 0.6666667000000004, 0.8336563522335751],
        [0.6666667000000004, 0.3333332999999996, 0.6701191957709938],
        [0.0, 0.0, 0.4972945521756529],
        [0.3333332999999996, 0.6666667000000004, 0.3360387478243467],
        [0.6666667000000004, 0.3333332999999996, 0.163214204229007]
    ],
    "atom_properties": {
        "force": {
            "value": [
                [-0.0, -0.0, -0.0],
                [-0.015248, -0.015248, -0.015248],
                [0.015248, 0.015248, 0.015248],
                [0.060933, 0.060933, 0.060933],
                [-0.047202, -0.047202, -0.047202],
                [0.047202, 0.047202, 0.047202],
                [-0.060933, -0.060933, -0.060933]
            ]
        }
    },
    "atom_type": [
        "N",
        "Zr",
        "Zr",
        "Zr",
        "Zr",
        "Zr",
        "Zr"
    ],
    "coordinate_mode": "Direct",
    "global_properties": {
        "energy": {
            "value": -62.809352
        }
    },
    "lattice_vectors": [
        [2.2940968415720198, 0.0, -2.2940968415720198],
        [-2.2940968415720198, 2.2940968415720198, 0.0],
        [9.087985231918132, 9.087985231918132, 9.087985231918132]
    ]
}