{
    "atom_coords": [
        [0.875, 0.75, 0.3125],
        [0.001713598123672, 0.0034271962473653, 0.9956670634715437],
        [0.2492017844393146, 0.4984035688786221, 0.8739519094365278],
        [0.5007982155606854, 0.0015964311213779, 0.7510480905634722],
        [0.748286401876328, 0.4965728037526347, 0.6293329365284563],
        [0.0022009050001941, 0.0044018100004024, 0.5020750889225951],
        [0.2561432702514281, 0.5122865405029415, 0.3743960661248735],
        [0.4938567297485719, 0.9877134594970585, 0.2506039338751265],
        [0.7477990949998059, 0.4955981899995976, 0.1229249110774049]
    ],
    "atom_properties": {
        "force": {
            "value": [
                [0.0, -0.0, 0.0],
                [-0.047141, 0.047141, -0.062343],
                [0.004084, -0.004084, 0.00629],
                [-0.004084, 0.004084, -0.00629],
                [0.047141, -0.047141, 0.062343],
                [-0.037708, 0.037708, 0.053985],
                [-0.10568, 0.10568, 0.051815],
                [0.10568, -0.10568, -0.051815],
                [0.037708, -0.037708, -0.053985]
            ]
        }
    },
    "atom_type": [
        "N",
        "Zr",
        "Zr",
        "Zr",
        "Zr",
        "Zr",
        "Zr",
        "Zr",
        "Zr"
    ],
    "coordinate_mode": "Direct",
    "global_properties": {
        "energy": {
            "value": -79.791265
        }
    },
    "lattice_vectors": [
        [2.288265268210629, 2.288265268179896, -1.73557e-11],
        [-4.561454416977015, 2.273189158706903, 2.272106775526673],
        [4.5735898339471746, -4.573589833955111, 9.139460715027605]
    ]
}