{
    "atom_coords": [
        [0.2496874289809483, 0.749687428980927, 0.999374857961854],
        [0.6251521469830195, 0.6251521469830053, 0.7503042939660034],
        [0.9998478530169805, 0.4998478530169947, 0.4996957060339966],
        [0.3753125710190517, 0.375312571019073, 0.250625142038146],
        [0.0127205473953822, 0.9887764871236087, 0.0006907645398044],
        [0.3833952069809783, 0.8570496262101415, 0.7514296416201276],
        [0.7569655653608507, 0.7306199845900281, 0.498570358379915],
        [0.1370297828555564, 0.6130857225838042, 0.2493092354601956],
        [0.4879702171444436, 0.5119142774161958, 0.0006907645398044],
        [0.8680344346391493, 0.3943800154099719, 0.751429641620085],
        [0.2416047930190217, 0.2679503737898585, 0.4985703583798724],
        [0.6122794526046178, 0.1362235128763913, 0.2493092354601956]
    ],
    "atom_properties": {
        "force": {
            "value": [
                [-0.0, 0.030349, -0.030349],
                [-0.0, 0.024039, -0.024039],
                [0.0, -0.024039, 0.024039],
                [0.0, -0.030349, 0.030349],
                [0.016143, 0.018106, -0.003325],
                [0.024932, -0.006624, 0.00081],
                [0.024932, 0.00081, -0.006624],
                [0.016143, -0.003325, 0.018106],
                [-0.016143, 0.003325, -0.018106],
                [-0.024932, -0.00081, 0.006624],
                [-0.024932, 0.006624, -0.00081],
                [-0.016143, -0.018106, 0.003325]
            ]
        }
    },
    "atom_type": [
        "N",
        "N",
        "N",
        "N",
        "Zr",
        "Zr",
        "Zr",
        "Zr",
        "Zr",
        "Zr",
        "Zr",
        "Zr"
    ],
    "coordinate_mode": "Direct",
    "global_properties": {
        "energy": {
            "value": -116.18802
        }
    },
    "lattice_vectors": [
        [4.781173837830367, 2.259145598658648, 2.2591455986557443],
        [-4.772868160737886, 2.253342279484825, 2.2533422794826055],
        [-0.0041528385378803, -6.836417585871245, 2.3239297175733036]
    ]
}