{
    "atom_coords": [
        [0.0, 0.7495012654989921, 0.7492293908657288],
        [0.0, 0.9992293908657288, 0.4995012654989921],
        [0.5, 0.1234708040720562, 0.8734708040720562],
        [0.0, 0.0011166497507418, 0.9914586336380964],
        [0.5, 0.1229692827091071, 0.3799871592097972],
        [0.0, 0.2414586336380964, 0.7511166497507418],
        [0.5, 0.3794583706460557, 0.1294583706460557],
        [0.0, 0.4991385837239264, 0.497859222326106],
        [0.5, 0.6299871592097972, 0.8729692827091071],
        [0.0, 0.747859222326106, 0.2491385837239264],
        [0.5, 0.8808106375593994, 0.6308106375593994]
    ],
    "atom_properties": {
        "force": {
            "value": [
                [-0.004171, 0.004171, -0.084697],
                [0.004171, -0.004171, -0.084697],
                [0.0, 0.0, 0.13512],
                [-0.023006, 0.023006, 0.050903],
                [0.081065, -0.081065, 0.002792],
                [0.023006, -0.023006, 0.050903],
                [0.0, 0.0, 0.14644],
                [-0.024651, 0.024651, -0.045306],
                [-0.081065, 0.081065, 0.002792],
                [0.024651, -0.024651, -0.045306],
                [0.0, 0.0, -0.128943]
            ]
        }
    },
    "atom_type": [
        "N",
        "N",
        "N",
        "Zr",
        "Zr",
        "Zr",
        "Zr",
        "Zr",
        "Zr",
        "Zr",
        "Zr"
    ],
    "coordinate_mode": "Direct",
    "global_properties": {
        "energy": {
            "value": -103.58158
        }
    },
    "lattice_vectors": [
        [2.297820657090386, 2.297820657090386, 0.0],
        [-4.5957083351111505, 4.5957083351111505, 4.587481733779551],
        [4.5957083351111505, -4.5957083351111505, 4.587481733779551]
    ]
}