{
    "atom_coords": [
        [0.8999999999999986, 0.3999999999999986, 0.7999999999999972],
        [0.9916138689202683, 0.0155619660676578, 0.0012102960919265],
        [0.1928241650122047, 0.1987897039080764, 0.4155619660676564],
        [0.3999999999999986, 0.3999999999999986, 0.7999999999999972],
        [0.6071758349877996, 0.6012102960919279, 0.184438033932345],
        [0.8083861310797289, 0.7844380339323394, 0.598789703908075]
    ],
    "atom_properties": {
        "force": {
            "value": [
                [0.0, 0.0, -0.0],
                [0.0, -0.005287, 0.058773],
                [-0.0, -0.058773, -0.005287],
                [-0.0, 0.0, -0.0],
                [0.0, 0.058773, 0.005287],
                [-0.0, 0.005287, -0.058773]
            ]
        }
    },
    "atom_type": [
        "N",
        "Zr",
        "Zr",
        "Zr",
        "Zr",
        "Zr"
    ],
    "coordinate_mode": "Direct",
    "global_properties": {
        "energy": {
            "value": -54.456308
        }
    },
    "lattice_vectors": [
        [4.475524319708412, 2.54141e-11, 7.62422e-11],
        [2.2377621648024406, 4.642575053347455, 2.3212875299947884],
        [2.237762164802441, -2.32128752994396, 4.642575053372869]
    ]
}