{
    "atom_coords": [
        [0.5, 0.0, 0.5008939187008963],
        [0.5, 0.0, 0.8324393812991033],
        [0.0, 0.0, 0.9951533575588343],
        [0.5, 0.5, 0.1666667000000004],
        [0.0, 0.0, 0.3381799424411653],
        [0.5, 0.5, 0.4964048081603778],
        [0.0, 0.0, 0.6666667000000004],
        [0.5, 0.5, 0.8369284918396218]
    ],
    "atom_properties": {
        "force": {
            "value": [
                [-0.013149, 0.0, 0.013149],
                [0.013149, 0.0, -0.013149],
                [0.018566, 0.0, -0.018566],
                [0.0, 0.0, -0.0],
                [-0.018566, 0.0, 0.018566],
                [0.027409, 0.0, -0.027409],
                [0.0, 0.0, -0.0],
                [-0.027409, 0.0, 0.027409]
            ]
        }
    },
    "atom_type": [
        "N",
        "N",
        "Zr",
        "Zr",
        "Zr",
        "Zr",
        "Zr",
        "Zr"
    ],
    "coordinate_mode": "Direct",
    "global_properties": {
        "energy": {
            "value": -74.817746
        }
    },
    "lattice_vectors": [
        [2.291635634117332, 0.0, 2.291635634117332],
        [0.0, 4.557424401400357, 0.0],
        [-6.8745043926451315, 0.0, 6.8745043926451315]
    ]
}