{
    "atom_coords": [
        [0.7484680816951439, 0.8782078262229902, 0.624856010386722],
        [0.2500754516160555, 0.6229163779659288, 0.8769327188019389],
        [0.5001309289192122, 0.9996528501632014, 8.52919984169e-05],
        [0.7502629699351644, 0.3747758233542555, 0.1246982367754157],
        [0.0022376941293203, 0.7467909120043501, 0.2487336997370235],
        [0.9942982816888488, 0.9976442056608548, 0.0137592309614689],
        [0.2506338539752733, 0.3840094970818271, 0.1147227949675766],
        [0.5107349975978934, 0.7396688219361351, 0.2388611828681633],
        [0.7567850458382281, 0.1088960532074381, 0.3775338551161838],
        [0.9910717447360184, 0.5208706603395754, 0.496985850188274],
        [0.2493348328632692, 0.8662430255903502, 0.6350873086831115],
        [0.5036827403972879, 0.2424343169259089, 0.7502002022795864],
        [0.7422833766082775, 0.6428896295471844, 0.8725436172361114]
    ],
    "atom_properties": {
        "force": {
            "value": [
                [0.0, 0.02784, -0.004531],
                [0.0, 0.040407, 0.001176],
                [-0.0, -0.012506, -0.01358],
                [-0.0, -0.027158, -0.003531],
                [-0.0, -0.013409, -0.005442],
                [-0.0, -0.00399, 0.008937],
                [-0.0, -0.006973, -0.002262],
                [-0.0, -0.028586, -0.0002],
                [-0.0, -0.025955, 0.020943],
                [0.0, 0.006748, 0.009865],
                [0.0, 0.001345, 0.024043],
                [0.0, 0.02367, -0.006885],
                [0.0, 0.018567, -0.028533]
            ]
        }
    },
    "atom_type": [
        "N",
        "N",
        "N",
        "N",
        "N",
        "Zr",
        "Zr",
        "Zr",
        "Zr",
        "Zr",
        "Zr",
        "Zr",
        "Zr"
    ],
    "coordinate_mode": "Direct",
    "global_properties": {
        "energy": {
            "value": -128.07716
        }
    },
    "lattice_vectors": [
        [4.580946932846031, 5.1306e-11, 1.40623e-11],
        [2.290473471466162, 4.621602580582134, -2.2982998983167313],
        [2.2904734714939825, 4.64769259457609, 6.947183975260034]
    ]
}