{
    "atom_coords": [
        [0.3123291685302192, 0.3123291685302192, 0.0630124944093495],
        [0.0625639373129374, 0.0625639373129374, 0.8123081880611807],
        [0.9376746781859566, 0.9376746781859566, 0.1869759654421301],
        [0.8125476587464107, 0.8125476587464107, 0.5623570237607751],
        [0.9994989081539529, 0.9994989081539529, 0.0015032755381483],
        [0.8752147262129739, 0.8752147262129739, 0.3743558213610783],
        [0.7487891831427973, 0.7487891831427973, 0.753632450571601],
        [0.6251255952332997, 0.6251255952332997, 0.1246232143000938],
        [0.4990023944355571, 0.4990023944355571, 0.502992816693336],
        [0.3760767810430252, 0.3760767810430252, 0.8717696568709172],
        [0.2499528993863649, 0.2499528993863649, 0.2501413018409053],
        [0.1262240696165051, 0.1262240696165051, 0.6213277911504917]
    ],
    "atom_properties": {
        "force": {
            "value": [
                [-0.033328, -0.033328, 0.033328],
                [0.031832, 0.031832, -0.031832],
                [0.037261, 0.037261, -0.037261],
                [-0.002169, -0.002169, 0.002169],
                [-0.04869, -0.04869, 0.04869],
                [0.0229, 0.0229, -0.0229],
                [0.009737, 0.009737, -0.009737],
                [-0.014867, -0.014867, 0.014867],
                [-0.032435, -0.032435, 0.032435],
                [0.008743, 0.008743, -0.008743],
                [0.025146, 0.025146, -0.025146],
                [-0.00413, -0.00413, 0.00413]
            ]
        }
    },
    "atom_type": [
        "N",
        "N",
        "N",
        "N",
        "Zr",
        "Zr",
        "Zr",
        "Zr",
        "Zr",
        "Zr",
        "Zr",
        "Zr"
    ],
    "coordinate_mode": "Direct",
    "global_properties": {
        "energy": {
            "value": -115.55543
        }
    },
    "lattice_vectors": [
        [2.3047649755513198, 0.0, 2.3047649755513198],
        [0.0, 2.3047649755513198, 2.3047649755513198],
        [-11.474913680317451, -11.474913680317451, 13.779678655868771]
    ]
}