{
    "atom_coords": [
        [0.3126212661645411, 0.8108641572539028, 0.563893310417015],
        [0.1873787338354589, 0.6891358427460972, 0.936106689582985],
        [0.9969121751992347, 0.0017264033759972, 0.0044492462255334],
        [0.6313674328146206, 0.6240908950551756, 0.1131742393155832],
        [0.25, 0.25, 0.25],
        [0.8686325671853794, 0.8759091049448244, 0.3868257606844168],
        [0.5030878248007653, 0.4982735966240028, 0.4955507537744666],
        [0.1237391170582995, 0.1293914569215247, 0.6231303089618692],
        [0.75, 0.75, 0.75],
        [0.3762608829417005, 0.3706085430784753, 0.8768696910381308]
    ],
    "atom_properties": {
        "force": {
            "value": [
                [-0.002814, 0.028247, 0.002814],
                [0.002814, -0.028247, -0.002814],
                [-0.043764, 0.061659, 0.043764],
                [0.027352, 0.0121, -0.027352],
                [-0.0, -0.0, 0.0],
                [-0.027352, -0.0121, 0.027352],
                [0.043764, -0.061659, -0.043764],
                [0.010887, 0.061494, -0.010887],
                [-0.0, -0.0, 0.0],
                [-0.010887, -0.061494, 0.010887]
            ]
        }
    },
    "atom_type": [
        "N",
        "N",
        "Zr",
        "Zr",
        "Zr",
        "Zr",
        "Zr",
        "Zr",
        "Zr",
        "Zr"
    ],
    "coordinate_mode": "Direct",
    "global_properties": {
        "energy": {
            "value": -91.600997
        }
    },
    "lattice_vectors": [
        [2.2993900065899, 0.0, 2.2993900065899],
        [2.3260686609086276, 6.79918879160764, -0.0266786543187265],
        [-4.592781712876788, 2.220568059172574, 6.892171719466689]
    ]
}