{
    "atom_coords": [
        [0.2129947100002241, 0.4259894200003984, 0.1416936798875099],
        [0.7870052899997759, 0.5740105799996016, 0.8583063201124901],
        [0.9278207324206207, 0.8556415648412212, 0.2855687276830423],
        [0.5, 0.0, 0.0],
        [0.0721792675793793, 0.1443584351587788, 0.7144312723169577],
        [0.0, 0.0, 0.0],
        [0.5784226833796922, 0.1568452667592766, 0.7264647025633622],
        [0.1333494136612288, 0.2666989273225582, 0.424216992418927],
        [0.7211311270741732, 0.4422622541482539, 0.1415294804044365],
        [0.2788688729258268, 0.5577377458517461, 0.8584705195955635],
        [0.8666505863387712, 0.7333010726774418, 0.575783007581073],
        [0.4215773166203078, 0.8431547332407234, 0.2735352974366378]
    ],
    "atom_properties": {
        "force": {
            "value": [
                [0.0, -0.033344, 0.02312],
                [-0.0, 0.033344, -0.02312],
                [0.0, -0.008949, 0.062184],
                [0.0, -0.0, 0.0],
                [-0.0, 0.008949, -0.062184],
                [0.0, 0.0, 0.0],
                [-0.0, 0.008895, -0.013755],
                [0.0, -0.036083, -0.013041],
                [0.0, -0.054432, 0.062426],
                [-0.0, 0.054432, -0.062426],
                [-0.0, 0.036083, 0.013041],
                [0.0, -0.008895, 0.013755]
            ]
        }
    },
    "atom_type": [
        "N",
        "N",
        "N",
        "N",
        "N",
        "Zr",
        "Zr",
        "Zr",
        "Zr",
        "Zr",
        "Zr",
        "Zr"
    ],
    "coordinate_mode": "Direct",
    "global_properties": {
        "energy": {
            "value": -119.41065
        }
    },
    "lattice_vectors": [
        [4.604908543235426, -5.38456e-11, -7.7602e-12],
        [-2.302454276692899, 4.637886566567771, -2.2803773956069002],
        [-3.83282e-11, 2.3249857212172746, 6.852991187410053]
    ]
}