{
    "atom_coords": [
        [0.0712644005138614, 0.0712644005138614, 0.786206898458417],
        [0.5001641994861359, 0.5001641994861359, 0.4995074015415852],
        [0.9988901393207641, 0.9988901393207641, 0.0033295820376722],
        [0.144074308809472, 0.144074308809472, 0.5677769735716041],
        [0.2857143000000022, 0.2857143000000022, 0.1428571000000005],
        [0.4273541911905312, 0.4273541911905312, 0.717937326428391],
        [0.5725384606792332, 0.5725384606792332, 0.28238471796233],
        [0.7151939224547732, 0.7151939224547732, 0.8544182326357088],
        [0.8562346775452241, 0.8562346775452241, 0.4312960673642934]
    ],
    "atom_properties": {
        "force": {
            "value": [
                [-0.033056, 0.033056, 0.033056],
                [0.033056, -0.033056, -0.033056],
                [-0.029094, 0.029094, 0.029094],
                [-0.00076, 0.00076, 0.00076],
                [0.0, -0.0, -0.0],
                [0.00076, -0.00076, -0.00076],
                [0.029094, -0.029094, -0.029094],
                [-0.01981, 0.01981, 0.01981],
                [0.01981, -0.01981, -0.01981]
            ]
        }
    },
    "atom_type": [
        "N",
        "N",
        "Zr",
        "Zr",
        "Zr",
        "Zr",
        "Zr",
        "Zr",
        "Zr"
    ],
    "coordinate_mode": "Direct",
    "global_properties": {
        "energy": {
            "value": -83.276983
        }
    },
    "lattice_vectors": [
        [2.3003688022841544, 4.6378e-12, 2.30036880229343],
        [2.3003688022841544, 2.30036880229343, 4.6378e-12],
        [-9.088360662003225, 11.388729454315659, 11.388729454315659]
    ]
}