{
    "atom_coords": [
        [0.0, 0.0, 0.25],
        [0.5, 0.0, 0.5023050249097736],
        [0.0, 0.5, 0.5023050249097736],
        [0.5, 0.5, 0.75],
        [0.0, 0.0, 0.75],
        [0.5, 0.0, 0.9976949750902264],
        [0.0, 0.5, 0.9976949750902264],
        [0.0, 0.0, 0.0101778140890332],
        [0.5, 0.5, 0.9929177343996898],
        [0.0, 0.5, 0.25],
        [0.5, 0.0, 0.25],
        [0.0, 0.0, 0.4898221859109668],
        [0.5, 0.5, 0.5070822656003102],
        [0.0, 0.5, 0.75],
        [0.5, 0.0, 0.75]
    ],
    "atom_properties": {
        "force": {
            "value": [
                [-0.0, -0.0, -0.0],
                [-0.0, -0.0, 0.023107],
                [-0.0, -0.0, 0.023107],
                [-0.0, 0.0, -0.0],
                [-0.0, -0.0, -0.0],
                [-0.0, -0.0, -0.023107],
                [0.0, -0.0, -0.023107],
                [0.0, -0.0, 0.014004],
                [-0.0, 0.0, 0.003265],
                [0.0, -0.0, -0.0],
                [-0.0, -0.0, -0.0],
                [-0.0, -0.0, -0.014004],
                [-0.0, -0.0, -0.003265],
                [0.0, -0.0, -0.0],
                [-0.0, -0.0, -0.0]
            ]
        }
    },
    "atom_type": [
        "N",
        "N",
        "N",
        "N",
        "N",
        "N",
        "N",
        "Zr",
        "Zr",
        "Zr",
        "Zr",
        "Zr",
        "Zr",
        "Zr",
        "Zr"
    ],
    "coordinate_mode": "Direct",
    "global_properties": {
        "energy": {
            "value": -151.31566
        }
    },
    "lattice_vectors": [
        [4.594198314355234, 0.0, 0.0],
        [0.0, 4.594198314355234, 0.0],
        [0.0, 0.0, 9.20422728704344]
    ]
}