{
    "atom_coords": [
        [0.5, 0.2507592080170582, 0.497523406267284],
        [0.0, 0.5, 0.25],
        [0.5, 0.7492407919829418, 0.002476593732716],
        [0.0, 0.9929628637027292, 0.9943185494433351],
        [0.0, 0.0070371362972708, 0.5056814505566649],
        [0.5, 0.2483137534975484, 0.7481795575124437],
        [0.5, 0.2598622890968443, 0.2566011809738811],
        [0.0, 0.4916712109446948, 0.4993989085677129],
        [0.0, 0.5083287890553052, 0.0006010914322871],
        [0.5, 0.7401377109031557, 0.2433988190261189],
        [0.5, 0.7516862465024516, 0.7518204424875563]
    ],
    "atom_properties": {
        "force": {
            "value": [
                [0.001878, -0.001878, -0.016163],
                [-0.0, 0.0, 0.0],
                [-0.001878, 0.001878, 0.016163],
                [-0.050251, 0.050251, -0.087587],
                [0.050251, -0.050251, 0.087587],
                [-0.041739, 0.041739, -0.021999],
                [0.041533, -0.041533, 0.023308],
                [-0.056792, 0.056792, 0.012558],
                [0.056792, -0.056792, -0.012558],
                [-0.041533, 0.041533, -0.023308],
                [0.041739, -0.041739, 0.021999]
            ]
        }
    },
    "atom_type": [
        "N",
        "N",
        "N",
        "Zr",
        "Zr",
        "Zr",
        "Zr",
        "Zr",
        "Zr",
        "Zr",
        "Zr"
    ],
    "coordinate_mode": "Direct",
    "global_properties": {
        "energy": {
            "value": -103.78731
        }
    },
    "lattice_vectors": [
        [2.300729492205676, 2.300729492205676, 0.0],
        [-4.545549600288635, 4.545549600288635, -0.0385653567958623],
        [0.0381712938280464, -0.0381712938280464, 9.301555169023583]
    ]
}