{
    "atom_coords": [
        [0.0, 0.0, 0.7474276134120927],
        [0.0, 0.5, 0.0025723865879073],
        [0.0, 0.0, 0.9914201833540801],
        [0.5, 0.5, 0.0079328787971207],
        [0.0, 0.5, 0.2468373314189876],
        [0.5, 0.0, 0.2609386496381987],
        [0.0, 0.0, 0.5031626685810124],
        [0.5, 0.5, 0.4890613503618013],
        [0.0, 0.5, 0.7585798166459199],
        [0.5, 0.0, 0.7420671212028793]
    ],
    "atom_properties": {
        "force": {
            "value": [
                [0.0, 0.0, 0.016836],
                [0.0, 0.0, -0.016836],
                [0.0, 0.0, -0.060266],
                [0.0, 0.0, 0.014983],
                [0.0, 0.0, 0.02725],
                [0.0, 0.0, 0.021466],
                [0.0, 0.0, -0.02725],
                [0.0, 0.0, -0.021466],
                [0.0, 0.0, 0.060266],
                [0.0, 0.0, -0.014983]
            ]
        }
    },
    "atom_type": [
        "N",
        "N",
        "Zr",
        "Zr",
        "Zr",
        "Zr",
        "Zr",
        "Zr",
        "Zr",
        "Zr"
    ],
    "coordinate_mode": "Direct",
    "global_properties": {
        "energy": {
            "value": -92.043542
        }
    },
    "lattice_vectors": [
        [4.575225353662441, 0.0, 0.0],
        [0.0, 4.549213130284163, 0.0],
        [0.0, 0.0, 9.199243318603518]
    ]
}