{
    "atom_coords": [
        [0.9980328976083683, 0.2522196958967058, 0.751714508886522],
        [0.5016719817155959, 0.9958385496943478, 0.0008174868744746],
        [0.7504065413361474, 0.3741890624598483, 0.124997854867857],
        [0.0005535506927359, 0.7484801401360315, 0.2504127584785039],
        [0.9889768791403526, 0.0191784983523249, 0.0028677433668918],
        [0.2466274792269658, 0.3762342709543702, 0.1305107705916768],
        [0.5113297369577978, 0.7408318624043773, 0.2365086636801124],
        [0.7592551759856647, 0.1112276590593311, 0.3702619889694176],
        [0.9948010619513568, 0.5036151490077643, 0.5067827270894654],
        [0.2405314674283829, 0.8964467200112196, 0.6224903451319364],
        [0.5039188966071606, 0.2384850262416549, 0.7536771805440523],
        [0.753894331349457, 0.6182533657820244, 0.8739579715190899]
    ],
    "atom_properties": {
        "force": {
            "value": [
                [0.0, 0.049792, -0.01876],
                [-0.0, -0.031214, 0.015018],
                [0.0, 0.005966, -0.006048],
                [-0.0, -0.064579, 0.016454],
                [-0.0, -0.048382, 0.010665],
                [-0.0, -0.026788, 0.048702],
                [-0.0, -0.076867, -0.008764],
                [-0.0, -0.038908, 0.03287],
                [0.0, 0.058674, -0.011047],
                [0.0, 0.101185, -0.063935],
                [0.0, 0.026772, -0.008357],
                [0.0, 0.044349, -0.006798]
            ]
        }
    },
    "atom_type": [
        "N",
        "N",
        "N",
        "N",
        "Zr",
        "Zr",
        "Zr",
        "Zr",
        "Zr",
        "Zr",
        "Zr",
        "Zr"
    ],
    "coordinate_mode": "Direct",
    "global_properties": {
        "energy": {
            "value": -115.79335
        }
    },
    "lattice_vectors": [
        [4.557390898486847, 7.10571e-11, 1.14803e-11],
        [2.2786954542818267, 4.640998323644998, -2.2968550005642845],
        [2.2786954543047884, 4.662324358279853, 6.933035264044242]
    ]
}