{
    "atom_coords": [
        [0.0, 0.0, 0.7482983202244355],
        [0.5, 0.0, 0.0056079688328055],
        [0.0, 0.5, 0.0056079688328055],
        [0.0, 0.0, 0.9892589229896984],
        [0.5, 0.5, 0.0033970226329316],
        [0.0, 0.5, 0.2542224106351512],
        [0.5, 0.0, 0.2542224106351512],
        [0.0, 0.0, 0.5010047829903144],
        [0.5, 0.5, 0.4856953142500018],
        [0.0, 0.5, 0.7513424389883525],
        [0.5, 0.0, 0.7513424389883525]
    ],
    "atom_properties": {
        "force": {
            "value": [
                [0.0, -0.0, -0.078451],
                [0.0, -0.0, 0.048391],
                [0.0, -0.0, 0.048391],
                [0.0, -0.0, 0.00171],
                [0.0, 0.0, -0.044756],
                [-0.0, -0.0, -0.021574],
                [0.0, -0.0, -0.021574],
                [0.0, -0.0, 0.031441],
                [0.0, 0.0, -0.008802],
                [0.0, -0.0, 0.022612],
                [0.0, -0.0, 0.022612]
            ]
        }
    },
    "atom_type": [
        "N",
        "N",
        "N",
        "Zr",
        "Zr",
        "Zr",
        "Zr",
        "Zr",
        "Zr",
        "Zr",
        "Zr"
    ],
    "coordinate_mode": "Direct",
    "global_properties": {
        "energy": {
            "value": -103.82329
        }
    },
    "lattice_vectors": [
        [4.605159754863821, 0.0, 0.0],
        [0.0, 4.605159754863821, 0.0],
        [0.0, 0.0, 9.0791364990571]
    ]
}