{
    "atom_coords": [
        [0.0625, 0.5625, 0.3125],
        [0.936356037462275, 0.4394964085178117, 0.6877915165576383],
        [0.188643962537725, 0.6855035914821883, 0.9372084834423617],
        [0.9970074634541106, 0.0028138372317414, 0.0031712358600444],
        [0.6231202318080094, 0.6270494202383219, 0.1267101161456665],
        [0.2516178364370845, 0.2461183022675613, 0.2506460248582769],
        [0.8733821635629155, 0.8788816977324387, 0.3743539751417231],
        [0.5018797681919906, 0.4979505797616781, 0.4982898838543335],
        [0.1279925365458894, 0.1221861627682586, 0.6218287641399556],
        [0.7476571345897227, 0.7444411064646985, 0.7602446243558489],
        [0.3773428654102773, 0.3805588935353015, 0.8647553756441511]
    ],
    "atom_properties": {
        "force": {
            "value": [
                [-0.0, 0.0, 0.0],
                [0.111605, -0.046181, -0.111605],
                [-0.111605, 0.046181, 0.111605],
                [-0.012274, 0.175361, 0.012274],
                [-0.034528, -0.011575, 0.034528],
                [0.030125, -0.078581, -0.030125],
                [-0.030125, 0.078581, 0.030125],
                [0.034528, 0.011575, -0.034528],
                [0.012274, -0.175361, -0.012274],
                [-0.014693, 0.148363, 0.014693],
                [0.014693, -0.148363, -0.014693]
            ]
        }
    },
    "atom_type": [
        "N",
        "N",
        "N",
        "Zr",
        "Zr",
        "Zr",
        "Zr",
        "Zr",
        "Zr",
        "Zr",
        "Zr"
    ],
    "coordinate_mode": "Direct",
    "global_properties": {
        "energy": {
            "value": -103.61211
        }
    },
    "lattice_vectors": [
        [2.308206099404872, 0.0, 2.308206099404872],
        [2.307548039306608, 6.782581632488473, 0.0006580600982645],
        [-4.605596544910968, 2.258053437877844, 6.913802644315841]
    ]
}