{
    "atom_coords": [
        [0.8335986390186036, 0.4174049834824771, 0.6671973780372085],
        [0.4994794211438887, 0.2495936436842499, 0.9989588422877844],
        [0.1666667000000004, 0.0833332999999996, 0.3333332999999996],
        [0.833853878856111, 0.9170730563157505, 0.667707857712216],
        [0.499734660981396, 0.7492617165175233, 0.9994693219627919],
        [0.0006631540426412, 0.0006597847244478, 0.0013263080852752],
        [0.6660938560947116, 0.8426970322258072, 0.3321876121894221],
        [0.3380502099112803, 0.6703533382552607, 0.6761005198225547],
        [0.9952830900887193, 0.4963133617447397, 0.9905661801774457],
        [0.6672395439052892, 0.3239695677741921, 0.3344789878105772],
        [0.3326701459573584, 0.1660069152755526, 0.6653403919147252]
    ],
    "atom_properties": {
        "force": {
            "value": [
                [0.025365, 0.025365, -0.036005],
                [0.002106, 0.002106, 0.019554],
                [0.0, 0.0, -0.0],
                [-0.002106, -0.002106, -0.019554],
                [-0.025365, -0.025365, 0.036005],
                [-0.000202, -0.000202, 0.034281],
                [0.052093, 0.052093, -0.019022],
                [0.00134, 0.00134, 0.074831],
                [-0.00134, -0.00134, -0.074831],
                [-0.052093, -0.052093, 0.019022],
                [0.000202, 0.000202, -0.034281]
            ]
        }
    },
    "atom_type": [
        "N",
        "N",
        "N",
        "N",
        "N",
        "Zr",
        "Zr",
        "Zr",
        "Zr",
        "Zr",
        "Zr"
    ],
    "coordinate_mode": "Direct",
    "global_properties": {
        "energy": {
            "value": -110.58328
        }
    },
    "lattice_vectors": [
        [2.304292716086828, -2.304292716086828, 0.0],
        [4.595467205289014, 4.595467205289014, 0.0106792606845172],
        [-2.292988764262959, 0.0113039518238693, 6.911678581203148]
    ]
}