{
  "atom_coords" : [
    [ 2.290761446887, 2.290761446887, 6.872284340661 ],
    [ 0.000000000000, 0.000000000000, 6.872284340661 ],
    [ -4.581522893774, -4.581522893774, 11.453807234435 ],
    [ 0.000000000000, 0.000000000000, 0.000000000000 ],
    [ -2.290761446887, -2.290761446887, 9.163045787548 ],
    [ -6.872284340661, -6.872284340661, 13.744568681322 ],
    [ 0.000000000000, 0.000000000000, 4.581522893774 ],
    [ -4.581522893774, -4.581522893774, 9.163045787548 ],
    [ -9.163045787548, -9.163045787548, 13.744568681322 ],
    [ -2.290761446887, -2.290761446887, 4.581522893774 ],
    [ -6.872284340661, -6.872284340661, 9.163045787548 ]
  ],
  "atom_type" : [ "N", "N", "N", "Zr", "Zr", "Zr", "Zr", "Zr", "Zr", "Zr", "Zr" ],
  "coordinate_mode" : "Cartesian",
  "lattice_vectors" : [
    [ 2.290761446887, 0.000000000000, 2.290761446887 ],
    [ 0.000000000000, 2.290761446887, 2.290761446887 ],
    [ -11.453807234435, -11.453807234435, 13.744568681322 ]
  ],
  "mol_coords" : [
    [ 2.290761446887, 2.290761446887, 6.872284340661 ],
    [ 0.000000000000, 0.000000000000, 6.872284340661 ],
    [ -4.581522893774, -4.581522893774, 11.453807234435 ],
    [ 0.000000000000, 0.000000000000, 0.000000000000 ],
    [ -2.290761446887, -2.290761446887, 9.163045787548 ],
    [ -6.872284340661, -6.872284340661, 13.744568681322 ],
    [ 0.000000000000, 0.000000000000, 4.581522893774 ],
    [ -4.581522893774, -4.581522893774, 9.163045787548 ],
    [ -9.163045787548, -9.163045787548, 13.744568681322 ],
    [ -2.290761446887, -2.290761446887, 4.581522893774 ],
    [ -6.872284340661, -6.872284340661, 9.163045787548 ]
  ],
  "mol_type" : [ "N", "N", "N", "Zr", "Zr", "Zr", "Zr", "Zr", "Zr", "Zr", "Zr" ]
}