{
    "atom_coords": [
        [0.5, 0.5015114843782342, 0.5],
        [0.0, 0.6268529975552113, 0.2537059951104439],
        [0.0, 0.8731470024447887, 0.7462940048895561],
        [0.5, 0.9984885156217658, 0.5],
        [0.0, 0.00015185380893, 0.0003037076178529],
        [0.5, 0.1168041672307538, 0.7505750503682052],
        [0.0, 0.25, 0.5],
        [0.5, 0.3831958327692462, 0.2494249496317948],
        [0.0, 0.49984814619107, 0.9996962923821471],
        [0.5, 0.6337708831374584, 0.7505750503682194],
        [0.0, 0.75, 0.5],
        [0.5, 0.8662291168625416, 0.2494249496317806]
    ],
    "atom_properties": {
        "force": {
            "value": [
                [0.010294, -0.010294, 0.0],
                [0.0, -0.0, 0.056247],
                [-0.0, 0.0, -0.056247],
                [-0.010294, 0.010294, -0.0],
                [0.0, -0.0, 0.025209],
                [0.062531, -0.062531, -0.026535],
                [-0.0, 0.0, 0.0],
                [-0.062531, 0.062531, 0.026535],
                [-0.0, 0.0, -0.025209],
                [-0.062531, 0.062531, -0.026535],
                [-0.0, 0.0, 0.0],
                [0.062531, -0.062531, 0.026535]
            ]
        }
    },
    "atom_type": [
        "N",
        "N",
        "N",
        "N",
        "Zr",
        "Zr",
        "Zr",
        "Zr",
        "Zr",
        "Zr",
        "Zr",
        "Zr"
    ],
    "coordinate_mode": "Direct",
    "global_properties": {
        "energy": {
            "value": -115.72393
        }
    },
    "lattice_vectors": [
        [2.3009420605245183, 2.3009420605245183, 0.0],
        [-4.578545312094012, 4.578545312094012, -3.57713e-11],
        [2.2892726610797234, -2.2892726610797234, 9.22790789232309]
    ]
}