{
    "atom_coords": [
        [0.0625, 0.5625, 0.3125],
        [0.9376567570232979, 0.437427680950556, 0.6872588050028412],
        [0.5625, 0.0625, 0.8125],
        [0.1873432429767021, 0.687572319049444, 0.9377411949971588],
        [0.0045732325405154, 0.9992342405960954, 0.9916192943228808],
        [0.6232599330858619, 0.6242755542037912, 0.1292045796244707],
        [0.24904092700001, 0.2464891624175891, 0.2554289835824051],
        [0.87595907299999, 0.8785108375824109, 0.3695710164175949],
        [0.5017400669141381, 0.5007244457962088, 0.4957954203755293],
        [0.1204267674594846, 0.1257657594039046, 0.6333807056771192],
        [0.7459320448310862, 0.7464759366550382, 0.7616599736827823],
        [0.3790679551689138, 0.3785240633449618, 0.8633400263172177]
    ],
    "atom_properties": {
        "force": {
            "value": [
                [0.0, 0.0, 0.0],
                [0.120733, 0.013245, -0.120733],
                [0.0, 0.0, 0.0],
                [-0.120733, -0.013245, 0.120733],
                [-0.008394, 0.111641, 0.008394],
                [-0.035541, -0.086223, 0.035541],
                [-0.027514, -0.112231, 0.027514],
                [0.027514, 0.112231, -0.027514],
                [0.035541, 0.086223, -0.035541],
                [0.008394, -0.111641, -0.008394],
                [-0.022162, -0.042099, 0.022162],
                [0.022162, 0.042099, -0.022162]
            ]
        }
    },
    "atom_type": [
        "N",
        "N",
        "N",
        "N",
        "Zr",
        "Zr",
        "Zr",
        "Zr",
        "Zr",
        "Zr",
        "Zr",
        "Zr"
    ],
    "coordinate_mode": "Direct",
    "global_properties": {
        "energy": {
            "value": -115.82835
        }
    },
    "lattice_vectors": [
        [2.3077378855556288, 0.0, 2.3077378855556288],
        [2.2979342702703667, 6.837805877442198, 0.0098036152852621],
        [-4.622940400803108, 2.2979598395196335, 6.930678286358738]
    ]
}