{
    "atom_coords": [
        [0.3333332999999996, 0.6666667000000004, 0.1647427544085502],
        [0.6666667000000004, 0.3333332999999996, 0.8352572455914498],
        [0.0, 0.0, 0.0],
        [0.3333332999999996, 0.6666667000000004, 0.6682080534496322],
        [0.6666667000000004, 0.3333332999999996, 0.3317919465503678]
    ],
    "atom_properties": {
        "force": {
            "value": [
                [-0.073756, -0.073756, -0.073756],
                [0.073756, 0.073756, 0.073756],
                [0.0, 0.0, 0.0],
                [0.043879, 0.043879, 0.043879],
                [-0.043879, -0.043879, -0.043879]
            ]
        }
    },
    "atom_type": [
        "N",
        "N",
        "Zr",
        "Zr",
        "Zr"
    ],
    "coordinate_mode": "Direct",
    "global_properties": {
        "energy": {
            "value": -49.211685
        }
    },
    "lattice_vectors": [
        [2.2875387726924608, 0.0, -2.2875387726924608],
        [-2.2875387726924608, 2.2875387726924608, 0.0],
        [4.620334250231275, 4.620334250231275, 4.620334250231275]
    ]
}