{
    "atom_coords": [
        [0.7528042812728586, 0.37198885861973, 0.1224025788345457],
        [0.9971957187271414, 0.75301114138027, 0.2525974211654543],
        [0.9893626359314922, 0.0135651846158424, 0.0077095435212087],
        [0.2373753177047107, 0.3970961384235636, 0.1281532261670719],
        [0.5126246822952893, 0.7279038615764364, 0.2468467738329281],
        [0.7606373640685078, 0.1114348153841576, 0.3672904564787913],
        [0.9957938132832709, 0.5030773601141192, 0.5053350133193533],
        [0.2395370801900398, 0.882311862730468, 0.6386139768894878],
        [0.5104629198099602, 0.242688137269532, 0.7363860231105122],
        [0.7542061867167291, 0.6219226398858808, 0.8696649866806467]
    ],
    "atom_properties": {
        "force": {
            "value": [
                [0.0, 0.082492, -0.002234],
                [-0.0, -0.082492, 0.002234],
                [0.0, 0.048899, -0.060662],
                [0.0, 0.031051, -0.034036],
                [-0.0, -0.031051, 0.034036],
                [-0.0, -0.048899, 0.060662],
                [-0.0, -0.050752, 0.060519],
                [-0.0, -0.001944, -0.022693],
                [0.0, 0.001944, 0.022693],
                [0.0, 0.050752, -0.060519]
            ]
        }
    },
    "atom_type": [
        "N",
        "N",
        "Zr",
        "Zr",
        "Zr",
        "Zr",
        "Zr",
        "Zr",
        "Zr",
        "Zr"
    ],
    "coordinate_mode": "Direct",
    "global_properties": {
        "energy": {
            "value": -91.942866
        }
    },
    "lattice_vectors": [
        [4.535823441895002, 1.108759e-10, 3.8081e-12],
        [2.267911726005835, 4.683037950832685, -2.2673628716650494],
        [2.2679117260123496, 4.688738455354055, 6.815386863791481]
    ]
}