{
    "atom_coords": [
        [0.5, 0.5, 0.5],
        [0.0021581695223674, 0.2445670496200663, 0.7511166113352488],
        [0.2476213541361219, 0.6289752553191832, 0.8757820364085234],
        [0.7523786458638781, 0.3710247446808168, 0.1242179635914766],
        [0.9978418304776326, 0.7554329503799337, 0.2488833886647512],
        [0.0, 0.0, 0.0],
        [0.2385933140465966, 0.4028952509213752, 0.1199181209853322],
        [0.5065754753604494, 0.7244848397496426, 0.2623642095294869],
        [0.7553874655130457, 0.1270776869577261, 0.3621473820162677],
        [0.0, 0.5, 0.5],
        [0.2446125344869543, 0.8729223130422739, 0.6378526179837323],
        [0.4934245246395506, 0.2755151602503574, 0.7376357904705131],
        [0.7614066859534034, 0.5971047490786248, 0.8800818790146678]
    ],
    "atom_properties": {
        "force": {
            "value": [
                [-0.0, -0.0, 0.0],
                [-0.0, -0.012311, 0.002899],
                [0.0, 0.00938, -0.007471],
                [-0.0, -0.00938, 0.007471],
                [0.0, 0.012311, -0.002899],
                [-0.0, 0.0, 0.0],
                [-0.0, -0.00975, -0.024398],
                [0.0, 0.014143, 0.01232],
                [0.0, 0.026592, -0.029059],
                [-0.0, 0.0, 0.0],
                [-0.0, -0.026592, 0.029059],
                [-0.0, -0.014143, -0.01232],
                [0.0, 0.00975, 0.024398]
            ]
        }
    },
    "atom_type": [
        "N",
        "N",
        "N",
        "N",
        "N",
        "Zr",
        "Zr",
        "Zr",
        "Zr",
        "Zr",
        "Zr",
        "Zr",
        "Zr"
    ],
    "coordinate_mode": "Direct",
    "global_properties": {
        "energy": {
            "value": -128.28043
        }
    },
    "lattice_vectors": [
        [4.549062901079312, 4.32784e-11, -2.07452e-11],
        [2.274531455556973, 4.630485641698955, -2.357668846994367],
        [2.274531455515789, 4.592319131461699, 6.996572417636741]
    ]
}