{
    "atom_coords": [
        [0.0999927175755531, 0.0999927175755531, 0.7000218472733479],
        [0.9000072824244469, 0.9000072824244469, 0.2999781527266521],
        [0.0, 0.0, 0.0],
        [0.7980750211276018, 0.7980750211276018, 0.6057749366171876],
        [0.5985827168234366, 0.5985827168234366, 0.2042518495296974],
        [0.4014172831765634, 0.4014172831765634, 0.7957481504703026],
        [0.2019249788723982, 0.2019249788723982, 0.3942250633828124]
    ],
    "atom_properties": {
        "force": {
            "value": [
                [0.03418, 0.03418, -0.03418],
                [-0.03418, -0.03418, 0.03418],
                [-0.0, 0.0, -0.0],
                [-0.024997, -0.024997, 0.024997],
                [-0.002612, -0.002612, 0.002612],
                [0.002612, 0.002612, -0.002612],
                [0.024997, 0.024997, -0.024997]
            ]
        }
    },
    "atom_type": [
        "N",
        "N",
        "Zr",
        "Zr",
        "Zr",
        "Zr",
        "Zr"
    ],
    "coordinate_mode": "Direct",
    "global_properties": {
        "energy": {
            "value": -66.311982
        }
    },
    "lattice_vectors": [
        [2.3105987391608225, 0.0, 2.3105987391608225],
        [0.0, 2.3105987391608225, 2.3105987391608225],
        [-6.8680941611680115, -6.8680941611680115, 9.178692900328835]
    ]
}