{
    "atom_coords": [
        [0.5624429844868999, 0.0624259595121543, 0.8126880715140459],
        [0.1875570155131001, 0.6875740404878457, 0.9373119284859541],
        [0.004659369967186, 0.9987361550083165, 0.9919451050573045],
        [0.6281980529671003, 0.6234674401243225, 0.120136453941484],
        [0.2467039091531618, 0.2471175239951862, 0.2594746576985045],
        [0.875, 0.875, 0.375],
        [0.5032960908468382, 0.5028824760048138, 0.4905253423014955],
        [0.1218019470328997, 0.1265325598756775, 0.629863546058516],
        [0.745340630032814, 0.7512638449916835, 0.7580548949426955],
        [0.375, 0.375, 0.875]
    ],
    "atom_properties": {
        "force": {
            "value": [
                [-0.026057, -0.072327, 0.026057],
                [0.026057, 0.072327, -0.026057],
                [0.035209, -0.080551, -0.035209],
                [0.021868, -0.068933, -0.021868],
                [-0.081158, -0.055734, 0.081158],
                [0.0, -0.0, 0.0],
                [0.081158, 0.055734, -0.081158],
                [-0.021868, 0.068933, 0.021868],
                [-0.035209, 0.080551, 0.035209],
                [0.0, -0.0, 0.0]
            ]
        }
    },
    "atom_type": [
        "N",
        "N",
        "Zr",
        "Zr",
        "Zr",
        "Zr",
        "Zr",
        "Zr",
        "Zr",
        "Zr"
    ],
    "coordinate_mode": "Direct",
    "global_properties": {
        "energy": {
            "value": -91.740621
        }
    },
    "lattice_vectors": [
        [2.286514458996408, 0.0, 2.286514458996408],
        [2.2864297316996476, 6.874442787507907, 8.47272967614e-05],
        [-4.59022606941454, 2.2972962355928517, 6.876740528410948]
    ]
}