{
    "atom_coords": [
        [0.0, 0.5, 0.0],
        [0.0, 0.0, 0.0],
        [0.1460806633288101, 0.1460806633288101, 0.2921614266576213],
        [0.2865508931305882, 0.2865508931305882, 0.5731017862611765],
        [0.4308872777586714, 0.4308872777586714, 0.8617746555173298],
        [0.5691127222413286, 0.5691127222413286, 0.1382253444826702],
        [0.7134491068694118, 0.7134491068694118, 0.4268982137388235],
        [0.8539193366711899, 0.8539193366711899, 0.7078385733423787]
    ],
    "atom_properties": {
        "force": {
            "value": [
                [-0.0, 0.0, -0.0],
                [-0.0, 0.0, -0.0],
                [0.06165, -0.0, 0.06165],
                [0.024184, -0.0, 0.024184],
                [0.052627, -0.0, 0.052627],
                [-0.052627, 0.0, -0.052627],
                [-0.024184, 0.0, -0.024184],
                [-0.06165, 0.0, -0.06165]
            ]
        }
    },
    "atom_type": [
        "N",
        "Zr",
        "Zr",
        "Zr",
        "Zr",
        "Zr",
        "Zr",
        "Zr"
    ],
    "coordinate_mode": "Direct",
    "global_properties": {
        "energy": {
            "value": -71.406742
        }
    },
    "lattice_vectors": [
        [2.290760429926384, 0.0, -2.290760429926384],
        [1.32917e-11, 4.583526617404723, 1.32917e-11],
        [6.799083083236982, -2.291763313657455, 9.089843513163366]
    ]
}