{
    "atom_coords": [
        [0.2549160905704113, 0.8739982231906183, 0.8153382198380896],
        [0.2444718078980301, 0.3767087935073619, 0.0618890334965769],
        [0.2502110555719383, 0.8776318342462162, 0.3102017022666956],
        [0.7501539203550678, 0.6253236771591162, 0.4367915398592714],
        [0.0242877208907615, 0.0139139886506854, 0.0061529158405094],
        [0.4816850571888693, 0.7372186571062187, 0.1272985899752754],
        [0.0007090298706984, 0.5070107259099927, 0.250761191655819],
        [0.5036568383159761, 0.2610316338058354, 0.3705582111101577],
        [0.0047674180383481, 0.9749263013796181, 0.5023380848051104],
        [0.4952996433962582, 0.754169874010536, 0.618434916417371],
        [0.000524502419232, 0.507298653581131, 0.7481926472835454],
        [0.4893169154844159, 0.2407676374526631, 0.8770429474515851]
    ],
    "atom_properties": {
        "force": {
            "value": [
                [0.019726, -0.003944, -0.020058],
                [0.019223, -0.016258, -0.010833],
                [-0.016957, -0.007748, 0.044197],
                [-0.007277, 0.010111, -0.01709],
                [0.003035, 0.038787, 0.004639],
                [0.017524, -0.021416, -0.007237],
                [-0.031559, 0.035178, 0.037305],
                [0.022265, 0.003462, -0.004887],
                [-0.015005, -0.011096, -0.009724],
                [-0.002684, 0.005172, 0.011966],
                [-0.031071, 0.00688, -0.031492],
                [0.022781, -0.039129, 0.003215]
            ]
        }
    },
    "atom_type": [
        "N",
        "N",
        "N",
        "N",
        "Zr",
        "Zr",
        "Zr",
        "Zr",
        "Zr",
        "Zr",
        "Zr",
        "Zr"
    ],
    "coordinate_mode": "Direct",
    "global_properties": {
        "energy": {
            "value": -115.99634
        }
    },
    "lattice_vectors": [
        [2.3113700477552737, 2.314850999761353, -4.581674251189906],
        [-2.319937331652899, 4.661648594555253, 2.3022569850215295],
        [4.609203046446884, -0.0003540554680131, 4.5745906197363855]
    ]
}