{
    "atom_coords": [
        [0.7488847418851492, 0.6314944307705517, 0.9388424076667619],
        [0.2454923561734361, 0.37404506044453, 0.0615159739402173],
        [0.2545076438265639, 0.87595493955547, 0.3134840260597827],
        [0.7511152581148508, 0.6185055692294483, 0.4361575923332381],
        [0.0028358645754594, 0.0002380235581754, 0.0108909537346804],
        [0.4998558103150827, 0.7333644429355459, 0.1330039052254435],
        [0.0001441896849173, 0.5166355570644541, 0.2419960947745565],
        [0.4971641354245406, 0.2497619764418246, 0.3641090462653196],
        [0.0083726386091172, 0.983867177919322, 0.501492440488569],
        [0.516388247634012, 0.7569640758209673, 0.6240667028912839],
        [0.983611752365988, 0.4930359241790327, 0.7509332971087161],
        [0.4916273613908828, 0.2661328220806709, 0.873507559511431]
    ],
    "atom_properties": {
        "force": {
            "value": [
                [-0.011959, -0.02327, 0.013167],
                [0.012526, 0.001363, 0.012857],
                [-0.012526, -0.001363, -0.012857],
                [0.011959, 0.02327, -0.013167],
                [0.006244, 0.051423, 0.053627],
                [-0.068771, 0.017561, -0.008876],
                [0.068771, -0.017561, 0.008876],
                [-0.006244, -0.051423, -0.053627],
                [0.082414, -0.028675, -0.060034],
                [-0.013576, 0.027973, -0.03425],
                [0.013576, -0.027973, 0.03425],
                [-0.082414, 0.028675, 0.060034]
            ]
        }
    },
    "atom_type": [
        "N",
        "N",
        "N",
        "N",
        "Zr",
        "Zr",
        "Zr",
        "Zr",
        "Zr",
        "Zr",
        "Zr",
        "Zr"
    ],
    "coordinate_mode": "Direct",
    "global_properties": {
        "energy": {
            "value": -115.94648
        }
    },
    "lattice_vectors": [
        [2.3069910843647836, 2.310147891510262, -4.617216918570562],
        [-2.3000603637320896, 4.599730214891003, 2.3017692097971008],
        [4.6184323981429936, 0.0009006987460105, 4.619906092797842]
    ]
}