{
    "atom_coords": [
        [0.7497090279195788, 0.6251500046536407, 0.9404631006652409],
        [0.75, 0.125, 0.1875],
        [0.7502909720804212, 0.6248499953463593, 0.4345368993347591],
        [0.9904528442161293, 0.9995356126086605, 0.9997992222328378],
        [0.5205165124288982, 0.7564612621139375, 0.1304130845361371],
        [0.9794834875711018, 0.4935387378860625, 0.2445869154638629],
        [0.5095471557838707, 0.2504643873913395, 0.3752007777671622],
        [0.9990660420998125, 0.9983401029640078, 0.497247158807717],
        [0.5125382077897527, 0.7450366580881962, 0.6273139509777081],
        [0.9874617922102473, 0.5049633419118038, 0.7476860490222919],
        [0.5009339579001875, 0.2516598970359922, 0.877752841192283]
    ],
    "atom_properties": {
        "force": {
            "value": [
                [0.021943, 0.002132, 0.073654],
                [0.0, 0.0, 0.0],
                [-0.021943, -0.002132, -0.073654],
                [-0.05558, 0.094442, 0.02227],
                [-0.0496, -0.017821, 0.044426],
                [0.0496, 0.017821, -0.044426],
                [0.05558, -0.094442, -0.02227],
                [0.102633, 0.102723, -0.08107],
                [-0.000651, -0.049877, -0.073566],
                [0.000651, 0.049877, 0.073566],
                [-0.102633, -0.102723, 0.08107]
            ]
        }
    },
    "atom_type": [
        "N",
        "N",
        "N",
        "Zr",
        "Zr",
        "Zr",
        "Zr",
        "Zr",
        "Zr",
        "Zr",
        "Zr"
    ],
    "coordinate_mode": "Direct",
    "global_properties": {
        "energy": {
            "value": -103.65853
        }
    },
    "lattice_vectors": [
        [2.2541361445315777, 2.247409441039349, -4.602613443309098],
        [-2.319002195898608, 4.62605667926324, 2.3347941721770225],
        [4.619790099304846, -0.0028886286071584, 4.657154099662677]
    ]
}