{
    "atom_coords": [
        [0.7853696115565327, 0.5707392231130513, 0.8550093094930205],
        [0.9285714000000027, 0.8571428999999995, 0.2857143000000022],
        [0.0717732884434668, 0.1435464768869466, 0.7164192905069768],
        [0.9850533728192659, 0.970106745638553, 0.9926932783297602],
        [0.5854704756580489, 0.1709408513160966, 0.7205469178667272],
        [0.1298247491520215, 0.259649598304037, 0.4181001089245839],
        [0.7273180508479768, 0.4546361016959679, 0.1533283910754193],
        [0.2716724243419506, 0.5433448486839012, 0.8508816821332701],
        [0.8720895271807336, 0.7441789543614448, 0.5787353216702371],
        [0.4285714000000027, 0.8571428999999995, 0.2857143000000022]
    ],
    "atom_properties": {
        "force": {
            "value": [
                [0.0, -0.067452, 0.086261],
                [0.0, -0.0, -0.0],
                [-0.0, 0.067452, -0.086261],
                [0.0, -0.060131, 0.033168],
                [-0.0, 0.045057, -0.069133],
                [0.0, -0.02757, -0.012495],
                [-0.0, 0.02757, 0.012495],
                [0.0, -0.045057, 0.069133],
                [-0.0, 0.060131, -0.033168],
                [0.0, -0.0, -0.0]
            ]
        }
    },
    "atom_type": [
        "N",
        "N",
        "N",
        "Zr",
        "Zr",
        "Zr",
        "Zr",
        "Zr",
        "Zr",
        "Zr"
    ],
    "coordinate_mode": "Direct",
    "global_properties": {
        "energy": {
            "value": -95.775611
        }
    },
    "lattice_vectors": [
        [4.531077743754875, -2.073916e-10, -3.08046e-11],
        [-2.265538877013188, 4.800756443012299, -2.24851630269763],
        [-1.52495e-10, 2.431088808260172, 6.800376712689585]
    ]
}