{
    "atom_coords": [
        [0.0, 0.3755521250643667, 0.751124480629322],
        [0.5, 0.499846185544726, 0.4985420814107826],
        [0.0, 0.6263789103888442, 0.2520398572552338],
        [0.5, 0.7486210896111558, 0.9979601427447662],
        [0.0, 0.875153814455274, 0.7514579185892174],
        [0.5, 0.9994478749356333, 0.498875519370678],
        [0.0, 0.9908089683368004, 0.999174017630537],
        [0.5, 0.1222043243862032, 0.7421696900219885],
        [0.0, 0.2527956756137968, 0.5078303099780115],
        [0.5, 0.3841910316631996, 0.250825982369463],
        [0.0, 0.5121009535654295, 0.0012096657661615],
        [0.5, 0.6254582458382814, 0.7513043613142969],
        [0.0, 0.7495417541617186, 0.4986956386857031],
        [0.5, 0.8628990464345705, 0.2487903342338385]
    ],
    "atom_properties": {
        "force": {
            "value": [
                [0.01142, -0.01142, 0.127593],
                [0.017426, -0.017426, -0.069325],
                [0.036183, -0.036183, 0.017618],
                [-0.036183, 0.036183, -0.017618],
                [-0.017426, 0.017426, 0.069325],
                [-0.01142, 0.01142, -0.127593],
                [0.018718, -0.018718, -0.028243],
                [-0.006697, 0.006697, -0.072801],
                [0.006697, -0.006697, 0.072801],
                [-0.018718, 0.018718, 0.028243],
                [-0.035527, 0.035527, -0.080926],
                [-0.003251, 0.003251, -0.088712],
                [0.003251, -0.003251, 0.088712],
                [0.035527, -0.035527, 0.080926]
            ]
        }
    },
    "atom_type": [
        "N",
        "N",
        "N",
        "N",
        "N",
        "N",
        "Zr",
        "Zr",
        "Zr",
        "Zr",
        "Zr",
        "Zr",
        "Zr",
        "Zr"
    ],
    "coordinate_mode": "Direct",
    "global_properties": {
        "energy": {
            "value": -139.63184
        }
    },
    "lattice_vectors": [
        [2.3085238603450295, 2.3085238603450295, 0.0],
        [-4.603218224099403, 4.603218224099403, 0.0174004347103803],
        [2.2841515020821777, -2.2841515020821777, 9.190062110280332]
    ]
}