{
    "atom_coords": [
        [0.0005062303865984, 0.0010124607732038, 0.4995691929607915],
        [0.7137794696133994, 0.427558939226806, 0.643287907039209],
        [0.0034116355997185, 0.0068232711994298, 0.0038532239540103],
        [0.5700285335801709, 0.140056967160362, 0.7035816636116508],
        [0.1442571664198269, 0.2885144328396407, 0.4392754363883498],
        [0.7108740644002793, 0.4217481288005729, 0.1390038760459902],
        [0.2862936258490691, 0.5725872516981312, 0.8543985344903646],
        [0.8571428999999995, 0.7142856999999978, 0.5714285999999973],
        [0.4279920741509358, 0.8559842483018656, 0.2884586655096371]
    ],
    "atom_properties": {
        "force": {
            "value": [
                [-0.025947, 0.038746, -0.025947],
                [0.025947, -0.038746, 0.025947],
                [0.039314, 0.047461, 0.039314],
                [-0.055234, 0.080165, -0.055234],
                [0.055234, -0.080165, 0.055234],
                [-0.039314, -0.047461, -0.039314],
                [0.016969, 0.050564, 0.016969],
                [-0.0, 0.0, 0.0],
                [-0.016969, -0.050564, -0.016969]
            ]
        }
    },
    "atom_type": [
        "N",
        "N",
        "Zr",
        "Zr",
        "Zr",
        "Zr",
        "Zr",
        "Zr",
        "Zr"
    ],
    "coordinate_mode": "Direct",
    "global_properties": {
        "energy": {
            "value": -83.270599
        }
    },
    "lattice_vectors": [
        [2.284950008819887, 0.0, -2.284950008819887],
        [-0.0188786929067293, 6.897353675928408, 2.2660713159131576],
        [4.595104851656372, -4.631616309655165, 4.595104851656372]
    ]
}