{
    "atom_coords": [
        [0.7830151096242588, 0.0674743650494349, 0.6437200699434129],
        [0.3571428999999995, 0.2142856999999978, 0.9285714000000027],
        [0.9312705903757461, 0.3610971349505618, 0.2134227300565854],
        [0.0105024305036423, 0.0178176320998489, 0.992963205142047],
        [0.5869446441478203, 0.149134134770506, 0.2850152114029001],
        [0.1273410558521775, 0.2794372652294967, 0.5721276885970994],
        [0.7037832694963555, 0.4107537679001538, 0.8641796948579525],
        [0.2783752837805196, 0.5581853967418411, 0.1436110118111813],
        [0.8571428999999995, 0.7142856999999978, 0.4285714000000027],
        [0.4359104162194853, 0.8703861032581557, 0.713531788188817]
    ],
    "atom_properties": {
        "force": {
            "value": [
                [-0.009002, 0.00894, 0.043024],
                [0.0, 0.0, -0.0],
                [0.009002, -0.00894, -0.043024],
                [-0.015809, -0.037641, -0.030788],
                [0.000665, -0.044001, -0.078876],
                [-0.000665, 0.044001, 0.078876],
                [0.015809, 0.037641, 0.030788],
                [-0.041911, 0.10434, -0.016899],
                [0.0, 0.0, -0.0],
                [0.041911, -0.10434, 0.016899]
            ]
        }
    },
    "atom_type": [
        "N",
        "N",
        "N",
        "Zr",
        "Zr",
        "Zr",
        "Zr",
        "Zr",
        "Zr",
        "Zr"
    ],
    "coordinate_mode": "Direct",
    "global_properties": {
        "energy": {
            "value": -95.5235
        }
    },
    "lattice_vectors": [
        [2.290673493418759, -4.71066453757889, -2.2969279929633393],
        [-4.542854052659886, -2.317657159903392, 2.2624598417418387],
        [-2.3227031778859906, 2.3434475229679377, -4.602473635793047]
    ]
}