{
    "atom_coords": [
        [0.2857143000000022, 0.7857143000000022, 0.5714285999999973],
        [0.5723715310771169, 0.0723715310771098, 0.1447429621542398],
        [0.714447685508155, 0.2144476855081621, 0.4288953710163028],
        [0.8569809144918423, 0.3569809144918352, 0.7139617289836977],
        [0.9990570689228804, 0.4990570689228875, 0.9981141378457608],
        [0.0050631262423408, 0.0050631262423479, 0.0101262524846675],
        [0.1424228340299223, 0.1424228340299152, 0.2848457680598386],
        [0.2857143000000022, 0.2857143000000022, 0.5714285999999973],
        [0.4290056659700809, 0.429005665970088, 0.8580114319401559],
        [0.5663654737576564, 0.5663654737576493, 0.132730847515333],
        [0.7182014160175498, 0.7182014160175569, 0.4364028320351068],
        [0.8532271839824475, 0.8532271839824404, 0.7064542679648937]
    ],
    "atom_properties": {
        "force": {
            "value": [
                [-0.0, 0.0, -0.0],
                [0.04824, -0.0, 0.04824],
                [0.002896, -0.0, 0.002896],
                [-0.002896, 0.0, -0.002896],
                [-0.04824, 0.0, -0.04824],
                [0.026686, -0.0, 0.026686],
                [0.026871, -0.0, 0.026871],
                [-0.0, 0.0, -0.0],
                [-0.026871, 0.0, -0.026871],
                [-0.026686, 0.0, -0.026686],
                [0.014758, -0.0, 0.014758],
                [-0.014758, 0.0, -0.014758]
            ]
        }
    },
    "atom_type": [
        "N",
        "N",
        "N",
        "N",
        "N",
        "Zr",
        "Zr",
        "Zr",
        "Zr",
        "Zr",
        "Zr",
        "Zr"
    ],
    "coordinate_mode": "Direct",
    "global_properties": {
        "energy": {
            "value": -119.44275
        }
    },
    "lattice_vectors": [
        [2.315310230113185, 0.0, -2.315310230113185],
        [-1.52621e-11, 4.561406730889993, -1.52621e-11],
        [6.943855116712868, -2.2807033704761555, 9.259165346826052]
    ]
}