{
    "atom_coords": [
        [0.5, 0.8338924494331863, 0.832009951076607],
        [0.0, 0.0014488427138417, 0.5008234389248543],
        [0.5, 0.1666667000000004, 0.1666667000000004],
        [0.0, 0.3318844572861579, 0.8325098610751454],
        [0.5, 0.4994408505668133, 0.5013233489233926],
        [0.0, 0.0062410245977702, 0.9996669973863419],
        [0.5, 0.1666667000000004, 0.6666667000000004],
        [0.0, 0.3270922754022294, 0.3336663026136577],
        [0.5, 0.4944793293417717, 0.9946814941406146],
        [0.0, 0.6666667000000004, 0.6666667000000004],
        [0.5, 0.8388539706582279, 0.338651805859385]
    ],
    "atom_properties": {
        "force": {
            "value": [
                [0.006712, 0.024236, 0.006712],
                [0.039324, -0.000802, 0.039324],
                [-0.0, -0.0, 0.0],
                [-0.039324, 0.000802, -0.039324],
                [-0.006712, -0.024236, -0.006712],
                [0.025741, -0.001067, 0.025741],
                [-0.0, -0.0, 0.0],
                [-0.025741, 0.001067, -0.025741],
                [-0.046304, -0.021452, -0.046304],
                [-0.0, -0.0, 0.0],
                [0.046304, 0.021452, 0.046304]
            ]
        }
    },
    "atom_type": [
        "N",
        "N",
        "N",
        "N",
        "N",
        "Zr",
        "Zr",
        "Zr",
        "Zr",
        "Zr",
        "Zr"
    ],
    "coordinate_mode": "Direct",
    "global_properties": {
        "energy": {
            "value": -110.66432
        }
    },
    "lattice_vectors": [
        [2.298171903509391, 0.0, -2.298171903509391],
        [2.306266821034512, 4.5808946122455305, 2.306266821034512],
        [4.624233054451618, -4.592546403568402, 4.624233054451618]
    ]
}