{
    "atom_coords": [
        [0.5, 0.6279861553624926, 0.3779861553624926],
        [0.0, 0.7496324146395494, 0.7503675853604506],
        [0.0, 0.0003675853604506, 0.4996324146395494],
        [0.5, 0.1220138446375074, 0.8720138446375074],
        [0.0, 0.0025412872447959, 0.9929042317768975],
        [0.5, 0.1222076141577162, 0.3777923858422838],
        [0.0, 0.2429042317768975, 0.7525412872447959],
        [0.5, 0.375, 0.125],
        [0.0, 0.5070957682231025, 0.4974587127552041],
        [0.5, 0.6277923858422838, 0.8722076141577162],
        [0.0, 0.7474587127552041, 0.2570957682231025],
        [0.5, 0.875, 0.625]
    ],
    "atom_properties": {
        "force": {
            "value": [
                [0.0, 0.0, 0.046451],
                [0.046803, -0.046803, 0.0],
                [-0.046803, 0.046803, 0.0],
                [0.0, 0.0, -0.046451],
                [-0.031818, 0.031818, -0.036646],
                [0.024466, -0.024466, 0.0],
                [0.031818, -0.031818, -0.036646],
                [0.0, 0.0, 0.0],
                [-0.031818, 0.031818, 0.036646],
                [-0.024466, 0.024466, 0.0],
                [0.031818, -0.031818, 0.036646],
                [0.0, 0.0, 0.0]
            ]
        }
    },
    "atom_type": [
        "N",
        "N",
        "N",
        "N",
        "Zr",
        "Zr",
        "Zr",
        "Zr",
        "Zr",
        "Zr",
        "Zr",
        "Zr"
    ],
    "coordinate_mode": "Direct",
    "global_properties": {
        "energy": {
            "value": -115.51488
        }
    },
    "lattice_vectors": [
        [2.302657078822214, 2.302657078822214, 0.0],
        [-4.5592142517781316, 4.5592142517781316, 4.663711051632868],
        [4.5592142517781316, -4.5592142517781316, 4.663711051632868]
    ]
}