{
    "atom_coords": [
        [0.8568125036854184, 0.7136249073708285, 0.0698976326579839],
        [0.4289017963145838, 0.8578036926291688, 0.7872452673420156],
        [0.5702779285039838, 0.1405557570079736, 0.2149698325918337],
        [0.1428571000000005, 0.2857143000000022, 0.9285714000000027],
        [0.7154363714960112, 0.4308727429920296, 0.6421729674081647],
        [0.9998842626881057, 0.9997685253762043, 0.0013745645190255],
        [0.5745364164292255, 0.1490727328584569, 0.7225790759867508],
        [0.1428571000000005, 0.2857143000000022, 0.4285714000000027],
        [0.7111778835707696, 0.4223557671415463, 0.1345637240132476],
        [0.2858300373118965, 0.571660074623793, 0.855768335480974],
        [0.8602880173042209, 0.7205759346084477, 0.5808025596668287],
        [0.4254262826957813, 0.8508526653915496, 0.2763403403331708]
    ],
    "atom_properties": {
        "force": {
            "value": [
                [-0.042723, -0.080527, -0.042723],
                [0.042723, 0.080527, 0.042723],
                [0.016566, -0.091663, 0.016566],
                [-0.0, 0.0, 0.0],
                [-0.016566, 0.091663, -0.016566],
                [0.00685, -0.04778, 0.00685],
                [0.080599, 0.035657, 0.080599],
                [-0.0, 0.0, 0.0],
                [-0.080599, -0.035657, -0.080599],
                [-0.00685, 0.04778, -0.00685],
                [0.085755, 0.088365, 0.085755],
                [-0.085755, -0.088365, -0.085755]
            ]
        }
    },
    "atom_type": [
        "N",
        "N",
        "N",
        "N",
        "N",
        "Zr",
        "Zr",
        "Zr",
        "Zr",
        "Zr",
        "Zr",
        "Zr"
    ],
    "coordinate_mode": "Direct",
    "global_properties": {
        "energy": {
            "value": -119.09453
        }
    },
    "lattice_vectors": [
        [2.318387860251242, 0.0, -2.318387860251242],
        [0.0033901528862603, 6.846862319117436, 2.3217780131375028],
        [4.624185133868305, -4.555724933608347, 4.624185133868305]
    ]
}