{
    "atom_coords": [
        [0.5010069169130844, 0.2504578924324079, 0.0020138338261617],
        [0.1656635547244107, 0.0827236836461793, 0.3313270094488132],
        [0.8343364452755893, 0.9172763163538207, 0.6686729905511868],
        [0.4989930830869156, 0.7495421075675921, 0.9979861661738383],
        [0.0, 0.0, 0.0],
        [0.666719303291039, 0.8457081319387854, 0.3334385065820769],
        [0.3347094120036544, 0.6787495605641638, 0.6694189240073243],
        [0.0, 0.5, 0.0],
        [0.6652905879963456, 0.3212504394358362, 0.3305810759926757],
        [0.333280696708961, 0.1542918680612146, 0.6665614934179231]
    ],
    "atom_properties": {
        "force": {
            "value": [
                [0.023181, 0.023181, 0.056946],
                [0.029166, 0.029166, 0.086695],
                [-0.029166, -0.029166, -0.086695],
                [-0.023181, -0.023181, -0.056946],
                [0.0, 0.0, 0.0],
                [0.045379, 0.045379, -0.098496],
                [0.07154, 0.07154, -0.081465],
                [-0.0, 0.0, 0.0],
                [-0.07154, -0.07154, 0.081465],
                [-0.045379, -0.045379, 0.098496]
            ]
        }
    },
    "atom_type": [
        "N",
        "N",
        "N",
        "N",
        "Zr",
        "Zr",
        "Zr",
        "Zr",
        "Zr",
        "Zr"
    ],
    "coordinate_mode": "Direct",
    "global_properties": {
        "energy": {
            "value": -98.780998
        }
    },
    "lattice_vectors": [
        [2.3186812025351533, -2.3186812025351533, 0.0],
        [4.610513655801262, 4.610513655801262, 0.0010562193625327],
        [-2.3111081364881083, 0.007573066047045, 6.87170436699441]
    ]
}