{
    "atom_coords": [
        [0.8754337924663744, 0.8754337924663744, 0.750867584932756],
        [0.0005044846941828, 0.5005044846941828, 0.0010089693883515],
        [0.2519761645702374, 0.7519761645702374, 0.5039523291404535],
        [0.3754337924663744, 0.3754337924663744, 0.750867584932756],
        [0.4997535912723237, 0.9997535912723237, 0.9995071825446544],
        [0.9978494110696161, 0.9978494110696161, 0.9956988221392606],
        [0.1273006235323919, 0.6273006235323919, 0.2546012470647483],
        [0.2489721856116134, 0.2489721856116134, 0.497944371223241],
        [0.3726504110811391, 0.872650411081139, 0.7453008221623136],
        [0.4978494110696161, 0.4978494110696161, 0.9956988221392606],
        [0.623418732560495, 0.123418732560495, 0.2468374651210112],
        [0.7489721856116134, 0.7489721856116134, 0.497944371223241],
        [0.8798852139940081, 0.3798852139940081, 0.7597704279879522]
    ],
    "atom_properties": {
        "force": {
            "value": [
                [0.0, 0.0, -0.043499],
                [-0.0, -0.0, 0.111413],
                [-0.0, -0.0, 0.060544],
                [0.0, 0.0, -0.043499],
                [0.0, 0.0, -0.077428],
                [0.0, 0.0, -0.036854],
                [-0.0, -0.0, 0.020773],
                [-0.0, -0.0, 0.017713],
                [0.0, 0.0, -0.083777],
                [0.0, 0.0, -0.036854],
                [0.0, 0.0, -0.037482],
                [-0.0, -0.0, 0.017713],
                [-0.0, -0.0, 0.131236]
            ]
        }
    },
    "atom_type": [
        "N",
        "N",
        "N",
        "N",
        "N",
        "Zr",
        "Zr",
        "Zr",
        "Zr",
        "Zr",
        "Zr",
        "Zr",
        "Zr"
    ],
    "coordinate_mode": "Direct",
    "global_properties": {
        "energy": {
            "value": -127.63935
        }
    },
    "lattice_vectors": [
        [4.5933338739064045, 0.0, -1.44666e-11],
        [0.0, 4.5933338739064045, -1.44666e-11],
        [-2.2966669419949577, -2.2966669419949577, 9.216175662162295]
    ]
}