{
    "atom_coords": [
        [0.2512062460030151, 0.1217467538872583, 0.6283952084043776],
        [0.7488127868802223, 0.8761013388659151, 0.8761013388659151],
        [0.2503411366771431, 0.1242319983366329, 0.1242319983366329],
        [0.2512062460030151, 0.6283952084043776, 0.1217467538872583],
        [0.0118690679697337, 0.994452539466053, 0.994452539466053],
        [0.0045378859680412, 0.5015211940107491, 0.0029956267892146],
        [0.4746623033815141, 0.2540190586987023, 0.2540190586987023],
        [0.4967348140648653, 0.7553275785433158, 0.2385860593796991],
        [0.0037018280795138, 0.4970792551952954, 0.4970792551952954],
        [0.0045378859680412, 0.0029956267892146, 0.5015211940107491],
        [0.5056549849400369, 0.7555433884227796, 0.7555433884227796],
        [0.4967348140648653, 0.2385860593796991, 0.7553275785433158]
    ],
    "atom_properties": {
        "force": {
            "value": [
                [-0.029363, -0.074647, 0.050283],
                [0.135738, -0.038193, -0.038193],
                [-0.105487, 0.043389, 0.043389],
                [-0.029363, 0.050283, -0.074647],
                [-0.028838, 0.087132, 0.087132],
                [0.019788, 0.015508, 0.009854],
                [-0.073143, 0.000136, 0.000136],
                [-0.031306, -0.074597, 0.051889],
                [0.046768, 0.085979, 0.085979],
                [0.019788, 0.009854, 0.015508],
                [0.106723, -0.156733, -0.156733],
                [-0.031306, 0.051889, -0.074597]
            ]
        }
    },
    "atom_type": [
        "N",
        "N",
        "N",
        "N",
        "Zr",
        "Zr",
        "Zr",
        "Zr",
        "Zr",
        "Zr",
        "Zr",
        "Zr"
    ],
    "coordinate_mode": "Direct",
    "global_properties": {
        "energy": {
            "value": -115.83607
        }
    },
    "lattice_vectors": [
        [4.6504308749856875, -2.2854802740710505, -2.2854802740710505],
        [4.650721485397009, 4.581788444419745, -0.0102978312806288],
        [4.650721485397009, -0.0102978312806288, 4.581788444419745]
    ]
}