{
    "atom_coords": [
        [0.0, 0.6247558029310696, 0.872738554275557],
        [0.0, 0.871827028849907, 0.6255444229749898],
        [0.5, 0.878172971150093, 0.1244555770250102],
        [0.5, 0.1252441970689304, 0.877261445724443],
        [0.0, 0.9874702251721601, 0.9996759133420028],
        [0.5, 0.001265438151492, 0.5058822534807845],
        [0.5, 0.2479371675947917, 0.2570752393285076],
        [0.0, 0.2440429926600984, 0.756183769874994],
        [0.0, 0.5020628324052083, 0.4929247606714924],
        [0.5, 0.5059570073399016, 0.993816230125006],
        [0.5, 0.7625297748278399, 0.7503240866579972],
        [0.0, 0.748734561848508, 0.2441177465192155]
    ],
    "atom_properties": {
        "force": {
            "value": [
                [0.04715, -0.001421, -0.04715],
                [0.004109, -0.003393, -0.004109],
                [-0.004109, 0.003393, 0.004109],
                [-0.04715, 0.001421, 0.04715],
                [0.005839, 0.027364, -0.005839],
                [0.022095, 0.081002, -0.022095],
                [-0.004508, -0.00773, 0.004508],
                [0.017191, -0.049232, -0.017191],
                [0.004508, 0.00773, -0.004508],
                [-0.017191, 0.049232, 0.017191],
                [-0.005839, -0.027364, 0.005839],
                [-0.022095, -0.081002, 0.022095]
            ]
        }
    },
    "atom_type": [
        "N",
        "N",
        "N",
        "N",
        "Zr",
        "Zr",
        "Zr",
        "Zr",
        "Zr",
        "Zr",
        "Zr",
        "Zr"
    ],
    "coordinate_mode": "Direct",
    "global_properties": {
        "energy": {
            "value": -115.7836
        }
    },
    "lattice_vectors": [
        [2.310496835545212, 0.0, 2.310496835545212],
        [2.314663210227946, 4.560438190450537, -2.314663210227946],
        [-6.932934476436095, 4.549486055530772, 6.932934476436095]
    ]
}