{
    "atom_coords": [
        [0.5625, 0.5625, 0.3125],
        [0.3123153207552249, 0.3123153207552249, 0.0630540377343394],
        [0.1874550966831237, 0.1874550966831237, 0.4376347099506432],
        [0.0625, 0.0625, 0.8125],
        [0.9375449033168763, 0.9375449033168763, 0.1873652900493568],
        [0.812684679244775, 0.812684679244775, 0.5619459622656606],
        [0.9992580924391703, 0.9992580924391703, 0.002225722682482],
        [0.8754723551376173, 0.8754723551376173, 0.3735829345871409],
        [0.7489180876692458, 0.7489180876692458, 0.7532457369922625],
        [0.6256972882861689, 0.6256972882861689, 0.1229081351414862],
        [0.4993027117138311, 0.4993027117138311, 0.5020918648585138],
        [0.3760819123307542, 0.3760819123307542, 0.8717542630077375],
        [0.2495276448623827, 0.2495276448623827, 0.2514170654128591],
        [0.1257419075608297, 0.1257419075608297, 0.622774277317518]
    ],
    "atom_properties": {
        "force": {
            "value": [
                [0.0, 0.0, 0.0],
                [-0.014947, -0.014947, 0.014947],
                [0.010138, 0.010138, -0.010138],
                [0.0, 0.0, 0.0],
                [-0.010138, -0.010138, 0.010138],
                [0.014947, 0.014947, -0.014947],
                [-0.026557, -0.026557, 0.026557],
                [-0.014295, -0.014295, 0.014295],
                [-0.019763, -0.019763, 0.019763],
                [-0.000339, -0.000339, 0.000339],
                [0.000339, 0.000339, -0.000339],
                [0.019763, 0.019763, -0.019763],
                [0.014295, 0.014295, -0.014295],
                [0.026557, 0.026557, -0.026557]
            ]
        }
    },
    "atom_type": [
        "N",
        "N",
        "N",
        "N",
        "N",
        "N",
        "Zr",
        "Zr",
        "Zr",
        "Zr",
        "Zr",
        "Zr",
        "Zr",
        "Zr"
    ],
    "coordinate_mode": "Direct",
    "global_properties": {
        "energy": {
            "value": -139.39765
        }
    },
    "lattice_vectors": [
        [2.30521848227786, 0.0, 2.30521848227786],
        [0.0, 2.30521848227786, 2.30521848227786],
        [-11.466555385360309, -11.466555385360309, 13.771773867638169]
    ]
}