{
    "atom_coords": [
        [0.4372498191986551, 0.9384212858185492, 0.1870790757841476],
        [0.6877501808013449, 0.1865787141814508, 0.4379209242158524],
        [0.9383854189779868, 0.4358448961048396, 0.687384265939194],
        [0.5625, 0.0625, 0.8125],
        [0.1866145810220132, 0.6891551038951604, 0.937615734060806],
        [0.004685884889966, 0.9907272905741564, 0.9999009396459115],
        [0.6243613862796167, 0.6303880409811171, 0.1208891864596637],
        [0.2498692670208413, 0.243011742895419, 0.2572497230629054],
        [0.8751307329791587, 0.881988257104581, 0.3677502769370946],
        [0.5006386137203833, 0.4946119590188829, 0.5041108135403363],
        [0.120314115110034, 0.1342727094258436, 0.6250990603540885],
        [0.7471377922137918, 0.7466286420504673, 0.759095773521949],
        [0.3778622077862082, 0.3783713579495327, 0.865904226478051]
    ],
    "atom_properties": {
        "force": {
            "value": [
                [0.061723, -0.005095, -0.061723],
                [-0.061723, 0.005095, 0.061723],
                [0.047098, 0.072202, -0.047098],
                [-0.0, 0.0, 0.0],
                [-0.047098, -0.072202, 0.047098],
                [0.049032, 0.07859, -0.049032],
                [-0.005835, -0.069983, 0.005835],
                [-0.040875, 0.00959, 0.040875],
                [0.040875, -0.00959, -0.040875],
                [0.005835, 0.069983, -0.005835],
                [-0.049032, -0.07859, 0.049032],
                [-0.029538, 0.048216, 0.029538],
                [0.029538, -0.048216, -0.029538]
            ]
        }
    },
    "atom_type": [
        "N",
        "N",
        "N",
        "N",
        "N",
        "Zr",
        "Zr",
        "Zr",
        "Zr",
        "Zr",
        "Zr",
        "Zr",
        "Zr"
    ],
    "coordinate_mode": "Direct",
    "global_properties": {
        "energy": {
            "value": -127.90962
        }
    },
    "lattice_vectors": [
        [2.3162829554654563, 0.0, 2.3162829554654563],
        [2.294618075046265, 6.85726907316298, 0.0216648804191916],
        [-4.603572403018638, 2.312235057468117, 6.919855358484094]
    ]
}