{
    "atom_coords": [
        [0.1246353818746258, 0.1246353818746258, 0.6260938543761156],
        [0.3753646181253742, 0.3753646181253742, 0.8739061456238844],
        [0.0001819684118942, 0.0001819684118942, 0.9994540947643173],
        [0.25, 0.25, 0.25],
        [0.4998180315881058, 0.4998180315881058, 0.5005459052356827],
        [0.75, 0.75, 0.75]
    ],
    "atom_properties": {
        "force": {
            "value": [
                [-0.057655, 0.057655, 0.057655],
                [0.057655, -0.057655, -0.057655],
                [0.026495, -0.026495, -0.026495],
                [-0.0, 0.0, 0.0],
                [-0.026495, 0.026495, 0.026495],
                [0.0, 0.0, 0.0]
            ]
        }
    },
    "atom_type": [
        "N",
        "N",
        "Zr",
        "Zr",
        "Zr",
        "Zr"
    ],
    "coordinate_mode": "Direct",
    "global_properties": {
        "energy": {
            "value": -57.698249
        }
    },
    "lattice_vectors": [
        [2.2887661037638996, 0.0, 2.2887661037638996],
        [2.2887661037638996, 2.2887661037638996, 0.0],
        [-4.61007442217132, 6.89884052593522, 6.89884052593522]
    ]
}