{
    "atom_coords": [
        [0.8735517121663818, 0.7471034243327281, 0.8110943263041008],
        [0.1251768542315119, 0.250353708463031, 0.6863736840991805],
        [0.375, 0.75, 0.5625],
        [0.6248231457684881, 0.249646291536969, 0.4386263159008195],
        [0.8764482878336182, 0.7528965756672719, 0.3139056736958992],
        [0.0022720256132729, 0.0045440512265742, 0.0008871027292869],
        [0.2544133576676515, 0.508826715335374, 0.8731485199381623],
        [0.4971296664869271, 0.9942593329737903, 0.7499175623946854],
        [0.7493430455003747, 0.4986860910007564, 0.6283636705369631],
        [0.0006569544996253, 0.0013139089992436, 0.4966363294630369],
        [0.2528703335130729, 0.5057406670262097, 0.3750824376053146],
        [0.4955866423323485, 0.991173284664626, 0.2518514800618377],
        [0.7477279743867271, 0.4954559487734258, 0.1241128972707131]
    ],
    "atom_properties": {
        "force": {
            "value": [
                [-0.037286, 0.037286, -0.010331],
                [-0.006292, 0.006292, -0.025455],
                [0.0, 0.0, -0.0],
                [0.006292, -0.006292, 0.025455],
                [0.037286, -0.037286, 0.010331],
                [-0.024598, 0.024598, 0.018797],
                [-0.077004, 0.077004, -0.02085],
                [-0.002252, 0.002252, -0.03285],
                [-0.005248, 0.005248, 0.006117],
                [0.005248, -0.005248, -0.006117],
                [0.002252, -0.002252, 0.03285],
                [0.077004, -0.077004, 0.02085],
                [0.024598, -0.024598, -0.018797]
            ]
        }
    },
    "atom_type": [
        "N",
        "N",
        "N",
        "N",
        "N",
        "Zr",
        "Zr",
        "Zr",
        "Zr",
        "Zr",
        "Zr",
        "Zr",
        "Zr"
    ],
    "coordinate_mode": "Direct",
    "global_properties": {
        "energy": {
            "value": -127.53246
        }
    },
    "lattice_vectors": [
        [2.3010930936236673, 2.3010930936224927, -1.2902e-12],
        [-4.588434081766755, 2.287340998185812, 2.2848528941464514],
        [4.609646608228296, -4.609646608231145, 9.216729445926243]
    ]
}