{
    "atom_coords": [
        [0.375, 0.75, 0.0625],
        [0.8772911481820671, 0.7545822963641129, 0.8123233097239577],
        [0.1216074183535625, 0.2432148367071179, 0.688200983624732],
        [0.6283925816464375, 0.2567851632928821, 0.436799016375268],
        [0.8727088518179329, 0.7454177036358871, 0.3126766902760423],
        [0.9916464703991181, 0.9832929407980444, 0.0039003513356732],
        [0.2594483269498227, 0.5188966538998088, 0.8702111213557089],
        [0.4989225783759252, 0.9978451567518718, 0.7473053557759712],
        [0.7391901499503746, 0.478380299900536, 0.6308885768716763],
        [0.0108098500496254, 0.021619700099464, 0.4941114231283237],
        [0.2510774216240748, 0.5021548432481282, 0.3776946442240288],
        [0.4905516730501773, 0.9811033461001912, 0.2547888786442911],
        [0.7583535296008819, 0.5167070592019556, 0.1210996486643268]
    ],
    "atom_properties": {
        "force": {
            "value": [
                [-0.0, -0.0, 0.0],
                [-0.017545, 0.017545, 0.111838],
                [0.009427, -0.009427, 0.02079],
                [-0.009427, 0.009427, -0.02079],
                [0.017545, -0.017545, -0.111838],
                [0.018791, -0.018791, 0.037455],
                [-0.021342, 0.021342, -0.017737],
                [0.018019, -0.018019, -0.018717],
                [0.001715, -0.001715, -0.009827],
                [-0.001715, 0.001715, 0.009827],
                [-0.018019, 0.018019, 0.018717],
                [0.021342, -0.021342, 0.017737],
                [-0.018791, 0.018791, -0.037455]
            ]
        }
    },
    "atom_type": [
        "N",
        "N",
        "N",
        "N",
        "N",
        "Zr",
        "Zr",
        "Zr",
        "Zr",
        "Zr",
        "Zr",
        "Zr",
        "Zr"
    ],
    "coordinate_mode": "Direct",
    "global_properties": {
        "energy": {
            "value": -128.13934
        }
    },
    "lattice_vectors": [
        [2.3261814813990074, 2.3261814814886637, -4.08382e-11],
        [-4.663139584395737, 2.336958113199506, 2.248977590222938],
        [4.695113121202427, -4.695113121541602, 9.079771558386303]
    ]
}