{
    "atom_coords": [
        [0.8333332999999996, 0.4166667000000004, 0.6666667000000004],
        [0.1679234723124665, 0.0835445257996099, 0.3358468446249248],
        [0.8333332999999996, 0.9166667000000004, 0.6666667000000004],
        [0.4987432276875339, 0.7497887742003897, 0.9974864553750749],
        [0.0002020811669681, 0.9895250583876702, 0.000404162333929],
        [0.6664646188330323, 0.8438082416123294, 0.3329291376660706],
        [0.3381574813493984, 0.6694149923736887, 0.6763150626987908],
        [0.9988182554993159, 0.5084526683605404, 0.9976365109986247],
        [0.6678484445006845, 0.3248806316394592, 0.3356967890013749],
        [0.3285091186506008, 0.163918407626312, 0.65701833730121]
    ],
    "atom_properties": {
        "force": {
            "value": [
                [0.0, 0.0, 0.0],
                [0.032159, 0.032159, -0.056823],
                [0.0, 0.0, 0.0],
                [-0.032159, -0.032159, 0.056823],
                [-0.072774, -0.072774, -0.050646],
                [0.072774, 0.072774, 0.050646],
                [0.034334, 0.034334, -0.012564],
                [0.036937, 0.036937, -0.012198],
                [-0.036937, -0.036937, 0.012198],
                [-0.034334, -0.034334, 0.012564]
            ]
        }
    },
    "atom_type": [
        "N",
        "N",
        "N",
        "N",
        "Zr",
        "Zr",
        "Zr",
        "Zr",
        "Zr",
        "Zr"
    ],
    "coordinate_mode": "Direct",
    "global_properties": {
        "energy": {
            "value": -98.945728
        }
    },
    "lattice_vectors": [
        [2.3169597551699446, -2.3169597551699446, 0.0],
        [4.601579480613403, 4.601579480613403, 0.0056853324920699],
        [-2.304618158380985, 0.0123415967889596, 6.890341293755769]
    ]
}