{
    "atom_coords": [
        [0.3565722243889837, 0.7131443487779734, 0.5720087340440969],
        [0.071999275611013, 0.1439984512220249, 0.7137055659558982],
        [0.006188537853653, 0.0123770757073629, 0.0113014793013235],
        [0.5588094884134165, 0.1176188768267536, 0.7109862251805268],
        [0.1538501384636461, 0.3077003769273858, 0.437544732118738],
        [0.7142856999999978, 0.4285714000000027, 0.1428571000000005],
        [0.2747212615363566, 0.5494425230726137, 0.8481695678812642],
        [0.8697620115865803, 0.7395239231732447, 0.5747280748194683],
        [0.4223828621463497, 0.8447658242926366, 0.2744128206986787]
    ],
    "atom_properties": {
        "force": {
            "value": [
                [-0.0, 0.089451, 0.010516],
                [0.0, -0.089451, -0.010516],
                [0.0, -0.019936, 0.066199],
                [0.0, -0.018449, 0.014573],
                [-0.0, 0.113892, -0.051891],
                [0.0, 0.0, 0.0],
                [0.0, -0.113892, 0.051891],
                [-0.0, 0.018449, -0.014573],
                [-0.0, 0.019936, -0.066199]
            ]
        }
    },
    "atom_type": [
        "N",
        "N",
        "Zr",
        "Zr",
        "Zr",
        "Zr",
        "Zr",
        "Zr",
        "Zr"
    ],
    "coordinate_mode": "Direct",
    "global_properties": {
        "energy": {
            "value": -83.360621
        }
    },
    "lattice_vectors": [
        [4.528288129025349, -1.354416e-10, -3.85976e-11],
        [-2.2641440695705253, 4.723234385375974, -2.2416123097647955],
        [-1.271699e-10, 2.406381379175833, 6.811112870432546]
    ]
}