{
    "atom_coords": [
        [0.1258306192155061, 0.1258306192155061, 0.2516612384310122],
        [0.2507127946898251, 0.7507127946898251, 0.5014255893796502],
        [0.3742872053101749, 0.3742872053101749, 0.7485744106203498],
        [0.4991693807844939, 0.9991693807844939, 0.9983387615689878],
        [0.005937200036179, 0.005937200036243, 0.011874400072486],
        [0.1331046888533933, 0.6331046888534644, 0.2662093777069074],
        [0.2508562525678641, 0.2508562525678641, 0.5017125051357141],
        [0.3741437474321359, 0.8741437474321359, 0.7482874948642859],
        [0.4918953111466067, 0.4918953111465356, 0.9837906222930926],
        [0.619062799963821, 0.119062799963757, 0.238125599927514],
        [0.7528172798878927, 0.7528172798879069, 0.5056345597757925],
        [0.8721827201121073, 0.3721827201120931, 0.7443654402242075]
    ],
    "atom_properties": {
        "force": {
            "value": [
                [-0.0, -0.0, 0.008514],
                [0.0, 0.0, -0.030998],
                [-0.0, -0.0, 0.030998],
                [0.0, 0.0, -0.008514],
                [0.0, 0.0, -0.014716],
                [-0.0, -0.0, 0.040643],
                [-0.0, -0.0, 0.006135],
                [0.0, 0.0, -0.006135],
                [0.0, 0.0, -0.040643],
                [-0.0, -0.0, 0.014716],
                [-0.0, -0.0, 0.030144],
                [0.0, 0.0, -0.030144]
            ]
        }
    },
    "atom_type": [
        "N",
        "N",
        "N",
        "N",
        "Zr",
        "Zr",
        "Zr",
        "Zr",
        "Zr",
        "Zr",
        "Zr",
        "Zr"
    ],
    "coordinate_mode": "Direct",
    "global_properties": {
        "energy": {
            "value": -115.90726
        }
    },
    "lattice_vectors": [
        [4.545481876221214, 0.0, -6.33008e-11],
        [0.0, 4.563066342261828, -6.38216e-11],
        [-2.2727409431987624, -2.2815331762374016, 9.397591324157219]
    ]
}