{
    "atom_coords": [
        [0.4160947502874137, 0.6678105994251595, 0.7500000000000071],
        [0.5833332999999996, 0.3333332999999996, 0.25],
        [0.7505719497125867, 0.9988561005748409, 0.7499999999999929],
        [0.9877641754500033, 0.9980051604095834, 0.9889250882590446],
        [0.1789025245499971, 0.668661539590417, 0.5110749117409554],
        [0.3549964217945885, 0.3333333000000138, 0.0084622841969662],
        [0.5142306641404488, 0.998005160409555, 0.5110749117409554],
        [0.6524360358595516, 0.6686615395904454, 0.9889250882590446],
        [0.8116701782054108, 0.3333332999999854, 0.4915377158030338]
    ],
    "atom_properties": {
        "force": {
            "value": [
                [-0.0, -0.031357, -0.031357],
                [-0.0, 0.0, -0.0],
                [0.0, 0.031357, 0.031357],
                [-0.034134, -0.013373, -0.008983],
                [0.034134, 0.013373, 0.008983],
                [-0.021322, -0.006589, 0.006589],
                [0.034134, -0.008983, -0.013373],
                [-0.034134, 0.008983, 0.013373],
                [0.021322, 0.006589, -0.006589]
            ]
        }
    },
    "atom_type": [
        "N",
        "N",
        "N",
        "Zr",
        "Zr",
        "Zr",
        "Zr",
        "Zr",
        "Zr"
    ],
    "coordinate_mode": "Direct",
    "global_properties": {
        "energy": {
            "value": -87.224078
        }
    },
    "lattice_vectors": [
        [4.7722587353521115, 2.2640582488732615, -2.2640582488740373],
        [2.3861293728719812, 4.572476701994581, 2.3084184629720634],
        [4.7611098365838, -2.2515896273382534, 2.251589627350569]
    ]
}