{
    "atom_coords": [
        [0.0, 0.5, 0.499884132982146],
        [0.5, 0.0, 0.6272442011213784],
        [0.0, 0.5, 0.7477557988786216],
        [0.5, 0.0, 0.875115867017854],
        [0.0, 0.0, 0.9977916393486694],
        [0.5, 0.5, 0.1328327599639252],
        [0.0, 0.0, 0.2421672400360748],
        [0.5, 0.5, 0.3772083606513377],
        [0.0, 0.0, 0.503389908006163],
        [0.5, 0.5, 0.6200969694942273],
        [0.0, 0.0, 0.7549030305057727],
        [0.5, 0.5, 0.871610091993837]
    ],
    "atom_properties": {
        "force": {
            "value": [
                [0.011612, 0.0, -0.011612],
                [-0.018217, 0.0, 0.018217],
                [0.018217, 0.0, -0.018217],
                [-0.011612, 0.0, 0.011612],
                [-0.00303, 0.0, 0.00303],
                [0.000321, 0.0, -0.000321],
                [-0.000321, 0.0, 0.000321],
                [0.00303, 0.0, -0.00303],
                [-0.003391, 0.0, 0.003391],
                [-0.018421, 0.0, 0.018421],
                [0.018421, 0.0, -0.018421],
                [0.003391, 0.0, -0.003391]
            ]
        }
    },
    "atom_type": [
        "N",
        "N",
        "N",
        "N",
        "Zr",
        "Zr",
        "Zr",
        "Zr",
        "Zr",
        "Zr",
        "Zr",
        "Zr"
    ],
    "coordinate_mode": "Direct",
    "global_properties": {
        "energy": {
            "value": -115.65775
        }
    },
    "lattice_vectors": [
        [2.295511373943732, 0.0, 2.295511373943732],
        [0.0, 4.563193951660005, 0.0],
        [-9.238956032128963, 0.0, 9.238956032128963]
    ]
}