{
    "atom_coords": [
        [0.0, 0.5, 0.5022146894526713],
        [0.5, 0.5, 0.75],
        [0.0, 0.0, 0.75],
        [0.5, 0.0, 0.9977853105473287],
        [0.0, 0.0, 0.9983365176087418],
        [0.5, 0.5, 0.9983365176087418],
        [0.0, 0.5, 0.2634503409067932],
        [0.5, 0.0, 0.2365496590932068],
        [0.0, 0.0, 0.5016634823912582],
        [0.5, 0.5, 0.5016634823912582],
        [0.0, 0.5, 0.7341373947328265],
        [0.5, 0.0, 0.7658626052671735]
    ],
    "atom_properties": {
        "force": {
            "value": [
                [-0.0, -0.0, 0.065409],
                [-0.0, -0.0, 0.0],
                [-0.0, -0.0, 0.0],
                [-0.0, -0.0, -0.065409],
                [-0.0, 0.0, -0.068295],
                [0.0, 0.0, -0.068295],
                [0.0, -0.0, 0.067931],
                [0.0, -0.0, -0.067931],
                [-0.0, 0.0, 0.068295],
                [-0.0, 0.0, 0.068295],
                [0.0, -0.0, -0.030601],
                [-0.0, -0.0, 0.030601]
            ]
        }
    },
    "atom_type": [
        "N",
        "N",
        "N",
        "N",
        "Zr",
        "Zr",
        "Zr",
        "Zr",
        "Zr",
        "Zr",
        "Zr",
        "Zr"
    ],
    "coordinate_mode": "Direct",
    "global_properties": {
        "energy": {
            "value": -116.03031
        }
    },
    "lattice_vectors": [
        [4.571619015765722, 0.0, 0.0],
        [0.0, 4.571619015765722, 0.0],
        [0.0, 0.0, 9.375676424581556]
    ]
}