{
    "atom_coords": [
        [0.5, 0.5, 0.0],
        [0.0, 0.0, 0.0],
        [0.6670749531986715, 0.6670749531986715, 0.3341498063973418],
        [0.3329250468013285, 0.3329250468013285, 0.6658501936026653]
    ],
    "atom_properties": {
        "force": {
            "value": [
                [0.0, 0.0, 0.0],
                [0.0, 0.0, 0.0],
                [-0.0, 0.0, 0.079825],
                [0.0, 0.0, -0.079825]
            ]
        }
    },
    "atom_type": [
        "N",
        "Zr",
        "Zr",
        "Zr"
    ],
    "coordinate_mode": "Direct",
    "global_properties": {
        "energy": {
            "value": -37.339261
        }
    },
    "lattice_vectors": [
        [2.2981151226794703, -2.2981151226794703, 0.0],
        [2.2981151226794703, 2.2981151226794703, 0.0],
        [-2.2981151226794703, 0.0, 6.805941699386272]
    ]
}