{
    "atom_coords": [
        [0.75, 0.25, 0.9978524739886296],
        [0.25, 0.25, 0.75],
        [0.25, 0.75, 0.5021475260113704],
        [0.75, 0.75, 0.25],
        [0.25, 0.25, 0.25],
        [0.990350823849873, 0.0197787384953543, 0.0064816093176816],
        [0.509649176150127, 0.4802212615046457, 0.0064816093176816],
        [0.487121956296825, 0.012878043703175, 0.75],
        [0.012878043703175, 0.487121956296825, 0.75],
        [0.0197787384953543, 0.990350823849873, 0.4935183906823184],
        [0.4802212615046457, 0.509649176150127, 0.4935183906823184],
        [0.5068423849244041, 0.9931576150755959, 0.25],
        [0.9931576150755959, 0.5068423849244041, 0.25]
    ],
    "atom_properties": {
        "force": {
            "value": [
                [-0.006942, 0.006942, 0.0],
                [0.0, -0.0, 0.0],
                [0.006942, -0.006942, 0.0],
                [0.0, -0.0, 0.0],
                [0.0, -0.0, 0.0],
                [0.030293, 0.007883, 0.024082],
                [-0.007883, -0.030293, -0.024082],
                [0.0, -0.0, 0.051173],
                [0.0, -0.0, -0.051173],
                [0.007883, 0.030293, -0.024082],
                [-0.030293, -0.007883, 0.024082],
                [0.0, -0.0, 0.013256],
                [0.0, -0.0, -0.013256]
            ]
        }
    },
    "atom_type": [
        "N",
        "N",
        "N",
        "N",
        "N",
        "Zr",
        "Zr",
        "Zr",
        "Zr",
        "Zr",
        "Zr",
        "Zr",
        "Zr"
    ],
    "coordinate_mode": "Direct",
    "global_properties": {
        "energy": {
            "value": -128.20717
        }
    },
    "lattice_vectors": [
        [-2.2827341596103006, -2.2827341596103006, -4.7055902634763225],
        [-2.2827341596103006, -2.2827341596103006, 4.7055902634763225],
        [-4.583500729611487, 4.583500729611487, 0.0]
    ]
}