{
    "atom_coords": [
        [0.75, 0.75, 0.25],
        [0.75, 0.25, 0.75],
        [0.25, 0.75, 0.75],
        [0.75, 0.75, 0.75],
        [0.9962826817713974, 0.9962826817713974, 0.9962826817713974],
        [0.5111519546858077, 0.9962826817713974, 0.9962826817713974],
        [0.9962826817713974, 0.5111519546858077, 0.9962826817713974],
        [0.5037173182286026, 0.5037173182286026, 0.9888480453141923],
        [0.9962826817713974, 0.9962826817713974, 0.5111519546858077],
        [0.5037173182286026, 0.9888480453141923, 0.5037173182286026],
        [0.9888480453141923, 0.5037173182286026, 0.5037173182286026],
        [0.5037173182286026, 0.5037173182286026, 0.5037173182286026]
    ],
    "atom_properties": {
        "force": {
            "value": [
                [-0.0, -0.0, -0.0],
                [-0.0, -0.0, -0.0],
                [-0.0, -0.0, -0.0],
                [-0.0, -0.0, -0.0],
                [0.009863, 0.009863, 0.009863],
                [0.009863, -0.009863, -0.009863],
                [-0.009863, 0.009863, -0.009863],
                [0.009863, 0.009863, -0.009863],
                [-0.009863, -0.009863, 0.009863],
                [0.009863, -0.009863, 0.009863],
                [-0.009863, 0.009863, 0.009863],
                [-0.009863, -0.009863, -0.009863]
            ]
        }
    },
    "atom_type": [
        "N",
        "N",
        "N",
        "N",
        "Zr",
        "Zr",
        "Zr",
        "Zr",
        "Zr",
        "Zr",
        "Zr",
        "Zr"
    ],
    "coordinate_mode": "Direct",
    "global_properties": {
        "energy": {
            "value": -115.64238
        }
    },
    "lattice_vectors": [
        [0.0, 4.612389111406802, 4.612389111406802],
        [4.612389111406802, 0.0, 4.612389111406802],
        [4.612389111406802, 4.612389111406802, 0.0]
    ]
}