{
    "atom_coords": [
        [0.8571428999999995, 0.7142856999999978, 0.0714285999999973],
        [0.9994443043659444, 0.9988886087318747, 0.5008209857142347],
        [0.5713510353249163, 0.1427019706498385, 0.216069623747579],
        [0.1429346646750815, 0.2858694293501642, 0.9267874762524215],
        [0.7148413956340605, 0.429682791268128, 0.6420361142857658],
        [0.0028130913690347, 0.0056261827380766, 0.0098325565171038],
        [0.5754182243033128, 0.1508363486066315, 0.7137415420262556],
        [0.138867475696685, 0.2777350513933712, 0.4291155579737449],
        [0.7114726086309631, 0.4229452172619261, 0.1330245434828967],
        [0.283861086840119, 0.5677221736802309, 0.8609297877096509],
        [0.8571428999999995, 0.7142856999999978, 0.5714285999999973],
        [0.4304246131598859, 0.8608493263197659, 0.2819274122903508]
    ],
    "atom_properties": {
        "force": {
            "value": [
                [0.0, 0.0, 0.0],
                [-0.001051, -0.029486, -0.001051],
                [0.024323, -0.011447, 0.024323],
                [-0.024323, 0.011447, -0.024323],
                [0.001051, 0.029486, 0.001051],
                [0.053154, 0.001976, 0.053154],
                [0.0017, 0.003484, 0.0017],
                [-0.0017, -0.003484, -0.0017],
                [-0.053154, -0.001976, -0.053154],
                [0.01331, 0.017209, 0.01331],
                [0.0, 0.0, 0.0],
                [-0.01331, -0.017209, -0.01331]
            ]
        }
    },
    "atom_type": [
        "N",
        "N",
        "N",
        "N",
        "N",
        "Zr",
        "Zr",
        "Zr",
        "Zr",
        "Zr",
        "Zr",
        "Zr"
    ],
    "coordinate_mode": "Direct",
    "global_properties": {
        "energy": {
            "value": -119.48217
        }
    },
    "lattice_vectors": [
        [2.307161820277311, 0.0, -2.307161820277311],
        [-0.0022970678004753, 6.851237933685174, 2.304864752476836],
        [4.626150609187088, -4.574589058036186, 4.626150609187088]
    ]
}