{
    "atom_coords": [
        [0.5840135250893894, 0.919249294167912, 0.1680271501787729],
        [0.2493197749106102, 0.2474174058320884, 0.4986395498212275],
        [0.0002471112753994, 0.9969768229778779, 0.0004942225507989],
        [0.8330861887246002, 0.1696898770221225, 0.6661724774492015],
        [0.6692393774778367, 0.3214238884424674, 0.3384786549556722],
        [0.499915731250077, 0.5043640135396643, 0.999831462500147],
        [0.3334175687499226, 0.6623026864603361, 0.6668352374998534],
        [0.1640940225221641, 0.8452427115575318, 0.328187945044327]
    ],
    "atom_properties": {
        "force": {
            "value": [
                [0.037053, 0.069196, -0.037053],
                [-0.037053, -0.069196, 0.037053],
                [0.044115, 0.008832, -0.044115],
                [-0.044115, -0.008832, 0.044115],
                [0.016532, -0.026381, -0.016532],
                [0.016817, 0.040398, -0.016817],
                [-0.016817, -0.040398, 0.016817],
                [-0.016532, 0.026381, 0.016532]
            ]
        }
    },
    "atom_type": [
        "N",
        "N",
        "Zr",
        "Zr",
        "Zr",
        "Zr",
        "Zr",
        "Zr"
    ],
    "coordinate_mode": "Direct",
    "global_properties": {
        "energy": {
            "value": -74.778226
        }
    },
    "lattice_vectors": [
        [2.2904265590967996, 0.0, 2.2904265590967996],
        [2.260543048555901, 4.630809023604034, -2.260543048555901],
        [-6.8445245951468765, 2.3635890729886615, 4.5540980360500765]
    ]
}