{
    "atom_coords": [
        [0.071150689711466, 0.071150689711466, 0.7865480308655961],
        [0.2141029524502116, 0.2141029524502116, 0.357691142649351],
        [0.3573256475497857, 0.3573256475497857, 0.9280231573506512],
        [0.5002779102885313, 0.5002779102885313, 0.4991662691344061],
        [7.2902010622e-05, 7.2902010622e-05, 0.999781293968141],
        [0.143157719947574, 0.143157719947574, 0.5705267401572769],
        [0.2857143000000022, 0.2857143000000022, 0.1428571000000005],
        [0.4282707800524292, 0.4282707800524292, 0.7151875598427182],
        [0.5713556979893752, 0.5713556979893752, 0.2859330060318612],
        [0.7143361878316199, 0.7143361878316199, 0.8569914365051261],
        [0.8570924121683774, 0.8570924121683774, 0.4287228634948761]
    ],
    "atom_properties": {
        "force": {
            "value": [
                [-0.082261, 0.082261, 0.082261],
                [-0.046944, 0.046944, 0.046944],
                [0.046944, -0.046944, -0.046944],
                [0.082261, -0.082261, -0.082261],
                [0.018074, -0.018074, -0.018074],
                [0.040265, -0.040265, -0.040265],
                [-0.0, -0.0, -0.0],
                [-0.040265, 0.040265, 0.040265],
                [-0.018074, 0.018074, 0.018074],
                [-0.010679, 0.010679, 0.010679],
                [0.010679, -0.010679, -0.010679]
            ]
        }
    },
    "atom_type": [
        "N",
        "N",
        "N",
        "N",
        "Zr",
        "Zr",
        "Zr",
        "Zr",
        "Zr",
        "Zr",
        "Zr"
    ],
    "coordinate_mode": "Direct",
    "global_properties": {
        "energy": {
            "value": -106.91669
        }
    },
    "lattice_vectors": [
        [2.2883795448642315, -4.4094e-12, 2.2883795448554127],
        [2.2883795448642315, 2.2883795448554127, -4.4094e-12],
        [-9.230874705989741, 11.519254240798393, 11.519254240798393]
    ]
}