{
    "atom_coords": [
        [0.75, 0.25, 0.25],
        [0.25, 0.75, 0.25],
        [0.75, 0.75, 0.25],
        [0.25, 0.25, 0.75],
        [0.75, 0.25, 0.75],
        [0.25, 0.75, 0.75],
        [0.75, 0.75, 0.75],
        [0.0, 0.0, 0.0],
        [0.5053905779992149, 0.9946094220007851, 0.9946094220007851],
        [0.9946094220007851, 0.5053905779992149, 0.9946094220007851],
        [0.5053905779992149, 0.5053905779992149, 0.9946094220007851],
        [0.9946094220007851, 0.9946094220007851, 0.5053905779992149],
        [0.5053905779992149, 0.9946094220007851, 0.5053905779992149],
        [0.9946094220007851, 0.5053905779992149, 0.5053905779992149],
        [0.5, 0.5, 0.5]
    ],
    "atom_properties": {
        "force": {
            "value": [
                [-0.0, -0.0, -0.0],
                [-0.0, -0.0, -0.0],
                [-0.0, -0.0, -0.0],
                [-0.0, -0.0, -0.0],
                [-0.0, -0.0, -0.0],
                [-0.0, -0.0, -0.0],
                [-0.0, -0.0, -0.0],
                [-0.0, -0.0, -0.0],
                [0.016449, -0.0, -0.0],
                [-0.0, 0.016449, -0.0],
                [-0.0, -0.0, -0.016449],
                [-0.0, -0.0, 0.016449],
                [-0.0, -0.016449, -0.0],
                [-0.016449, -0.0, -0.0],
                [0.0, -0.0, -0.0]
            ]
        }
    },
    "atom_type": [
        "N",
        "N",
        "N",
        "N",
        "N",
        "N",
        "N",
        "Zr",
        "Zr",
        "Zr",
        "Zr",
        "Zr",
        "Zr",
        "Zr",
        "Zr"
    ],
    "coordinate_mode": "Direct",
    "global_properties": {
        "energy": {
            "value": -151.46623
        }
    },
    "lattice_vectors": [
        [0.0, 4.59881845852997, 4.59881845852997],
        [4.59881845852997, 0.0, 4.59881845852997],
        [4.59881845852997, 4.59881845852997, 0.0]
    ]
}