{
    "atom_coords": [
        [0.0016645961313984, 0.5, 0.0033291922627967],
        [0.3337598128145558, 0.5, 0.6675197256290915],
        [0.5014952478608521, 0.0, 0.00299049572169],
        [0.0014971954819956, 0.0, 0.0029943909639769],
        [0.169614544093605, 0.5, 0.3392289881871662],
        [0.3358182044125115, 0.0, 0.6716365088249958],
        [0.4928627939189099, 0.5, 0.9857255878378837],
        [0.6618297197495622, 0.0, 0.3236593394991729],
        [0.8347911855366235, 0.5, 0.6695824710732268]
    ],
    "atom_properties": {
        "force": {
            "value": [
                [-0.0, 0.0, 0.094706],
                [0.0, 0.0, -0.079211],
                [-0.0, 0.0, 0.034167],
                [0.0, 0.0, -0.077313],
                [0.0, 0.0, -0.021251],
                [-0.0, 0.0, 0.032002],
                [0.0, 0.0, -0.00423],
                [0.0, 0.0, -0.023199],
                [-0.0, 0.0, 0.044328]
            ]
        }
    },
    "atom_type": [
        "N",
        "N",
        "N",
        "Zr",
        "Zr",
        "Zr",
        "Zr",
        "Zr",
        "Zr"
    ],
    "coordinate_mode": "Direct",
    "global_properties": {
        "energy": {
            "value": -86.833438
        }
    },
    "lattice_vectors": [
        [4.613241254925479, 0.0, -4.3154e-12],
        [0.0, 4.5764802355204965, 0.0],
        [-2.306620632503384, 0.0, 6.880116367879225]
    ]
}