{
    "atom_coords": [
        [0.0, 0.375, 0.75],
        [0.5, 0.7489759541145986, 0.9979519082292043],
        [0.0, 0.875, 0.75],
        [0.5, 0.0010240458854014, 0.5020480917707957],
        [0.0, 0.9906917251339706, 0.0012822296166632],
        [0.5, 0.121095159807318, 0.7421903196146431],
        [0.0, 0.2394094955173287, 0.498717770383351],
        [0.5, 0.375, 0.25],
        [0.0, 0.5105905044826713, 0.001282229616649],
        [0.5, 0.628904840192682, 0.7578096803853569],
        [0.0, 0.7593082748660294, 0.4987177703833368],
        [0.5, 0.875, 0.25]
    ],
    "atom_properties": {
        "force": {
            "value": [
                [-0.0, 0.0, 0.0],
                [0.0, -0.0, 0.017022],
                [-0.0, 0.0, 0.0],
                [-0.0, 0.0, -0.017022],
                [0.013653, -0.013653, 0.048844],
                [0.0, -0.0, 0.039589],
                [0.013653, -0.013653, -0.048844],
                [0.0, 0.0, 0.0],
                [-0.013653, 0.013653, 0.048844],
                [-0.0, 0.0, -0.039589],
                [-0.013653, 0.013653, -0.048844],
                [0.0, 0.0, 0.0]
            ]
        }
    },
    "atom_type": [
        "N",
        "N",
        "N",
        "N",
        "Zr",
        "Zr",
        "Zr",
        "Zr",
        "Zr",
        "Zr",
        "Zr",
        "Zr"
    ],
    "coordinate_mode": "Direct",
    "global_properties": {
        "energy": {
            "value": -115.89266
        }
    },
    "lattice_vectors": [
        [2.3166800838599357, 2.3166800838599357, 0.0],
        [-4.597895330969683, 4.597895330969683, 2.65591e-11],
        [2.2989476704760894, -2.2989476704760894, 9.114652861303517]
    ]
}