{
    "atom_coords": [
        [0.3743377875192238, 0.7486755750384475, 0.0619528458066867],
        [0.8756622124807762, 0.7513244249615525, 0.8130471541933133],
        [0.3753531023346497, 0.7507062046692639, 0.5623213428657294],
        [0.625, 0.25, 0.4375],
        [0.8746468976653503, 0.7492937953307361, 0.3126786571342706],
        [0.9924943810589539, 0.9849887621178368, 0.0004542788272275],
        [0.2575056189410461, 0.5150112378821632, 0.8745457211727725],
        [0.4920260497991791, 0.9840520995983084, 0.7505089359199815],
        [0.7559360695388762, 0.5118721390778092, 0.6231108560788883],
        [0.9975841297221351, 0.9951682594442062, 0.4942907592890222],
        [0.2524158702778649, 0.5048317405557938, 0.3807092407109778],
        [0.4940639304611238, 0.9881278609221908, 0.2518891439211117],
        [0.7579739502008209, 0.5159479004016916, 0.1244910640800185]
    ],
    "atom_properties": {
        "force": {
            "value": [
                [0.0148, -0.0148, -0.00756],
                [-0.0148, 0.0148, 0.00756],
                [-0.10832, 0.10832, 0.054634],
                [-0.0, 0.0, 0.0],
                [0.10832, -0.10832, -0.054634],
                [0.012256, -0.012256, 0.17314],
                [-0.012256, 0.012256, -0.17314],
                [-0.013726, 0.013726, -0.031304],
                [-0.034204, 0.034204, -0.041773],
                [-0.079872, 0.079872, 0.034349],
                [0.079872, -0.079872, -0.034349],
                [0.034204, -0.034204, 0.041773],
                [0.013726, -0.013726, 0.031304]
            ]
        }
    },
    "atom_type": [
        "N",
        "N",
        "N",
        "N",
        "N",
        "Zr",
        "Zr",
        "Zr",
        "Zr",
        "Zr",
        "Zr",
        "Zr",
        "Zr"
    ],
    "coordinate_mode": "Direct",
    "global_properties": {
        "energy": {
            "value": -127.97951
        }
    },
    "lattice_vectors": [
        [2.3155783472789473, 2.315578347285433, -1.24753e-11],
        [-4.601809372846902, 2.2862310356704154, 2.272848617363312],
        [4.627716415663351, -4.627716415726012, 9.19840170331812]
    ]
}