{
    "atom_coords": [
        [0.0, 0.5, 0.0],
        [0.25, 0.25, 0.5],
        [0.5, 0.0, 0.0],
        [0.0129384037744842, 0.0129384037744842, 0.0258768075485492],
        [0.25, 0.75, 0.5],
        [0.4870615962255158, 0.4870615962255158, 0.9741231924514508],
        [0.75, 0.25, 0.5]
    ],
    "atom_properties": {
        "force": {
            "value": [
                [0.0, -0.0, 0.0],
                [0.0, 0.0, 0.0],
                [-0.0, 0.0, 0.0],
                [-0.0, -0.0, 0.085406],
                [0.0, 0.0, 0.0],
                [0.0, 0.0, -0.085406],
                [0.0, 0.0, 0.0]
            ]
        }
    },
    "atom_type": [
        "N",
        "N",
        "N",
        "Zr",
        "Zr",
        "Zr",
        "Zr"
    ],
    "coordinate_mode": "Direct",
    "global_properties": {
        "energy": {
            "value": -69.814811
        }
    },
    "lattice_vectors": [
        [4.592360037592322, 0.0, -5.46966e-11],
        [0.0, 4.592360037592322, -5.46966e-11],
        [-2.296180023862398, -2.296180023862398, 4.631891404581516]
    ]
}