{
    "atom_coords": [
        [0.1640857186887956, 0.0817598435174602, 0.3281713373775901],
        [0.5025809813112048, 0.7515734564825394, 0.0051619626224095],
        [0.0013526650144158, 0.9907887040258316, 0.0027053300288316],
        [0.6653140349855846, 0.842544595974168, 0.3306279699711681],
        [0.3345237875370515, 0.6659712123986807, 0.669047675074097],
        [0.9957926544316962, 0.5051159871614885, 0.9915853088633995],
        [0.6708740455683042, 0.3282173128385111, 0.3417479911366001],
        [0.3321428124629477, 0.16736218760132, 0.6642857249259038]
    ],
    "atom_properties": {
        "force": {
            "value": [
                [0.023271, 0.023271, -0.059552],
                [-0.023271, -0.023271, 0.059552],
                [0.024377, 0.024377, -0.014177],
                [-0.024377, -0.024377, 0.014177],
                [0.044477, 0.044477, 0.018631],
                [-0.046748, -0.046748, -0.065923],
                [0.046748, 0.046748, 0.065923],
                [-0.044477, -0.044477, -0.018631]
            ]
        }
    },
    "atom_type": [
        "N",
        "N",
        "Zr",
        "Zr",
        "Zr",
        "Zr",
        "Zr",
        "Zr"
    ],
    "coordinate_mode": "Direct",
    "global_properties": {
        "energy": {
            "value": -74.815028
        }
    },
    "lattice_vectors": [
        [2.292953060853014, -2.292953060853014, 0.0],
        [4.545952457228204, 4.545952457228204, 0.0472181041741502],
        [-2.247841922775704, 0.0451111380773095, 6.967083778326547]
    ]
}