{
    "atom_coords": [
        [0.6434885828252632, 0.7863569479524628, 0.0699172705915529],
        [0.2140937003735814, 0.9284199164513254, 0.3567577214857707],
        [0.7857143000000022, 0.0714285999999973, 0.6428571000000005],
        [0.3573348996264158, 0.2144371835486751, 0.9289565785142315],
        [0.92793991717474, 0.3565002520475389, 0.2157970294084421],
        [0.0002585789207572, 0.014569309946971, 0.0046354060062512],
        [0.5711700210792401, 0.1282877900530295, 0.281078893993751],
        [0.1281777876356287, 0.2688763888881596, 0.5695153440815162],
        [0.703668933034308, 0.4250476399784944, 0.8714253296915899],
        [0.2857143000000022, 0.5714285999999973, 0.1428571000000005],
        [0.8677596669656893, 0.7178094600215061, 0.4142889703084123],
        [0.4432507123643745, 0.8739808111118492, 0.7161989559184789]
    ],
    "atom_properties": {
        "force": {
            "value": [
                [-0.018195, -0.021407, -0.017088],
                [0.017715, -0.015027, -0.006352],
                [-0.0, -0.0, 0.0],
                [-0.017715, 0.015027, 0.006352],
                [0.018195, 0.021407, 0.017088],
                [0.008154, 0.000778, -0.000832],
                [-0.008154, -0.000778, 0.000832],
                [-0.016548, 0.047777, -0.001162],
                [-0.006123, 0.043493, 0.0328],
                [-0.0, -0.0, 0.0],
                [0.006123, -0.043493, -0.0328],
                [0.016548, -0.047777, 0.001162]
            ]
        }
    },
    "atom_type": [
        "N",
        "N",
        "N",
        "N",
        "N",
        "Zr",
        "Zr",
        "Zr",
        "Zr",
        "Zr",
        "Zr",
        "Zr"
    ],
    "coordinate_mode": "Direct",
    "global_properties": {
        "energy": {
            "value": -119.55331
        }
    },
    "lattice_vectors": [
        [2.285512730253265, -4.63899042612913, -2.29176003287527],
        [-4.594026114836488, -2.333797146023966, 2.2972196489165446],
        [-2.296443689180052, 2.3239911039346524, -4.603237480140513]
    ]
}