{
    "atom_coords": [
        [0.0, 0.0, 0.248058220832192],
        [0.0, 0.5, 0.5],
        [0.5, 0.5, 0.751941779167808],
        [0.5, 0.0, 0.0],
        [0.0, 0.5, 0.0],
        [0.0, 0.0, 0.0144287783314638],
        [0.5, 0.5, 0.9855712216685362],
        [0.0, 0.5, 0.2562530206204627],
        [0.5, 0.0, 0.2424808000619123],
        [0.0, 0.0, 0.4860790429058497],
        [0.5, 0.5, 0.5139209570941503],
        [0.0, 0.5, 0.7437469793795373],
        [0.5, 0.0, 0.7575191999380877]
    ],
    "atom_properties": {
        "force": {
            "value": [
                [0.0, 0.0, -0.016608],
                [0.0, 0.0, -0.0],
                [0.0, 0.0, 0.016608],
                [0.0, 0.0, -0.0],
                [0.0, 0.0, -0.0],
                [0.0, 0.0, -0.017014],
                [0.0, 0.0, 0.017014],
                [0.0, 0.0, -0.024831],
                [0.0, 0.0, -0.089031],
                [0.0, 0.0, -0.059151],
                [0.0, 0.0, 0.059151],
                [0.0, 0.0, 0.024831],
                [0.0, 0.0, 0.089031]
            ]
        }
    },
    "atom_type": [
        "N",
        "N",
        "N",
        "N",
        "N",
        "Zr",
        "Zr",
        "Zr",
        "Zr",
        "Zr",
        "Zr",
        "Zr",
        "Zr"
    ],
    "coordinate_mode": "Direct",
    "global_properties": {
        "energy": {
            "value": -127.98582
        }
    },
    "lattice_vectors": [
        [4.575447240800368, 0.0, 0.0],
        [0.0, 4.575447240800368, 0.0],
        [0.0, 0.0, 9.34405082175068]
    ]
}