{
  "atom_coords" : [
    [ 4.581522893774, 4.581522893774, 2.290761446887 ],
    [ 0.000000000000, 9.163045787548, 6.872284340661 ],
    [ 0.000000000000, 0.000000000000, 0.000000000000 ],
    [ -2.290761446887, 2.290761446887, 4.581522893774 ],
    [ 0.000000000000, 2.290761446887, 2.290761446887 ],
    [ -4.581522893774, 4.581522893774, 4.581522893774 ],
    [ -2.290761446887, 4.581522893774, 2.290761446887 ],
    [ 2.290761446887, 2.290761446887, 0.000000000000 ],
    [ -2.290761446887, 6.872284340661, 4.581522893774 ],
    [ 0.000000000000, 4.581522893774, 0.000000000000 ]
  ],
  "atom_type" : [ "N", "N", "Zr", "Zr", "Zr", "Zr", "Zr", "Zr", "Zr", "Zr" ],
  "coordinate_mode" : "Cartesian",
  "lattice_vectors" : [
    [ 2.290761446887, 0.000000000000, 2.290761446887 ],
    [ 2.290761446887, 4.581522893774, -2.290761446887 ],
    [ -6.872284340661, 4.581522893774, 6.872284340661 ]
  ],
  "mol_coords" : [
    [ 4.581522893774, 4.581522893774, 2.290761446887 ],
    [ 0.000000000000, 9.163045787548, 6.872284340661 ],
    [ 0.000000000000, 0.000000000000, 0.000000000000 ],
    [ -2.290761446887, 2.290761446887, 4.581522893774 ],
    [ 0.000000000000, 2.290761446887, 2.290761446887 ],
    [ -4.581522893774, 4.581522893774, 4.581522893774 ],
    [ -2.290761446887, 4.581522893774, 2.290761446887 ],
    [ 2.290761446887, 2.290761446887, 0.000000000000 ],
    [ -2.290761446887, 6.872284340661, 4.581522893774 ],
    [ 0.000000000000, 4.581522893774, 0.000000000000 ]
  ],
  "mol_type" : [ "N", "N", "Zr", "Zr", "Zr", "Zr", "Zr", "Zr", "Zr", "Zr" ]
}