{
    "atom_coords": [
        [0.4369206085344146, 0.9380387942583965, 0.1881199886727742],
        [0.0630793914655854, 0.5619612057416035, 0.3118800113272258],
        [0.3137218658697591, 0.8112589857560693, 0.5612972825044125],
        [0.936722554762845, 0.4384766910368327, 0.6880781994374772],
        [0.563277445237155, 0.0615233089631673, 0.8119218005625228],
        [0.1862781341302409, 0.6887410142439307, 0.9387027174955875],
        [0.0035492599492741, 0.9950952242819966, 0.997806255819448],
        [0.6204375424889577, 0.6325462807851849, 0.126578634236914],
        [0.25, 0.25, 0.25],
        [0.8795624575110423, 0.8674537192148151, 0.373421365763086],
        [0.4964507400507259, 0.5049047757180034, 0.502193744180552],
        [0.1208158071635097, 0.1233754878066051, 0.6349928978663826],
        [0.75, 0.75, 0.75],
        [0.3791841928364903, 0.3766245121933949, 0.8650071021336174]
    ],
    "atom_properties": {
        "force": {
            "value": [
                [-0.030484, 0.102796, 0.030484],
                [0.030484, -0.102796, -0.030484],
                [0.020012, 0.038044, -0.020012],
                [0.045349, 0.022366, -0.045349],
                [-0.045349, -0.022366, 0.045349],
                [-0.020012, -0.038044, 0.020012],
                [0.014341, 0.016667, -0.014341],
                [0.03559, 0.016384, -0.03559],
                [-0.0, 0.0, 0.0],
                [-0.03559, -0.016384, 0.03559],
                [-0.014341, -0.016667, 0.014341],
                [-0.070376, -0.043257, 0.070376],
                [-0.0, 0.0, 0.0],
                [0.070376, 0.043257, -0.070376]
            ]
        }
    },
    "atom_type": [
        "N",
        "N",
        "N",
        "N",
        "N",
        "N",
        "Zr",
        "Zr",
        "Zr",
        "Zr",
        "Zr",
        "Zr",
        "Zr",
        "Zr"
    ],
    "coordinate_mode": "Direct",
    "global_properties": {
        "energy": {
            "value": -139.77371
        }
    },
    "lattice_vectors": [
        [2.310221870365492, 0.0, 2.310221870365492],
        [2.3073264102776454, 6.8684056776482425, 0.0028954600878462],
        [-4.604666135635456, 2.2890530718852893, 6.9148880060009486]
    ]
}