{
    "atom_coords": [
        [0.0, 0.0, 0.7504127960923768],
        [0.6666667000000004, 0.3333332999999996, 0.4162539039076236],
        [0.0, 0.0, 0.0033921801380146],
        [0.3333332999999996, 0.6666667000000004, 0.829590109194811],
        [0.6666667000000004, 0.3333332999999996, 0.6713490268430604],
        [0.0, 0.0, 0.49531767315694],
        [0.3333332999999996, 0.6666667000000004, 0.3370764908051882],
        [0.6666667000000004, 0.3333332999999996, 0.1632745198619858]
    ],
    "atom_properties": {
        "force": {
            "value": [
                [0.020292, 0.020292, 0.020292],
                [-0.020292, -0.020292, -0.020292],
                [0.036824, 0.036824, 0.036824],
                [0.020466, 0.020466, 0.020466],
                [-0.015075, -0.015075, -0.015075],
                [0.015075, 0.015075, 0.015075],
                [-0.020466, -0.020466, -0.020466],
                [-0.036824, -0.036824, -0.036824]
            ]
        }
    },
    "atom_type": [
        "N",
        "N",
        "Zr",
        "Zr",
        "Zr",
        "Zr",
        "Zr",
        "Zr"
    ],
    "coordinate_mode": "Direct",
    "global_properties": {
        "energy": {
            "value": -74.79744
        }
    },
    "lattice_vectors": [
        [2.311458417599169, 0.0, -2.311458417599169],
        [-2.311458417599169, 2.311458417599169, 0.0],
        [9.089476440151378, 9.089476440151378, 9.089476440151378]
    ]
}