{
    "atom_coords": [
        [0.5627162330576283, 0.5627162330576283, 0.3118513008271222],
        [0.3122837669423717, 0.3122837669423717, 0.0631486991728778],
        [0.0625919142956732, 0.0625919142956732, 0.8122242571129874],
        [0.9375, 0.9375, 0.1875],
        [0.8124080857043268, 0.8124080857043268, 0.5627757428870126],
        [0.9992771838299319, 0.9992771838299319, 0.0021684485101972],
        [0.8757228161700681, 0.8757228161700681, 0.3728315514898028],
        [0.7487668627393234, 0.7487668627393234, 0.7536994117820228],
        [0.6258302434262788, 0.6258302434262788, 0.1225092697211707],
        [0.4989174937555489, 0.4989174937555489, 0.5032475187333603],
        [0.3760825062444511, 0.3760825062444511, 0.8717524812666397],
        [0.2491697565737212, 0.2491697565737212, 0.2524907302788293],
        [0.1262331372606766, 0.1262331372606766, 0.6213005882179772]
    ],
    "atom_properties": {
        "force": {
            "value": [
                [0.032049, 0.032049, -0.032049],
                [-0.032049, -0.032049, 0.032049],
                [0.022793, 0.022793, -0.022793],
                [-0.0, 0.0, 0.0],
                [-0.022793, -0.022793, 0.022793],
                [0.007503, 0.007503, -0.007503],
                [-0.007503, -0.007503, 0.007503],
                [-0.021081, -0.021081, 0.021081],
                [-0.047385, -0.047385, 0.047385],
                [-0.00881, -0.00881, 0.00881],
                [0.00881, 0.00881, -0.00881],
                [0.047385, 0.047385, -0.047385],
                [0.021081, 0.021081, -0.021081]
            ]
        }
    },
    "atom_type": [
        "N",
        "N",
        "N",
        "N",
        "N",
        "Zr",
        "Zr",
        "Zr",
        "Zr",
        "Zr",
        "Zr",
        "Zr",
        "Zr"
    ],
    "coordinate_mode": "Direct",
    "global_properties": {
        "energy": {
            "value": -127.644
        }
    },
    "lattice_vectors": [
        [2.3093140408167443, 0.0, 2.3093140408167443],
        [0.0, 2.3093140408167443, 2.3093140408167443],
        [-11.439401619453989, -11.439401619453989, 13.748715660270731]
    ]
}