{
    "atom_coords": [
        [0.9284928680041418, 0.9284928680041418, 0.2145212959875877],
        [0.0711744788540472, 0.0711744788540472, 0.7864766634378597],
        [0.3573970211459496, 0.3573970211459496, 0.9278090365621452],
        [0.5000785319958609, 0.5000785319958609, 0.4997644040124101],
        [0.0004538952844158, 0.0004538952844158, 0.9986383141467456],
        [0.144117101396553, 0.144117101396553, 0.5676485958103186],
        [0.2844542986034497, 0.2844542986034497, 0.1466371041896792],
        [0.428117504715587, 0.428117504715587, 0.7156473858532522],
        [0.5728711666073636, 0.5728711666073636, 0.2813866001778749],
        [0.7142856999999978, 0.7142856999999978, 0.8571428999999995],
        [0.8557003333926332, 0.8557003333926332, 0.43289909982213]
    ],
    "atom_properties": {
        "force": {
            "value": [
                [-0.027371, 0.027371, 0.027371],
                [-0.027047, 0.027047, 0.027047],
                [0.027047, -0.027047, -0.027047],
                [0.027371, -0.027371, -0.027371],
                [0.033861, -0.033861, -0.033861],
                [0.005966, -0.005966, -0.005966],
                [-0.005966, 0.005966, 0.005966],
                [-0.033861, 0.033861, 0.033861],
                [-0.00966, 0.00966, 0.00966],
                [-0.0, 0.0, 0.0],
                [0.00966, -0.00966, -0.00966]
            ]
        }
    },
    "atom_type": [
        "N",
        "N",
        "N",
        "N",
        "Zr",
        "Zr",
        "Zr",
        "Zr",
        "Zr",
        "Zr",
        "Zr"
    ],
    "coordinate_mode": "Direct",
    "global_properties": {
        "energy": {
            "value": -107.06601
        }
    },
    "lattice_vectors": [
        [2.307373422197236, -2.2403e-12, 2.3073734221927547],
        [2.307373422197236, 2.3073734221927547, -2.2403e-12],
        [-9.185350921911791, 11.492724334002913, 11.492724334002913]
    ]
}