{
    "atom_coords": [
        [0.0, 0.7491897041732116, 0.7510122531537107],
        [0.5, 0.998843987470238, 0.0011560125297621],
        [0.0, 0.2495067297525679, 0.7504932702474321],
        [0.0, 0.2489877468462893, 0.2508102958267884],
        [0.0, 0.0067882339652527, 0.9932117660347473],
        [0.0, 0.003661142671767, 0.5029694782827221],
        [0.5, 0.244817065966501, 0.2422455866057689],
        [0.5, 0.2435198559073655, 0.7564801440926345],
        [0.0, 0.4963740160666177, 0.5036259839333823],
        [0.0, 0.4970305217172779, 0.996338857328233],
        [0.5, 0.7577544133942311, 0.755182934033499],
        [0.5, 0.7535265820686874, 0.2464734179313126]
    ],
    "atom_properties": {
        "force": {
            "value": [
                [0.0, -0.044163, 0.010149],
                [0.0, 0.0, -0.071986],
                [0.0, 0.0, 0.06796],
                [0.0, 0.044163, 0.010149],
                [0.0, 0.0, -0.032349],
                [0.0, -0.059584, 0.01914],
                [0.0, -0.066658, -0.030866],
                [0.0, 0.0, 0.013602],
                [0.0, 0.0, -0.017084],
                [0.0, 0.059584, 0.01914],
                [0.0, 0.066658, -0.030866],
                [0.0, 0.0, 0.04301]
            ]
        }
    },
    "atom_type": [
        "N",
        "N",
        "N",
        "N",
        "Zr",
        "Zr",
        "Zr",
        "Zr",
        "Zr",
        "Zr",
        "Zr",
        "Zr"
    ],
    "coordinate_mode": "Direct",
    "global_properties": {
        "energy": {
            "value": -115.62929
        }
    },
    "lattice_vectors": [
        [-4.552874922268329, 0.0, 0.0],
        [0.0, 4.6235008125341315, 4.5979733281637225],
        [0.0, 4.6235008125341315, -4.5979733281637225]
    ]
}