{
    "atom_coords": [
        [0.2503769886948959, 0.8760539639235176, 0.812193120671246],
        [0.749884914959253, 0.6252631855682012, 0.9387519759536147],
        [0.2497786574281733, 0.3739095887800303, 0.0628973551715504],
        [0.7502213425718267, 0.1260904112199697, 0.1871026448284496],
        [0.250115085040747, 0.8747368144317988, 0.3112480240463853],
        [0.7496230113051041, 0.6239460360764824, 0.437806879328754],
        [0.0073486999694623, 0.9995254399623192, 0.0068044746177094],
        [0.5, 0.75, 0.125],
        [0.9926513000305377, 0.5004745600376808, 0.2431955253822906],
        [0.5055508098977484, 0.2519150481498755, 0.3645472164579999],
        [0.0036592724957529, 0.9847619158539374, 0.4941218124172195],
        [0.5, 0.75, 0.625],
        [0.9963407275042471, 0.5152380841460626, 0.7558781875827805],
        [0.4944491901022516, 0.2480849518501245, 0.8854527835420001]
    ],
    "atom_properties": {
        "force": {
            "value": [
                [-0.011206, 0.01315, 0.017443],
                [-0.010231, 0.005168, 0.039615],
                [-0.002233, 0.002321, 0.032848],
                [0.002233, -0.002321, -0.032848],
                [0.010231, -0.005168, -0.039615],
                [0.011206, -0.01315, -0.017443],
                [-0.046542, 0.006932, 0.010078],
                [0.0, -0.0, 0.0],
                [0.046542, -0.006932, -0.010078],
                [0.064661, 0.005339, -0.023227],
                [0.00202, 0.000948, -0.02524],
                [0.0, -0.0, 0.0],
                [-0.00202, -0.000948, 0.02524],
                [-0.064661, -0.005339, 0.023227]
            ]
        }
    },
    "atom_type": [
        "N",
        "N",
        "N",
        "N",
        "N",
        "N",
        "Zr",
        "Zr",
        "Zr",
        "Zr",
        "Zr",
        "Zr",
        "Zr",
        "Zr"
    ],
    "coordinate_mode": "Direct",
    "global_properties": {
        "energy": {
            "value": -139.88733
        }
    },
    "lattice_vectors": [
        [2.2890404341669193, 2.3015163838569186, -4.623537051300236],
        [-2.286122063218043, 4.6054656229302715, 2.3145061470262007],
        [4.5733206148068835, 0.0035082156526661, 4.622813932589591]
    ]
}