{
    "atom_coords": [
        [0.3331389550932968, 0.5, 0.6662780101865948],
        [0.5001943449067028, 0.0, 0.0003886898134056],
        [0.0035834409874411, 0.0, 0.0071668819749107],
        [0.1753507420480034, 0.5, 0.3507013840960909],
        [0.3414999301425823, 0.0, 0.6829999602852439],
        [0.4918333698574173, 0.5, 0.9836667397147565],
        [0.6579826579519974, 0.0, 0.3159652159039084],
        [0.8297498590125585, 0.5, 0.6594998180250897]
    ],
    "atom_properties": {
        "force": {
            "value": [
                [-0.0, 0.0, 0.022462],
                [0.0, 0.0, -0.022462],
                [0.0, 0.0, -0.012688],
                [-0.0, 0.0, 0.056649],
                [0.0, 0.0, -0.021667],
                [-0.0, 0.0, 0.021667],
                [0.0, 0.0, -0.056649],
                [-0.0, 0.0, 0.012688]
            ]
        }
    },
    "atom_type": [
        "N",
        "N",
        "Zr",
        "Zr",
        "Zr",
        "Zr",
        "Zr",
        "Zr"
    ],
    "coordinate_mode": "Direct",
    "global_properties": {
        "energy": {
            "value": -75.095644
        }
    },
    "lattice_vectors": [
        [4.552874132714128, 0.0, -1.022262e-10],
        [0.0, 4.518263968027541, 0.0],
        [-2.276437071478697, 0.0, 7.086011392337227]
    ]
}