{
    "atom_coords": [
        [0.0, 0.0, 0.1607576712583807],
        [0.0, 0.0, 0.4987552968866993],
        [0.5, 0.5, 0.6693015590361995],
        [0.0, 0.0, 0.996656431584583],
        [0.5, 0.5, 0.1698668691115017],
        [0.0, 0.0, 0.3310533201092767],
        [0.5, 0.5, 0.5027517285238616],
        [0.0, 0.0, 0.663013128486206],
        [0.5, 0.5, 0.8411773950032924]
    ],
    "atom_properties": {
        "force": {
            "value": [
                [-0.0, 0.0, 0.054101],
                [-0.0, -0.0, -0.028425],
                [-0.0, 0.0, -0.031899],
                [0.0, 0.0, 0.033395],
                [0.0, -0.0, -0.00472],
                [-0.0, 0.0, 0.070991],
                [0.0, 0.0, -0.091566],
                [-0.0, -0.0, -0.066051],
                [-0.0, -0.0, 0.064175]
            ]
        }
    },
    "atom_type": [
        "N",
        "N",
        "N",
        "Zr",
        "Zr",
        "Zr",
        "Zr",
        "Zr",
        "Zr"
    ],
    "coordinate_mode": "Direct",
    "global_properties": {
        "energy": {
            "value": -86.77
        }
    },
    "lattice_vectors": [
        [2.307984400567259, 2.307984400567259, 0.0],
        [2.307984400567259, -2.307984400567259, 0.0],
        [0.0, 0.0, -13.546010398674275]
    ]
}