{
    "atom_coords": [
        [0.125, 0.125, 0.75],
        [0.875, 0.875, 0.25],
        [0.2480748933649863, 0.7480748933649863, 0.9961497867299585],
        [0.625, 0.625, 0.75],
        [0.0019251066350137, 0.5019251066350137, 0.5038502132700415],
        [0.375, 0.375, 0.25],
        [0.0071135659242927, 0.9940792016407229, 0.0011927675650227],
        [0.3636451036836164, 0.8636451036836164, 0.7500000000000071],
        [0.7559207983592771, 0.7428864340757073, 0.4988072324349773],
        [0.125, 0.625, 0.25],
        [0.4940792016407229, 0.5071135659242927, 0.0011927675650227],
        [0.8863548963163836, 0.3863548963163836, 0.7499999999999929],
        [0.2428864340757073, 0.2559207983592771, 0.4988072324349773],
        [0.625, 0.125, 0.25]
    ],
    "atom_properties": {
        "force": {
            "value": [
                [-0.0, -0.0, 0.0],
                [-0.0, -0.0, 0.0],
                [-0.0, -0.005927, 0.005927],
                [-0.0, -0.0, 0.0],
                [-0.0, 0.005927, -0.005927],
                [-0.0, -0.0, 0.0],
                [0.077892, -0.011942, 0.011942],
                [-0.0, 0.025902, 0.025902],
                [0.077892, 0.011942, -0.011942],
                [-0.0, -0.0, 0.0],
                [-0.077892, -0.011942, 0.011942],
                [-0.0, -0.025902, -0.025902],
                [-0.077892, 0.011942, -0.011942],
                [-0.0, -0.0, 0.0]
            ]
        }
    },
    "atom_type": [
        "N",
        "N",
        "N",
        "N",
        "N",
        "N",
        "Zr",
        "Zr",
        "Zr",
        "Zr",
        "Zr",
        "Zr",
        "Zr",
        "Zr"
    ],
    "coordinate_mode": "Direct",
    "global_properties": {
        "energy": {
            "value": -139.83415
        }
    },
    "lattice_vectors": [
        [4.603524693968694, 2.297165843647131, 2.2971658436776257],
        [-4.603524693968694, 2.297165843647131, 2.2971658436776257],
        [0.0, -6.906726671146879, 2.3123949939109494]
    ]
}