{
    "atom_coords": [
        [0.5, 0.0, 0.125],
        [0.5, 0.0, 0.3731891952358595],
        [0.0, 0.5, 0.501333279755606],
        [0.0, 0.5, 0.748666720244394],
        [0.5, 0.0, 0.8768108047641334],
        [0.0, 0.0, 0.0012716807886548],
        [0.5, 0.5, 0.125],
        [0.0, 0.0, 0.2487283192113452],
        [0.5, 0.5, 0.3842403886793306],
        [0.0, 0.0, 0.4904224160644688],
        [0.5, 0.5, 0.625],
        [0.0, 0.0, 0.7595775839355312],
        [0.5, 0.5, 0.8657596113206694]
    ],
    "atom_properties": {
        "force": {
            "value": [
                [-0.0, 0.0, -0.0],
                [0.040733, 0.0, -0.040733],
                [-0.038697, 0.0, 0.038697],
                [0.038697, 0.0, -0.038697],
                [-0.040733, 0.0, 0.040733],
                [0.009424, 0.0, -0.009424],
                [-0.0, 0.0, -0.0],
                [-0.009424, 0.0, 0.009424],
                [-0.020564, 0.0, 0.020564],
                [0.016704, 0.0, -0.016704],
                [-0.0, 0.0, -0.0],
                [-0.016704, 0.0, 0.016704],
                [0.020564, 0.0, -0.020564]
            ]
        }
    },
    "atom_type": [
        "N",
        "N",
        "N",
        "N",
        "N",
        "Zr",
        "Zr",
        "Zr",
        "Zr",
        "Zr",
        "Zr",
        "Zr",
        "Zr"
    ],
    "coordinate_mode": "Direct",
    "global_properties": {
        "energy": {
            "value": -127.95585
        }
    },
    "lattice_vectors": [
        [2.31794150874967, 0.0, 2.31794150874967],
        [0.0, 4.521477077720068, 0.0],
        [-9.341635436494727, 0.0, 9.341635436494727]
    ]
}