{
    "atom_coords": [
        [0.1235749571322344, 0.2471499142644618, 0.6887671019484856],
        [0.6271432662356631, 0.2542865324713333, 0.4353434083351004],
        [0.8722014905826612, 0.7444029811653081, 0.3131990769536728],
        [0.9990527595674621, 0.9981055191349242, 0.0027501623370725],
        [0.2564573492797351, 0.5129146985595341, 0.8800159539636638],
        [0.5070813425147449, 0.0141626850295822, 0.7489423499937402],
        [0.7400145583740354, 0.48002911674795, 0.6297649558288327],
        [0.0097432902397401, 0.0194865804795867, 0.4946583396437418],
        [0.251378186274124, 0.5027563725482764, 0.37268852926438],
        [0.4893083308077308, 0.9786166616153622, 0.2523566072947077],
        [0.7490444689918476, 0.4980889379836952, 0.1190135144366167]
    ],
    "atom_properties": {
        "force": {
            "value": [
                [-0.04347, 0.04347, 0.066979],
                [0.056529, -0.056529, -0.003319],
                [-0.009378, 0.009378, -0.030353],
                [-0.024707, 0.024707, 0.027402],
                [-0.043139, 0.043139, -0.031451],
                [0.020437, -0.020437, 0.036881],
                [-0.018558, 0.018558, 0.056828],
                [0.017925, -0.017925, -0.021402],
                [0.01987, -0.01987, 0.015933],
                [0.010154, -0.010154, -0.089441],
                [0.014337, -0.014337, -0.028057]
            ]
        }
    },
    "atom_type": [
        "N",
        "N",
        "N",
        "Zr",
        "Zr",
        "Zr",
        "Zr",
        "Zr",
        "Zr",
        "Zr",
        "Zr"
    ],
    "coordinate_mode": "Direct",
    "global_properties": {
        "energy": {
            "value": -103.83059
        }
    },
    "lattice_vectors": [
        [2.3210687667155594, 2.3210687667792396, -5.56802e-11],
        [-4.642405078392686, 2.321336321816936, 2.236652796697371],
        [4.666166676971597, -4.666166677320729, 9.014570235773666]
    ]
}