{
    "atom_coords": [
        [0.6666667000000004, 0.3333332999999996, 0.8333332999999996],
        [0.0, 0.0, 0.9921952688740845],
        [0.3333332999999996, 0.6666667000000004, 0.6744714311259159],
        [0.6666667000000004, 0.3333332999999996, 0.3333332999999996]
    ],
    "atom_properties": {
        "force": {
            "value": [
                [-0.0, 0.0, 0.0],
                [-0.008977, -0.008977, -0.008977],
                [0.008977, 0.008977, 0.008977],
                [-0.0, 0.0, 0.0]
            ]
        }
    },
    "atom_type": [
        "N",
        "Zr",
        "Zr",
        "Zr"
    ],
    "coordinate_mode": "Direct",
    "global_properties": {
        "energy": {
            "value": -37.365225
        }
    },
    "lattice_vectors": [
        [2.2999435342539245, 0.0, -2.2999435342539245],
        [-2.2999435342539245, 2.2999435342539245, 0.0],
        [4.607893679574584, 4.607893679574584, 4.607893679574584]
    ]
}