{
    "atom_coords": [
        [0.4376608364676287, 0.4376608364676287, 0.6870174905971211],
        [0.1872956543084072, 0.1872956543084072, 0.4381130370747712],
        [0.9376637874076152, 0.9376637874076152, 0.1870086377771614],
        [0.8124322096100798, 0.8124322096100798, 0.5627033711697536],
        [0.0006377166365468, 0.0006377166365468, 0.9980868500903668],
        [0.8743075086703556, 0.8743075086703556, 0.3770774739889262],
        [0.7504982963226752, 0.7504982963226752, 0.7485051110319816],
        [0.6240373611224115, 0.6240373611224115, 0.1278879166327584],
        [0.5008126074699106, 0.5008126074699106, 0.4975621775902539],
        [0.3744308737245987, 0.3744308737245987, 0.8767073788262039],
        [0.2510537279838374, 0.2510537279838374, 0.2468388160484949],
        [0.1241694202759334, 0.1241694202759334, 0.627491739172207]
    ],
    "atom_properties": {
        "force": {
            "value": [
                [-0.005462, -0.005462, 0.005462],
                [-0.029566, -0.029566, 0.029566],
                [0.036102, 0.036102, -0.036102],
                [-0.008304, -0.008304, 0.008304],
                [0.095253, 0.095253, -0.095253],
                [0.023942, 0.023942, -0.023942],
                [0.005918, 0.005918, -0.005918],
                [-0.002976, -0.002976, 0.002976],
                [-0.038891, -0.038891, 0.038891],
                [-0.085299, -0.085299, 0.085299],
                [-0.004558, -0.004558, 0.004558],
                [0.013841, 0.013841, -0.013841]
            ]
        }
    },
    "atom_type": [
        "N",
        "N",
        "N",
        "N",
        "Zr",
        "Zr",
        "Zr",
        "Zr",
        "Zr",
        "Zr",
        "Zr",
        "Zr"
    ],
    "coordinate_mode": "Direct",
    "global_properties": {
        "energy": {
            "value": -115.60402
        }
    },
    "lattice_vectors": [
        [2.3011233289276034, 0.0, 2.301123328927604],
        [0.0, 2.3011233289276034, 2.301123328927604],
        [-11.425444527517191, -11.425444527517191, 13.726567856444793]
    ]
}