{
    "atom_coords": [
        [0.2996442907427692, 0.2996442907427692, 0.1010671277716853],
        [0.9003557092572265, 0.9003557092572265, 0.2989328722283133],
        [9.2854505809e-06, 9.2854505809e-06, 0.9999721436482574],
        [0.7995839227303065, 0.7995839227303065, 0.6012482318090875],
        [0.6000000000000014, 0.6000000000000014, 0.2000000000000028],
        [0.4004160772696892, 0.4004160772696892, 0.7987517681909182],
        [0.199990714549422, 0.199990714549422, 0.4000278563517412]
    ],
    "atom_properties": {
        "force": {
            "value": [
                [-0.031118, -0.031118, 0.031118],
                [0.031118, 0.031118, -0.031118],
                [-0.007448, -0.007448, 0.007448],
                [-0.052289, -0.052289, 0.052289],
                [0.0, 0.0, -0.0],
                [0.052289, 0.052289, -0.052289],
                [0.007448, 0.007448, -0.007448]
            ]
        }
    },
    "atom_type": [
        "N",
        "N",
        "Zr",
        "Zr",
        "Zr",
        "Zr",
        "Zr"
    ],
    "coordinate_mode": "Direct",
    "global_properties": {
        "energy": {
            "value": -66.154997
        }
    },
    "lattice_vectors": [
        [2.2840595486486057, 0.0, 2.2840595486486057],
        [0.0, 2.2840595486486057, 2.2840595486486057],
        [-6.904653755567377, -6.904653755567377, 9.188713304215986]
    ]
}