{
    "atom_coords": [
        [0.5, 0.6256308601383438, 0.3761310211925561],
        [0.0, 0.000126363794827, 0.499873636205173],
        [0.5, 0.1238689788074439, 0.8743691398616562],
        [0.0, 0.003250676203514, 0.9947728074152593],
        [0.5, 0.122037853311376, 0.377962146688624],
        [0.0, 0.24296201766645, 0.753737355771328],
        [0.5, 0.3750972615792492, 0.1249027384207508],
        [0.0, 0.5052271925847407, 0.496749323796486],
        [0.5, 0.6239417053097895, 0.8760582946902105],
        [0.0, 0.746262644228672, 0.25703798233355],
        [0.5, 0.8815944463755869, 0.6184055536244131]
    ],
    "atom_properties": {
        "force": {
            "value": [
                [0.03879, -0.03879, 0.006901],
                [-0.086339, 0.086339, -0.0],
                [0.03879, -0.03879, -0.006901],
                [-0.010986, 0.010986, -0.060926],
                [-0.029559, 0.029559, -0.0],
                [0.012816, -0.012816, 0.053949],
                [0.023673, -0.023673, -0.0],
                [-0.010986, 0.010986, 0.060926],
                [0.046593, -0.046593, -0.0],
                [0.012816, -0.012816, -0.053949],
                [-0.035607, 0.035607, -0.0]
            ]
        }
    },
    "atom_type": [
        "N",
        "N",
        "N",
        "Zr",
        "Zr",
        "Zr",
        "Zr",
        "Zr",
        "Zr",
        "Zr",
        "Zr"
    ],
    "coordinate_mode": "Direct",
    "global_properties": {
        "energy": {
            "value": -103.73598
        }
    },
    "lattice_vectors": [
        [2.3007113468507288, 2.3007113468507288, 0.0],
        [-4.580869755202737, 4.580869755202737, 4.605035484113429],
        [4.580869755202737, -4.580869755202737, 4.605035484113429]
    ]
}