{
    "atom_coords": [
        [0.5, 0.75, 0.75],
        [0.0, 0.25, 0.75],
        [0.5, 0.25, 0.25],
        [0.0, 0.0052954747213505, 0.9947045252786495],
        [0.5, 0.0100184762381019, 0.5100184762381019],
        [0.0, 0.4947045252786495, 0.5052954747213505],
        [0.5, 0.4899815237618981, 0.9899815237618981]
    ],
    "atom_properties": {
        "force": {
            "value": [
                [-0.0, 0.0, 0.0],
                [0.0, 0.0, 0.0],
                [-0.0, 0.0, 0.0],
                [0.0, 0.035615, 0.0],
                [0.006972, 0.0, 0.006972],
                [0.0, -0.035615, 0.0],
                [-0.006972, 0.0, -0.006972]
            ]
        }
    },
    "atom_type": [
        "N",
        "N",
        "N",
        "Zr",
        "Zr",
        "Zr",
        "Zr"
    ],
    "coordinate_mode": "Direct",
    "global_properties": {
        "energy": {
            "value": -69.957357
        }
    },
    "lattice_vectors": [
        [2.308111937831624, 0.0, -2.308111937831624],
        [2.2936119832033723, 4.604904891754992, 2.2936119832033723],
        [2.2936119832033723, -4.604904891754992, 2.2936119832033723]
    ]
}