{
    "atom_coords": [
        [0.7450040039299282, 0.6316676034842104, 0.938527354780966],
        [0.7530488102093926, 0.1213814897635856, 0.188902855851957],
        [0.2513147690041535, 0.8721595404185649, 0.3111697923401806],
        [0.75285355541223, 0.6289933822294387, 0.4353316337624875],
        [0.9950573050581468, 0.9993476088988515, 0.0113187279535012],
        [0.5065157433645737, 0.7566745991302852, 0.1335349518812663],
        [0.9838339583264215, 0.5080760611452533, 0.2460560244788539],
        [0.5123232753141949, 0.2412604538300656, 0.3734016943929035],
        [0.013526736738001, 0.997480768013773, 0.4916931221247225],
        [0.5056886743475886, 0.7391455865834047, 0.6176309647905853],
        [0.9794285034424419, 0.4956962346991745, 0.7484989090886671],
        [0.5014046648529416, 0.2581166718033998, 0.878933968553909]
    ],
    "atom_properties": {
        "force": {
            "value": [
                [0.002838, -0.023527, -0.000674],
                [0.009536, -0.016131, 0.000482],
                [-0.030611, 0.019728, -0.010585],
                [0.016695, 0.025713, -0.006644],
                [0.001127, -0.013597, 0.039234],
                [-0.015295, -0.011977, -0.007303],
                [-0.004833, 0.008772, 0.019884],
                [0.02066, 0.011926, -0.007581],
                [-0.005788, -0.030563, -0.00723],
                [-0.011075, 0.018761, -0.03937],
                [0.033146, 0.034764, 0.042143],
                [-0.0164, -0.023869, -0.022356]
            ]
        }
    },
    "atom_type": [
        "N",
        "N",
        "N",
        "N",
        "Zr",
        "Zr",
        "Zr",
        "Zr",
        "Zr",
        "Zr",
        "Zr",
        "Zr"
    ],
    "coordinate_mode": "Direct",
    "global_properties": {
        "energy": {
            "value": -115.88338
        }
    },
    "lattice_vectors": [
        [2.2699768220834255, 2.2662379051305206, -4.697757379136238],
        [-2.298405106594709, 4.568868264073009, 2.3529301830348177],
        [4.586762924593425, -0.0101666276540443, 4.716266898249404]
    ]
}