{
    "atom_coords": [
        [0.5, 0.373749521157599, 0.6258329737165838],
        [0.0, 0.625, 0.875],
        [0.5, 0.876250478842401, 0.1241670262834162],
        [0.5, 0.125, 0.875],
        [0.0, 0.9908720792034842, 0.9992058209031001],
        [0.5, 0.0029474804381309, 0.4983643418628532],
        [0.5, 0.2470525195618691, 0.2516356581371468],
        [0.0, 0.2591279207965158, 0.7507941790968999],
        [0.0, 0.4979163502835249, 0.5004837425874413],
        [0.5, 0.5052868600686509, 0.9966527588698355],
        [0.5, 0.7447131399313491, 0.7533472411301645],
        [0.0, 0.7520836497164751, 0.2495162574125587]
    ],
    "atom_properties": {
        "force": {
            "value": [
                [-0.040602, 0.017156, 0.040602],
                [-0.0, 0.0, -0.0],
                [0.040602, -0.017156, -0.040602],
                [-0.0, 0.0, -0.0],
                [-0.016595, -0.068155, 0.016595],
                [0.055541, 0.042624, -0.055541],
                [-0.055541, -0.042624, 0.055541],
                [0.016595, 0.068155, -0.016595],
                [-0.057928, 0.033577, 0.057928],
                [0.025588, -0.004813, -0.025588],
                [-0.025588, 0.004813, 0.025588],
                [0.057928, -0.033577, -0.057928]
            ]
        }
    },
    "atom_type": [
        "N",
        "N",
        "N",
        "N",
        "Zr",
        "Zr",
        "Zr",
        "Zr",
        "Zr",
        "Zr",
        "Zr",
        "Zr"
    ],
    "coordinate_mode": "Direct",
    "global_properties": {
        "energy": {
            "value": -115.7344
        }
    },
    "lattice_vectors": [
        [2.301257432518729, 0.0, 2.301257432518729],
        [2.2859631140511496, 4.586113948076339, -2.2859631140511496],
        [-6.900131445589692, 4.628271694067191, 6.900131445589692]
    ]
}