{
    "atom_coords": [
        [0.0, 0.5, 0.5022300071299668],
        [0.5, 0.5, 0.75],
        [0.0, 0.0, 0.75],
        [0.0, 0.5, 0.9977699928700332],
        [0.0, 0.0, 0.0010071804101202],
        [0.5, 0.5, 0.0010071804101202],
        [0.0, 0.5, 0.25],
        [0.5, 0.0, 0.25],
        [0.0, 0.0, 0.4989928195898798],
        [0.5, 0.5, 0.4989928195898798],
        [0.0, 0.5, 0.75],
        [0.5, 0.0, 0.75]
    ],
    "atom_properties": {
        "force": {
            "value": [
                [0.0, 0.0, 0.085767],
                [-0.0, 0.0, -0.0],
                [-0.0, 0.0, -0.0],
                [-0.0, 0.0, -0.085767],
                [-0.0, -0.0, 0.058417],
                [-0.0, 0.0, 0.058417],
                [-0.0, 0.0, -0.0],
                [0.0, -0.0, -0.0],
                [-0.0, 0.0, -0.058417],
                [0.0, -0.0, -0.058417],
                [-0.0, 0.0, -0.0],
                [-0.0, 0.0, -0.0]
            ]
        }
    },
    "atom_type": [
        "N",
        "N",
        "N",
        "N",
        "Zr",
        "Zr",
        "Zr",
        "Zr",
        "Zr",
        "Zr",
        "Zr",
        "Zr"
    ],
    "coordinate_mode": "Direct",
    "global_properties": {
        "energy": {
            "value": -115.51318
        }
    },
    "lattice_vectors": [
        [4.574740912304887, 0.0, 0.0],
        [0.0, 4.574740912304887, 0.0],
        [0.0, 0.0, 9.201134231229295]
    ]
}