{
    "atom_coords": [
        [0.062481311954798, 0.062481311954798, 0.8125560641356131],
        [0.9375, 0.9375, 0.1875],
        [0.812518688045202, 0.812518688045202, 0.5624439358643869],
        [0.9999829629486925, 0.9999829629486925, 5.11111539296e-05],
        [0.8750170370513075, 0.8750170370513075, 0.3749488888460704],
        [0.7487512729975379, 0.7487512729975379, 0.7537461810073935],
        [0.6241539509041303, 0.6241539509041303, 0.1275381472876163],
        [0.4990316703056763, 0.4990316703056763, 0.5029049890829782],
        [0.3759683296943237, 0.3759683296943237, 0.8720950109170218],
        [0.2508460490958697, 0.2508460490958697, 0.2474618527123837],
        [0.1262487270024621, 0.1262487270024621, 0.6212538189926065]
    ],
    "atom_properties": {
        "force": {
            "value": [
                [0.044884, 0.044884, -0.044884],
                [-0.0, -0.0, -0.0],
                [-0.044884, -0.044884, 0.044884],
                [0.013003, 0.013003, -0.013003],
                [-0.013003, -0.013003, 0.013003],
                [-0.013788, -0.013788, 0.013788],
                [-0.043769, -0.043769, 0.043769],
                [0.007255, 0.007255, -0.007255],
                [-0.007255, -0.007255, 0.007255],
                [0.043769, 0.043769, -0.043769],
                [0.013788, 0.013788, -0.013788]
            ]
        }
    },
    "atom_type": [
        "N",
        "N",
        "N",
        "Zr",
        "Zr",
        "Zr",
        "Zr",
        "Zr",
        "Zr",
        "Zr",
        "Zr"
    ],
    "coordinate_mode": "Direct",
    "global_properties": {
        "energy": {
            "value": -103.67634
        }
    },
    "lattice_vectors": [
        [2.3074713751131677, 0.0, 2.3074713751131677],
        [0.0, 2.3074713751131677, 2.3074713751131677],
        [-11.469656410467854, -11.469656410467854, 13.77712778558102]
    ]
}