{
    "atom_coords": [
        [0.0, 0.0, 0.5],
        [0.0, 0.0, 0.0],
        [0.5, 0.0, 0.5],
        [0.0, 0.5, 0.5],
        [0.5, 0.5, 0.0]
    ],
    "atom_properties": {
        "force": {
            "value": [
                [0.0, 0.0, 0.0],
                [0.0, 0.0, 0.0],
                [0.0, 0.0, 0.0],
                [0.0, 0.0, 0.0],
                [0.0, 0.0, 0.0]
            ]
        }
    },
    "atom_type": [
        "N",
        "Zr",
        "Zr",
        "Zr",
        "Zr"
    ],
    "coordinate_mode": "Direct",
    "global_properties": {
        "energy": {
            "value": -46.056855
        }
    },
    "lattice_vectors": [
        [4.563104541761858, 0.0, 0.0],
        [0.0, 4.563104541761858, 0.0],
        [0.0, 0.0, 4.563104541761858]
    ]
}