{
    "atom_coords": [
        [0.4375, 0.9375, 0.1875],
        [0.6885136909771958, 0.1852651334289561, 0.437707484616638],
        [0.3124787815405554, 0.8121998774770347, 0.5628425594418474],
        [0.9375, 0.4375, 0.6875],
        [0.5625212184594446, 0.0628001225229653, 0.8121574405581526],
        [0.1864863090228042, 0.6897348665710439, 0.937292515383362],
        [0.0046393615136537, 0.9904797770764091, 0.0002414998962905],
        [0.6249349007400014, 0.6303636497548553, 0.1197665487651349],
        [0.2500650992599986, 0.2446363502451447, 0.2552334512348651],
        [0.8703606384863463, 0.8845202229235909, 0.3747585001037095],
        [0.498423159201451, 0.497299699402916, 0.5058539821941821],
        [0.125360741678918, 0.1263717967322791, 0.6229067199098992],
        [0.749639258321082, 0.748628203267721, 0.7520932800901008],
        [0.376576840798549, 0.377700300597084, 0.8691460178058179]
    ],
    "atom_properties": {
        "force": {
            "value": [
                [-0.0, -0.0, -0.0],
                [-0.02402, 0.059829, 0.02402],
                [0.017088, 0.003242, -0.017088],
                [-0.0, -0.0, -0.0],
                [-0.017088, -0.003242, 0.017088],
                [0.02402, -0.059829, -0.02402],
                [0.034233, -0.039157, -0.034233],
                [0.018815, 0.008357, -0.018815],
                [-0.018815, -0.008357, 0.018815],
                [-0.034233, 0.039157, 0.034233],
                [-0.051048, 0.048222, 0.051048],
                [-0.031754, -0.042641, 0.031754],
                [0.031754, 0.042641, -0.031754],
                [0.051048, -0.048222, -0.051048]
            ]
        }
    },
    "atom_type": [
        "N",
        "N",
        "N",
        "N",
        "N",
        "N",
        "Zr",
        "Zr",
        "Zr",
        "Zr",
        "Zr",
        "Zr",
        "Zr",
        "Zr"
    ],
    "coordinate_mode": "Direct",
    "global_properties": {
        "energy": {
            "value": -139.57776
        }
    },
    "lattice_vectors": [
        [2.3060933848471765, 0.0, 2.3060933848471765],
        [2.290892558570896, 6.896968087200489, 0.01520082627628],
        [-4.6023983831301045, 2.3210913567410145, 6.908491767977281]
    ]
}