{
    "atom_coords": [
        [0.5002717770726264, 0.0002717770726264, 0.5005435541452457],
        [0.25, 0.75, 0.0],
        [0.6241223670615383, 0.6241223670615383, 0.7482447341230696],
        [0.9997282229273736, 0.4997282229273736, 0.4994564458547543],
        [0.3758776329384617, 0.3758776329384617, 0.2517552658769304],
        [0.0083737499144974, 0.9916262500855026, 0.0],
        [0.374113056209822, 0.8600008106509165, 0.744977820817688],
        [0.7383676257138205, 0.7383676257138205, 0.5000000000000142],
        [0.1399991893490835, 0.625886943790178, 0.255022179182312],
        [0.4916262500855026, 0.5083737499144974, 0.0],
        [0.870864764607866, 0.3849770101667715, 0.7449778208176809],
        [0.2616323742861795, 0.2616323742861795, 0.4999999999999858],
        [0.6150229898332285, 0.129135235392134, 0.2550221791823191]
    ],
    "atom_properties": {
        "force": {
            "value": [
                [-0.00052, -0.065632, 0.064082],
                [5.3e-05, -0.0, -0.0],
                [-0.000112, -0.042462, 0.039844],
                [-0.00052, 0.065632, -0.064082],
                [-0.000112, 0.042462, -0.039844],
                [0.131721, -0.0, -0.0],
                [0.073689, 0.040873, 0.05996],
                [-0.000281, 0.094521, 0.098836],
                [0.073689, -0.040873, -0.05996],
                [-0.132802, 0.0, -0.0],
                [-0.072262, -0.06043, -0.038182],
                [-0.000281, -0.094521, -0.098836],
                [-0.072262, 0.06043, 0.038182]
            ]
        }
    },
    "atom_type": [
        "N",
        "N",
        "N",
        "N",
        "N",
        "Zr",
        "Zr",
        "Zr",
        "Zr",
        "Zr",
        "Zr",
        "Zr",
        "Zr"
    ],
    "coordinate_mode": "Direct",
    "global_properties": {
        "energy": {
            "value": -128.18932
        }
    },
    "lattice_vectors": [
        [4.613683553864677, 2.2887282490641323, 2.2887282490995964],
        [-4.613683553864677, 2.2887282490641323, 2.2887282490995964],
        [0.0, -6.902953565841805, 2.325497077739992]
    ]
}