{
    "atom_coords": [
        [0.429386495074489, 0.929386495074489, 0.8587730901489721],
        [0.5708360588256269, 0.0708360588256198, 0.1416720176512456],
        [0.8577354411743698, 0.3577354411743769, 0.7154707823487527],
        [0.9991849049255137, 0.4991849049255137, 0.9983698098510274],
        [0.0024616343658366, 0.0024616343658508, 0.0049232687316803],
        [0.1422461372061861, 0.1422461372061861, 0.2844923744123875],
        [0.2863252627938166, 0.2863252627938166, 0.572650525587612],
        [0.4261097656341661, 0.4261097656341519, 0.8522196312683192],
        [0.5704278785951686, 0.5704278785951615, 0.1408556571903432],
        [0.7142856999999978, 0.7142856999999978, 0.4285714000000027],
        [0.8581436214048281, 0.8581436214048352, 0.7162871428096551]
    ],
    "atom_properties": {
        "force": {
            "value": [
                [0.0717, -0.0, 0.0717],
                [-0.005834, 0.0, -0.005834],
                [0.005834, -0.0, 0.005834],
                [-0.0717, 0.0, -0.0717],
                [0.009316, -0.0, 0.009316],
                [-0.043687, 0.0, -0.043687],
                [0.043687, -0.0, 0.043687],
                [-0.009316, 0.0, -0.009316],
                [-0.045707, 0.0, -0.045707],
                [-0.0, 0.0, 0.0],
                [0.045707, -0.0, 0.045707]
            ]
        }
    },
    "atom_type": [
        "N",
        "N",
        "N",
        "N",
        "Zr",
        "Zr",
        "Zr",
        "Zr",
        "Zr",
        "Zr",
        "Zr"
    ],
    "coordinate_mode": "Direct",
    "global_properties": {
        "energy": {
            "value": -107.12141
        }
    },
    "lattice_vectors": [
        [2.291128343274337, 0.0, -2.291128343274337],
        [-9.1182e-12, 4.591571508839107, -9.1182e-12],
        [6.923565822116637, -2.2957857594623543, 9.214694165390972]
    ]
}