{
    "atom_coords": [
        [0.0, 0.0007332510557205, 0.5002508589274086],
        [0.5, 0.1242667489442795, 0.8747491410725914],
        [0.0, 0.0029607118097132, 0.9955702038745855],
        [0.5, 0.1220392881902868, 0.3794297961254145],
        [0.0, 0.2424446634899837, 0.7541359059170176],
        [0.5, 0.377838802812569, 0.1282681899885176],
        [0.0, 0.4999906029376788, 0.4993778808777307],
        [0.5, 0.6250093970623212, 0.8756221191222693],
        [0.0, 0.747161197187431, 0.2467318100114824],
        [0.5, 0.8825553365100163, 0.6208640940829824]
    ],
    "atom_properties": {
        "force": {
            "value": [
                [-0.017897, 0.017897, 0.007823],
                [0.017897, -0.017897, -0.007823],
                [-0.005365, 0.005365, -0.014823],
                [0.005365, -0.005365, 0.014823],
                [0.040116, -0.040116, 0.009926],
                [0.044685, -0.044685, 0.13851],
                [0.012264, -0.012264, 0.031651],
                [-0.012264, 0.012264, -0.031651],
                [-0.044685, 0.044685, -0.13851],
                [-0.040116, 0.040116, -0.009926]
            ]
        }
    },
    "atom_type": [
        "N",
        "N",
        "Zr",
        "Zr",
        "Zr",
        "Zr",
        "Zr",
        "Zr",
        "Zr",
        "Zr"
    ],
    "coordinate_mode": "Direct",
    "global_properties": {
        "energy": {
            "value": -91.63657
        }
    },
    "lattice_vectors": [
        [2.2841308449780344, 2.2841308449780344, 0.0],
        [-4.6072692168333065, 4.6072692168333065, 4.6052791723624384],
        [4.584737773884146, -4.584737773884146, 4.560493143113076]
    ]
}