{
    "atom_coords": [
        [0.8332653935828773, 0.8332653935828773, 0.6665308871657558],
        [0.5000679064171223, 0.5000679064171223, 0.0001358128342446],
        [0.996068841763524, 0.996068841763524, 0.9921376835270479],
        [0.6666667000000004, 0.6666667000000004, 0.3333332999999996],
        [0.3372644582364757, 0.3372644582364757, 0.6745290164729525]
    ],
    "atom_properties": {
        "force": {
            "value": [
                [-0.0, 0.0, -0.108363],
                [0.0, 0.0, 0.108363],
                [-0.0, 0.0, -0.092405],
                [-0.0, -0.0, -0.0],
                [-0.0, 0.0, 0.092405]
            ]
        }
    },
    "atom_type": [
        "N",
        "N",
        "Zr",
        "Zr",
        "Zr"
    ],
    "coordinate_mode": "Direct",
    "global_properties": {
        "energy": {
            "value": -49.45034
        }
    },
    "lattice_vectors": [
        [2.2995417809993715, -2.2995417809993715, 0.0],
        [2.2995417809993715, 2.2995417809993715, 0.0],
        [-2.2995417809993715, 0.0, 6.857511440307509]
    ]
}