{
    "atom_coords": [
        [0.0, 0.5, 0.0],
        [0.5, 0.8749536976866068, 0.1250463023133932],
        [0.0, 0.0, 0.5],
        [0.5, 0.1250463023133932, 0.8749536976866068],
        [0.0, 0.0, 0.0],
        [0.5, 0.1180735216973829, 0.378805817864091],
        [0.0, 0.2442444581224237, 0.7557555418775763],
        [0.5, 0.378805817864091, 0.1180735216973829],
        [0.0, 0.5, 0.5],
        [0.5, 0.621194182135909, 0.8819264783026171],
        [0.0, 0.7557555418775763, 0.2442444581224237],
        [0.5, 0.8819264783026171, 0.621194182135909]
    ],
    "atom_properties": {
        "force": {
            "value": [
                [-0.0, 0.0, 0.0],
                [-0.102523, 0.102523, 0.0],
                [-0.0, 0.0, -0.0],
                [0.102523, -0.102523, 0.0],
                [-0.0, 0.0, -0.0],
                [0.005516, -0.005516, 0.089692],
                [0.059331, -0.059331, 0.0],
                [-0.005516, 0.005516, 0.089692],
                [-0.0, 0.0, 0.0],
                [0.005516, -0.005516, -0.089692],
                [-0.059331, 0.059331, 0.0],
                [-0.005516, 0.005516, -0.089692]
            ]
        }
    },
    "atom_type": [
        "N",
        "N",
        "N",
        "N",
        "Zr",
        "Zr",
        "Zr",
        "Zr",
        "Zr",
        "Zr",
        "Zr",
        "Zr"
    ],
    "coordinate_mode": "Direct",
    "global_properties": {
        "energy": {
            "value": -115.86805
        }
    },
    "lattice_vectors": [
        [2.299234686801982, 2.299234686801982, 0.0],
        [-4.612120357788245, 4.612120357788245, 4.5819593485557455],
        [4.612120357788245, -4.612120357788245, 4.5819593485557455]
    ]
}