{
    "atom_coords": [
        [0.6422552406290905, 0.2845105812581892, 0.0712428549358535],
        [0.0714285999999973, 0.1428571000000005, 0.7857143000000022],
        [0.5006018593709101, 0.001203718741813, 0.5001857450641438],
        [0.0090043805763074, 0.0180087611526076, 0.0016067720416757],
        [0.7070198652436233, 0.4140397304872252, 0.8589688883562303],
        [0.4358372347563773, 0.871674569512777, 0.712459711643767],
        [0.1338527194236931, 0.2677055388473946, 0.5698218279583216],
        [0.8639941394717496, 0.7279881789434626, 0.4296880246096464],
        [0.5714285999999973, 0.1428571000000005, 0.2857143000000022],
        [0.278863060528252, 0.5577261210565325, 0.1417404753903568]
    ],
    "atom_properties": {
        "force": {
            "value": [
                [0.004053, 0.004053, 0.012753],
                [-0.0, 0.0, -0.0],
                [-0.004053, -0.004053, -0.012753],
                [-0.009686, -0.009686, 0.133173],
                [-0.005963, -0.005963, -0.094657],
                [0.005963, 0.005963, 0.094657],
                [0.009686, 0.009686, -0.133173],
                [-0.000333, -0.000333, -0.027424],
                [-0.0, 0.0, -0.0],
                [0.000333, 0.000333, 0.027424]
            ]
        }
    },
    "atom_type": [
        "N",
        "N",
        "N",
        "Zr",
        "Zr",
        "Zr",
        "Zr",
        "Zr",
        "Zr",
        "Zr"
    ],
    "coordinate_mode": "Direct",
    "global_properties": {
        "energy": {
            "value": -95.398723
        }
    },
    "lattice_vectors": [
        [2.326265847076047, -2.326265847079767, 2.74982e-11],
        [2.267613578003854, 4.593879414961265, -2.257968649407325],
        [2.3375978182746024, 2.3375978181678194, 9.181341853296052]
    ]
}