{
    "atom_coords": [
        [0.4290416569247384, 0.8580834138494708, 0.7856110812860848],
        [0.0002058828587153, 0.0004117657174234, 0.4993447414316279],
        [0.1426512171412853, 0.2853025342825788, 0.9292266585683748],
        [0.7138154430752621, 0.4276308861505314, 0.6429603187139179],
        [0.9996799996051635, 0.999359999210327, 0.9931007587474383],
        [0.5714285999999973, 0.1428571000000005, 0.7142856999999978],
        [0.143177100394837, 0.2863543007896681, 0.4354706412525644],
        [0.712717752205549, 0.4254355044110909, 0.1368462540990691],
        [0.2830592350214403, 0.5661184700428734, 0.8491592954930027],
        [0.8597979649785614, 0.7195958299571217, 0.579412204506994],
        [0.4301393477944515, 0.8602787955889113, 0.2917251459009336]
    ],
    "atom_properties": {
        "force": {
            "value": [
                [0.034662, -0.039006, 0.034662],
                [-0.029116, -0.025166, -0.029116],
                [0.029116, 0.025166, 0.029116],
                [-0.034662, 0.039006, -0.034662],
                [-0.009893, -0.045162, -0.009893],
                [0.0, -0.0, 0.0],
                [0.009893, 0.045162, 0.009893],
                [-0.054215, 0.002907, -0.054215],
                [-0.019213, 0.023228, -0.019213],
                [0.019213, -0.023228, 0.019213],
                [0.054215, -0.002907, 0.054215]
            ]
        }
    },
    "atom_type": [
        "N",
        "N",
        "N",
        "N",
        "Zr",
        "Zr",
        "Zr",
        "Zr",
        "Zr",
        "Zr",
        "Zr"
    ],
    "coordinate_mode": "Direct",
    "global_properties": {
        "energy": {
            "value": -107.06153
        }
    },
    "lattice_vectors": [
        [2.301788074744553, 0.0, -2.301788074744553],
        [-0.0103746254622131, 6.913119612601769, 2.29141344928234],
        [4.581520230392521, -4.615240267604233, 4.581520230392521]
    ]
}