{
    "atom_coords": [
        [0.5, 0.0, 0.5006304832839774],
        [0.0, 0.5, 0.6666667000000004],
        [0.5, 0.0, 0.8327028167160222],
        [0.0, 0.0, 0.9998577460828315],
        [0.5, 0.5, 0.1666667000000004],
        [0.0, 0.0, 0.3334755539171681],
        [0.5, 0.5, 0.5045572168984194],
        [0.0, 0.0, 0.6666667000000004],
        [0.5, 0.5, 0.8287760831015802]
    ],
    "atom_properties": {
        "force": {
            "value": [
                [-0.014501, 0.0, 0.014501],
                [0.0, 0.0, -0.0],
                [0.014501, 0.0, -0.014501],
                [0.035613, 0.0, -0.035613],
                [-0.0, 0.0, -0.0],
                [-0.035613, 0.0, 0.035613],
                [-0.005573, 0.0, 0.005573],
                [0.0, 0.0, -0.0],
                [0.005573, 0.0, -0.005573]
            ]
        }
    },
    "atom_type": [
        "N",
        "N",
        "N",
        "Zr",
        "Zr",
        "Zr",
        "Zr",
        "Zr",
        "Zr"
    ],
    "coordinate_mode": "Direct",
    "global_properties": {
        "energy": {
            "value": -86.646911
        }
    },
    "lattice_vectors": [
        [2.2918766047327432, 0.0, 2.2918766047327432],
        [0.0, 4.589588495904386, 0.0],
        [-6.884109004773358, 0.0, 6.884109004773358]
    ]
}