{
    "atom_coords": [
        [0.5, 0.0, 0.3748473041308387],
        [0.5, 0.0, 0.625],
        [0.5, 0.0, 0.8751526958691613],
        [0.0, 0.0, 0.9964357979537724],
        [0.5, 0.5, 0.125],
        [0.0, 0.0, 0.2535642020462276],
        [0.5, 0.5, 0.3725453641327405],
        [0.0, 0.0, 0.4997312622672752],
        [0.5, 0.5, 0.625],
        [0.0, 0.0, 0.7502687377327248],
        [0.5, 0.5, 0.8774546358672595]
    ],
    "atom_properties": {
        "force": {
            "value": [
                [-0.071799, 0.0, 0.071799],
                [0.0, 0.0, 0.0],
                [0.071799, 0.0, -0.071799],
                [-0.03792, 0.0, 0.03792],
                [0.0, 0.0, 0.0],
                [0.03792, 0.0, -0.03792],
                [0.025225, 0.0, -0.025225],
                [-0.034747, 0.0, 0.034747],
                [0.0, 0.0, 0.0],
                [0.034747, 0.0, -0.034747],
                [-0.025225, 0.0, 0.025225]
            ]
        }
    },
    "atom_type": [
        "N",
        "N",
        "N",
        "Zr",
        "Zr",
        "Zr",
        "Zr",
        "Zr",
        "Zr",
        "Zr",
        "Zr"
    ],
    "coordinate_mode": "Direct",
    "global_properties": {
        "energy": {
            "value": -103.71651
        }
    },
    "lattice_vectors": [
        [2.301459797088634, 0.0, 2.301459797088634],
        [0.0, 4.547206791232976, 0.0],
        [-9.17719886182986, 0.0, 9.17719886182986]
    ]
}