{
    "atom_coords": [
        [0.5, 0.5, 0.5],
        [0.0, 0.7504899367710394, 0.2504899367710394],
        [0.0, 0.7504899367710394, 0.7495100632289606],
        [0.5, 0.0, 0.5],
        [0.5, 0.0, 0.0],
        [0.0, 0.2495100632289606, 0.7495100632289606],
        [0.0, 0.2495100632289606, 0.2504899367710394],
        [0.0, 0.0, 0.0],
        [0.0, 0.0, 0.5],
        [0.5, 0.2460800350761048, 0.2539199649238952],
        [0.5, 0.2460800350761048, 0.7460800350761048],
        [0.0, 0.5, 0.5],
        [0.0, 0.5, 0.0],
        [0.5, 0.7539199649238952, 0.7460800350761048],
        [0.5, 0.7539199649238952, 0.2539199649238952]
    ],
    "atom_properties": {
        "force": {
            "value": [
                [0.0, 0.0, -0.0],
                [0.0, -0.002065, -0.0],
                [0.0, 0.0, -0.002065],
                [0.0, 0.0, -0.0],
                [0.0, 0.0, -0.0],
                [0.0, 0.002065, -0.0],
                [0.0, 0.0, 0.002065],
                [0.0, 0.0, -0.0],
                [0.0, 0.0, -0.0],
                [0.0, 0.0, -0.027176],
                [0.0, -0.027176, -0.0],
                [0.0, -0.0, -0.0],
                [0.0, 0.0, -0.0],
                [0.0, 0.0, 0.027176],
                [0.0, 0.027176, -0.0]
            ]
        }
    },
    "atom_type": [
        "N",
        "N",
        "N",
        "N",
        "N",
        "N",
        "N",
        "Zr",
        "Zr",
        "Zr",
        "Zr",
        "Zr",
        "Zr",
        "Zr",
        "Zr"
    ],
    "coordinate_mode": "Direct",
    "global_properties": {
        "energy": {
            "value": -151.36985
        }
    },
    "lattice_vectors": [
        [-4.60601990033826, 0.0, 0.0],
        [0.0, 4.591137691306225, 4.591137691306225],
        [0.0, 4.591137691306225, -4.591137691306225]
    ]
}