{
    "atom_coords": [
        [0.5, 0.5, 0.0018390615879014],
        [0.0, 0.0, 0.25],
        [0.5, 0.5, 0.4981609384121057],
        [0.0, 0.0, 0.9998620892744157],
        [0.5, 0.5, 0.25],
        [0.0, 0.0, 0.5001379107255843],
        [0.5, 0.5, 0.75]
    ],
    "atom_properties": {
        "force": {
            "value": [
                [-0.0, -0.0, -0.142792],
                [-0.0, -0.0, 0.0],
                [0.0, 0.0, 0.142792],
                [-0.0, -0.0, 0.077865],
                [-0.0, -0.0, 0.0],
                [-0.0, -0.0, -0.077865],
                [0.0, 0.0, 0.0]
            ]
        }
    },
    "atom_type": [
        "N",
        "N",
        "N",
        "Zr",
        "Zr",
        "Zr",
        "Zr"
    ],
    "coordinate_mode": "Direct",
    "global_properties": {
        "energy": {
            "value": -69.709501
        }
    },
    "lattice_vectors": [
        [2.292079927385192, 2.292079927385192, 0.0],
        [2.292079927385192, -2.292079927385192, 0.0],
        [0.0, 0.0, -9.183748810282701]
    ]
}