{
    "atom_coords": [
        [0.166514912672973, 0.0, 0.3330297253459307],
        [0.3333332999999996, 0.5, 0.6666667000000004],
        [0.5001517873270274, 0.0, 0.0003035746540689],
        [0.0077747370043113, 0.0, 0.0155494740086866],
        [0.1782579362044387, 0.5, 0.3565157724089403],
        [0.3333332999999996, 0.0, 0.6666667000000004],
        [0.4884087637955616, 0.5, 0.9768175275910593],
        [0.6588919629956891, 0.0, 0.3177838259913131],
        [0.8333332999999996, 0.5, 0.6666667000000004]
    ],
    "atom_properties": {
        "force": {
            "value": [
                [0.0, 0.0, -0.016663],
                [0.0, 0.0, 0.0],
                [-0.0, 0.0, 0.016663],
                [-0.0, 0.0, 0.01584],
                [-0.0, 0.0, 0.023383],
                [-0.0, 0.0, 0.0],
                [0.0, 0.0, -0.023383],
                [0.0, 0.0, -0.01584],
                [-0.0, 0.0, 0.0]
            ]
        }
    },
    "atom_type": [
        "N",
        "N",
        "N",
        "Zr",
        "Zr",
        "Zr",
        "Zr",
        "Zr",
        "Zr"
    ],
    "coordinate_mode": "Direct",
    "global_properties": {
        "energy": {
            "value": -87.029357
        }
    },
    "lattice_vectors": [
        [4.542324653255155, 0.0, -1.021781e-10],
        [0.0, 4.558417233992219, 0.0],
        [-2.271162331738011, 0.0, 7.0854941966052705]
    ]
}