{
    "atom_coords": [
        [0.6666667000000004, 0.3333332999999996, 0.9160586010828311],
        [0.0, 0.0, 0.7498554604078365],
        [0.3333332999999996, 0.6666667000000004, 0.5834778395921631],
        [0.6666667000000004, 0.3333332999999996, 0.4172747989171697],
        [0.0, 0.0, 0.9989318335409365],
        [0.3333332999999996, 0.6666667000000004, 0.8352485284199389],
        [0.6666667000000004, 0.3333332999999996, 0.6666667000000004],
        [0.0, 0.0, 0.4980847715800607],
        [0.3333332999999996, 0.6666667000000004, 0.3344014664590631],
        [0.6666667000000004, 0.3333332999999996, 0.1666667000000004]
    ],
    "atom_properties": {
        "force": {
            "value": [
                [-0.022563, -0.022563, -0.022563],
                [0.011298, 0.011298, 0.011298],
                [-0.011298, -0.011298, -0.011298],
                [0.022563, 0.022563, 0.022563],
                [-0.050404, -0.050404, -0.050404],
                [0.038578, 0.038578, 0.038578],
                [0.0, 0.0, 0.0],
                [-0.038578, -0.038578, -0.038578],
                [0.050404, 0.050404, 0.050404],
                [0.0, 0.0, 0.0]
            ]
        }
    },
    "atom_type": [
        "N",
        "N",
        "N",
        "N",
        "Zr",
        "Zr",
        "Zr",
        "Zr",
        "Zr",
        "Zr"
    ],
    "coordinate_mode": "Direct",
    "global_properties": {
        "energy": {
            "value": -98.495173
        }
    },
    "lattice_vectors": [
        [2.2953147569754395, 0.0, -2.2953147569754395],
        [-2.2953147569754395, 2.2953147569754395, 0.0],
        [9.186002888656345, 9.186002888656345, 9.186002888656345]
    ]
}