{
    "atom_coords": [
        [0.0, 0.75, 0.25],
        [0.6673556992030001, 0.7486120799359739, 0.91667662165802],
        [0.0, 0.25, 0.75],
        [0.3326443007969999, 0.7513879200640261, 0.58332337834198],
        [0.0072135705461065, 0.98913546388615, 0.9964373950215517],
        [0.335033369951482, 0.5043867443549672, 0.8255464157420818],
        [0.664966630048518, 0.9956132556450328, 0.6744535842579182],
        [0.9927864294538935, 0.51086453611385, 0.5035626049784483],
        [0.342587269631224, 0.9826872155633808, 0.3321381451740706],
        [0.657412730368776, 0.5173127844366192, 0.1678618548259294]
    ],
    "atom_properties": {
        "force": {
            "value": [
                [0.0, -0.0, 0.0],
                [-0.101291, -0.101291, 0.067938],
                [0.0, -0.0, 0.0],
                [0.101291, 0.101291, -0.067938],
                [-0.027997, -0.027997, -0.063992],
                [-0.030665, -0.030665, 0.033947],
                [0.030665, 0.030665, -0.033947],
                [0.027997, 0.027997, 0.063992],
                [0.007424, 0.007424, -0.025236],
                [-0.007424, -0.007424, 0.025236]
            ]
        }
    },
    "atom_type": [
        "N",
        "N",
        "N",
        "N",
        "Zr",
        "Zr",
        "Zr",
        "Zr",
        "Zr",
        "Zr"
    ],
    "coordinate_mode": "Direct",
    "global_properties": {
        "energy": {
            "value": -99.015045
        }
    },
    "lattice_vectors": [
        [2.3139063869797605, -2.3139063870169903, -1.26992e-11],
        [4.607914508206857, 2.294008131352633, -2.2825138344243174],
        [4.62520294396972, 2.311296567166024, 6.899375506275405]
    ]
}