{
    "atom_coords": [
        [0.937724344869757, 0.937724344869757, 0.1868269653907362],
        [0.812275655130243, 0.812275655130243, 0.5631730346092638],
        [0.0009236170878069, 0.0009236170878069, 0.9972291487365936],
        [0.875, 0.875, 0.375],
        [0.7490763829121931, 0.7490763829121931, 0.7527708512634064],
        [0.6241978544823041, 0.6241978544823041, 0.1274064365530947],
        [0.4991528998152859, 0.4991528998152859, 0.5025413005541282],
        [0.375, 0.375, 0.875],
        [0.2508471001847141, 0.2508471001847141, 0.2474586994458718],
        [0.1258021455176959, 0.1258021455176959, 0.6225935634469053]
    ],
    "atom_properties": {
        "force": {
            "value": [
                [0.001778, 0.001778, -0.001778],
                [-0.001778, -0.001778, 0.001778],
                [0.034503, 0.034503, -0.034503],
                [0.0, 0.0, 0.0],
                [-0.034503, -0.034503, 0.034503],
                [0.014897, 0.014897, -0.014897],
                [-0.051727, -0.051727, 0.051727],
                [0.0, 0.0, 0.0],
                [0.051727, 0.051727, -0.051727],
                [-0.014897, -0.014897, 0.014897]
            ]
        }
    },
    "atom_type": [
        "N",
        "N",
        "Zr",
        "Zr",
        "Zr",
        "Zr",
        "Zr",
        "Zr",
        "Zr",
        "Zr"
    ],
    "coordinate_mode": "Direct",
    "global_properties": {
        "energy": {
            "value": -91.69271
        }
    },
    "lattice_vectors": [
        [2.2938047504750956, 0.0, 2.2938047504750956],
        [0.0, 2.2938047504750956, 2.2938047504750956],
        [-11.44591700810653, -11.44591700810653, 13.739721758581625]
    ]
}