{
    "atom_coords": [
        [0.299697733230893, 0.299697733230893, 0.100906800307321],
        [0.1000000000000014, 0.1000000000000014, 0.7000000000000028],
        [0.9003022667691027, 0.9003022667691027, 0.2990931996926776],
        [0.99933522575148, 0.99933522575148, 0.0019943227455528],
        [0.7982611543344689, 0.7982611543344689, 0.6052165369965792],
        [0.6000000000000014, 0.6000000000000014, 0.2000000000000028],
        [0.4017388456655269, 0.4017388456655269, 0.7947834630034194],
        [0.2006647742485228, 0.2006647742485228, 0.3980056772544458]
    ],
    "atom_properties": {
        "force": {
            "value": [
                [-0.041642, -0.041642, 0.041642],
                [-0.0, -0.0, 0.0],
                [0.041642, 0.041642, -0.041642],
                [-0.027549, -0.027549, 0.027549],
                [0.017975, 0.017975, -0.017975],
                [-0.0, -0.0, 0.0],
                [-0.017975, -0.017975, 0.017975],
                [0.027549, 0.027549, -0.027549]
            ]
        }
    },
    "atom_type": [
        "N",
        "N",
        "N",
        "Zr",
        "Zr",
        "Zr",
        "Zr",
        "Zr"
    ],
    "coordinate_mode": "Direct",
    "global_properties": {
        "energy": {
            "value": -78.121744
        }
    },
    "lattice_vectors": [
        [2.3003152571242342, 0.0, 2.3003152571242342],
        [0.0, 2.3003152571242342, 2.3003152571242342],
        [-6.914793109182661, -6.914793109182661, 9.215108366306893]
    ]
}