{
    "atom_coords": [
        [0.75, 0.875, 0.625],
        [0.4959418097865722, 0.0099340749853667, 0.9981823054415457],
        [0.0040581902134278, 0.7400659250146333, 0.2518176945584543],
        [0.9958741106540216, 0.9943003818931402, 0.0139513967988663],
        [0.25, 0.375, 0.125],
        [0.5041258893459784, 0.7556996181068598, 0.2360486032011337],
        [0.7579140058553975, 0.1010418782537812, 0.3831301100354452],
        [0.9938687006804585, 0.5184194105526032, 0.4938431880864584],
        [0.25, 0.875, 0.625],
        [0.5061312993195415, 0.2315805894473968, 0.7561568119135416],
        [0.7420859941446025, 0.6489581217462188, 0.8668698899645548]
    ],
    "atom_properties": {
        "force": {
            "value": [
                [0.0, -0.0, -0.0],
                [0.0, 0.002639, 0.043312],
                [-0.0, -0.002639, -0.043312],
                [0.0, 0.027263, 0.079587],
                [0.0, 0.0, 0.0],
                [-0.0, -0.027263, -0.079587],
                [0.0, 0.073361, 0.045636],
                [-0.0, -0.056503, -0.010229],
                [0.0, 0.0, 0.0],
                [0.0, 0.056503, 0.010229],
                [-0.0, -0.073361, -0.045636]
            ]
        }
    },
    "atom_type": [
        "N",
        "N",
        "N",
        "Zr",
        "Zr",
        "Zr",
        "Zr",
        "Zr",
        "Zr",
        "Zr",
        "Zr"
    ],
    "coordinate_mode": "Direct",
    "global_properties": {
        "energy": {
            "value": -104.12776
        }
    },
    "lattice_vectors": [
        [4.543167424426952, 9.6265e-12, 3.94973e-11],
        [2.2715837171613615, 4.572472951958761, -2.3204795941595964],
        [2.2715837172380517, 4.645740547091104, 7.111444551239636]
    ]
}