{
    "atom_coords": [
        [0.6256972421058435, 0.2513944842117724, 0.4382782411248627],
        [0.8743027578941565, 0.7486055157882276, 0.3117217588751373],
        [0.0014663066334606, 0.0029326132669425, 0.9950473670381399],
        [0.25, 0.5, 0.875],
        [0.4985336933665394, 0.9970673867330575, 0.7549526329618601],
        [0.7536032887335793, 0.5072065774671941, 0.6315805317834418],
        [0.0079890498271382, 0.0159780996543262, 0.4964845512579785],
        [0.25, 0.5, 0.375],
        [0.4920109501728618, 0.9840219003456738, 0.2535154487420215],
        [0.7463967112664207, 0.4927934225328059, 0.1184194682165582]
    ],
    "atom_properties": {
        "force": {
            "value": [
                [0.003947, -0.003947, -0.028147],
                [-0.003947, 0.003947, 0.028147],
                [0.026542, -0.026542, 0.008935],
                [-0.0, -0.0, 0.0],
                [-0.026542, 0.026542, -0.008935],
                [-0.048179, 0.048179, 0.080169],
                [-0.057056, 0.057056, -0.012855],
                [-0.0, -0.0, 0.0],
                [0.057056, -0.057056, 0.012855],
                [0.048179, -0.048179, -0.080169]
            ]
        }
    },
    "atom_type": [
        "N",
        "N",
        "Zr",
        "Zr",
        "Zr",
        "Zr",
        "Zr",
        "Zr",
        "Zr",
        "Zr"
    ],
    "coordinate_mode": "Direct",
    "global_properties": {
        "energy": {
            "value": -91.764738
        }
    },
    "lattice_vectors": [
        [2.314198732418905, 2.314198732462205, -4.49733e-11],
        [-4.62183186532154, 2.3076331430030024, 2.2536889366189596],
        [4.602462256221121, -4.602462256487766, 8.963266138082007]
    ]
}