{
    "atom_coords": [
        [0.5, 0.0, 0.3753020778087475],
        [0.5, 0.0, 0.6258516293606888],
        [0.0, 0.5, 0.7497776092047133],
        [0.5, 0.0, 0.8739621329591571],
        [0.0, 0.0, 0.0010454980881605],
        [0.5, 0.5, 0.1252685212843048],
        [0.0, 0.0, 0.2536639777310015],
        [0.5, 0.5, 0.3712381924916173],
        [0.0, 0.0, 0.4961284561275576],
        [0.5, 0.5, 0.630274882434847],
        [0.0, 0.0, 0.7512286834399191],
        [0.5, 0.5, 0.8712583390692998]
    ],
    "atom_properties": {
        "force": {
            "value": [
                [-0.042424, 0.0, 0.042424],
                [0.024024, 0.0, -0.024024],
                [-0.013256, 0.0, 0.013256],
                [0.000799, 0.0, -0.000799],
                [-0.011784, 0.0, 0.011784],
                [-0.008998, 0.0, 0.008998],
                [0.004194, 0.0, -0.004194],
                [0.083125, 0.0, -0.083125],
                [-0.032683, 0.0, 0.032683],
                [0.001978, 0.0, -0.001978],
                [0.004844, 0.0, -0.004844],
                [-0.009819, 0.0, 0.009819]
            ]
        }
    },
    "atom_type": [
        "N",
        "N",
        "N",
        "N",
        "Zr",
        "Zr",
        "Zr",
        "Zr",
        "Zr",
        "Zr",
        "Zr",
        "Zr"
    ],
    "coordinate_mode": "Direct",
    "global_properties": {
        "energy": {
            "value": -115.66314
        }
    },
    "lattice_vectors": [
        [2.3035831802339897, 0.0, 2.3035831802339897],
        [0.0, 4.567787418084922, 0.0],
        [-9.1780629340597, 0.0, 9.1780629340597]
    ]
}