{
    "atom_coords": [
        [0.2136511130957857, 0.9251124274492426, 0.3548183183082472],
        [0.7871129677339042, 0.0685003606703916, 0.6445200783292577],
        [0.3557442322660975, 0.2172139393296035, 0.9269084216707455],
        [0.9292059869042149, 0.3606018725507596, 0.2166102816917501],
        [0.0169790960957101, 0.0199090402060378, 0.0040377416933524],
        [0.5714285999999973, 0.1428571000000005, 0.2857143000000022],
        [0.1258780039042904, 0.2658052597939644, 0.5673908583066449],
        [0.6989702635375181, 0.4120733452878937, 0.8663740373305941],
        [0.2701797917935451, 0.5667353729715217, 0.1400373448278671],
        [0.8726774082064566, 0.7189789270284734, 0.4313911551721361],
        [0.4438868364624824, 0.8736409547121085, 0.7050545626694031]
    ],
    "atom_properties": {
        "force": {
            "value": [
                [0.02138, -0.023726, -0.037474],
                [-0.023609, -0.017159, 0.017448],
                [0.023609, 0.017159, -0.017448],
                [-0.02138, 0.023726, 0.037474],
                [0.014114, -0.012768, -0.008343],
                [-0.0, 0.0, -0.0],
                [-0.014114, 0.012768, 0.008343],
                [-0.042867, 0.012141, -0.000956],
                [-0.050114, 0.084286, 0.022675],
                [0.050114, -0.084286, -0.022675],
                [0.042867, -0.012141, 0.000956]
            ]
        }
    },
    "atom_type": [
        "N",
        "N",
        "N",
        "N",
        "Zr",
        "Zr",
        "Zr",
        "Zr",
        "Zr",
        "Zr",
        "Zr"
    ],
    "coordinate_mode": "Direct",
    "global_properties": {
        "energy": {
            "value": -107.6266
        }
    },
    "lattice_vectors": [
        [2.2624207458928054, -4.713120081173529, -2.2866509217230657],
        [-4.5542036406209, -2.3645300051684472, 2.2746909844864827],
        [-2.2902203516443387, 2.350610642774544, -4.589402085125632]
    ]
}