{
    "atom_coords": [
        [0.25, 0.875, 0.8125],
        [0.7553836054705698, 0.1275883487186107, 0.1875015810288687],
        [0.7446163945294302, 0.6224116512813893, 0.4374984189711313],
        [0.0018848063581913, 0.0051016865979534, 0.9990456029082324],
        [0.5100984012247878, 0.7696833173014497, 0.1279908171265731],
        [0.982262483299543, 0.4843130730792495, 0.2505146668868363],
        [0.517737516700457, 0.2656869269207505, 0.3744853331131637],
        [0.9899015987752122, 0.9803166826985503, 0.4970091828734269],
        [0.4981151936418087, 0.7448983134020466, 0.6259543970917676],
        [0.0118948194155521, 0.525258283571624, 0.7538449629485555],
        [0.4881051805844479, 0.224741716428376, 0.8711550370514445]
    ],
    "atom_properties": {
        "force": {
            "value": [
                [0.0, -0.0, 0.0],
                [-0.054897, -0.011823, 0.058163],
                [0.054897, 0.011823, -0.058163],
                [-0.039102, -0.022814, 0.024995],
                [0.00929, 0.017704, 0.004235],
                [0.038181, -0.022634, -0.025484],
                [-0.038181, 0.022634, 0.025484],
                [-0.00929, -0.017704, -0.004235],
                [0.039102, 0.022814, -0.024995],
                [0.065894, -0.014048, -0.015046],
                [-0.065894, 0.014048, 0.015046]
            ]
        }
    },
    "atom_type": [
        "N",
        "N",
        "N",
        "Zr",
        "Zr",
        "Zr",
        "Zr",
        "Zr",
        "Zr",
        "Zr",
        "Zr"
    ],
    "coordinate_mode": "Direct",
    "global_properties": {
        "energy": {
            "value": -104.08114
        }
    },
    "lattice_vectors": [
        [2.2654560337180096, 2.3730089969037027, -4.536646843824966],
        [-2.25040840476669, 4.7464496075320435, 2.275529394227316],
        [4.550516371159108, 0.0240737786581868, 4.557482929321477]
    ]
}