{
    "atom_coords": [
        [0.5, 0.5020210582596505, 0.5003150629681272],
        [0.0, 0.874088036382588, 0.7481760727651832],
        [0.5, 0.9982940047084838, 0.5003150629681272],
        [0.0, 0.001861258338451, 0.003722516676909],
        [0.5, 0.1162758862908433, 0.7493392965399579],
        [0.0, 0.2484435940447867, 0.4968871880895591],
        [0.5, 0.3716426137041466, 0.2460354438641659],
        [0.0, 0.5020964751749091, 0.0041929503498324],
        [0.5, 0.6330634102491146, 0.7493392965399437],
        [0.0, 0.7528208326870072, 0.5056416653740214],
        [0.5, 0.8743928301600263, 0.2460354438641588]
    ],
    "atom_properties": {
        "force": {
            "value": [
                [-0.003276, 0.003276, -0.020834],
                [0.0, -0.0, 0.064628],
                [0.003276, -0.003276, -0.020834],
                [0.0, -0.0, 0.118393],
                [-0.012752, 0.012752, 0.053386],
                [-0.0, 0.0, -0.092449],
                [-0.008615, 0.008615, -0.069599],
                [0.0, -0.0, 0.0783],
                [0.012752, -0.012752, 0.053386],
                [-0.0, 0.0, -0.094777],
                [0.008615, -0.008615, -0.069599]
            ]
        }
    },
    "atom_type": [
        "N",
        "N",
        "N",
        "Zr",
        "Zr",
        "Zr",
        "Zr",
        "Zr",
        "Zr",
        "Zr",
        "Zr"
    ],
    "coordinate_mode": "Direct",
    "global_properties": {
        "energy": {
            "value": -103.7774
        }
    },
    "lattice_vectors": [
        [2.3061785155961085, 2.3061785155961085, 0.0],
        [-4.58801895364903, 4.58801895364903, 4.70258e-11],
        [2.2940094817845322, -2.2940094817845322, 9.077320621503935]
    ]
}