{
    "atom_coords": [
        [0.1246056556734985, 0.1246056556734985, 0.7492113113469969],
        [0.8753943443265015, 0.8753943443265015, 0.2507886886530031],
        [0.6246056556734985, 0.6246056556734985, 0.7492113113469969],
        [0.0, 0.5, 0.5],
        [0.3753943443265015, 0.3753943443265015, 0.2507886886530031],
        [0.0, 0.0, 0.0],
        [0.3660940587606447, 0.8660940587606447, 0.7436957740689749],
        [0.7547129488832596, 0.7452870511167404, 0.5],
        [0.1223982846916556, 0.6223982846916556, 0.2563042259310393],
        [0.5, 0.5, 0.0],
        [0.8776017153083444, 0.3776017153083444, 0.7436957740689607],
        [0.2452870511167404, 0.2547129488832596, 0.5],
        [0.6339059412393553, 0.1339059412393553, 0.2563042259310251]
    ],
    "atom_properties": {
        "force": {
            "value": [
                [0.0, -0.021969, 0.021969],
                [0.0, 0.021969, -0.021969],
                [0.0, -0.021969, 0.021969],
                [0.0, 0.0, 0.0],
                [0.0, 0.021969, -0.021969],
                [0.0, 0.0, 0.0],
                [0.0, 0.006663, -0.082294],
                [-0.052303, 0.0, 0.0],
                [0.0, -0.082294, 0.006663],
                [0.0, -0.0, -0.0],
                [0.0, 0.082294, -0.006663],
                [0.052303, -0.0, -0.0],
                [0.0, -0.006663, 0.082294]
            ]
        }
    },
    "atom_type": [
        "N",
        "N",
        "N",
        "N",
        "N",
        "Zr",
        "Zr",
        "Zr",
        "Zr",
        "Zr",
        "Zr",
        "Zr",
        "Zr"
    ],
    "coordinate_mode": "Direct",
    "global_properties": {
        "energy": {
            "value": -127.63443
        }
    },
    "lattice_vectors": [
        [4.515806192150495, 2.3271507247857515, 2.327150724851082],
        [-4.515806192150495, 2.3271507247857515, 2.327150724851082],
        [0.0, -6.9688424760904075, 2.3145410367429666]
    ]
}