{
    "atom_coords": [
        [0.7861245276709852, 0.5722490553419632, 0.8564122336240274],
        [0.3578740031793615, 0.7157479063587147, 0.5709554676334108],
        [0.499268896820638, 0.9985377936412831, 0.0004731323665865],
        [0.0710183723290143, 0.1420366446580346, 0.7150163663759699],
        [0.9968224215925687, 0.9936448431851659, 0.9934336343754495],
        [0.5680348402024009, 0.1360695804048433, 0.7232901024170317],
        [0.1468667960257832, 0.2937336920515392, 0.4344776861046],
        [0.7102760039742151, 0.4205520079484657, 0.1369508138954032],
        [0.2891080597975986, 0.5782161195951545, 0.8481384975829656],
        [0.8603204784074308, 0.7206408568148319, 0.5779949656245549],
        [0.4285714000000027, 0.8571428999999995, 0.2857143000000022]
    ],
    "atom_properties": {
        "force": {
            "value": [
                [0.0, -0.041394, 0.019085],
                [-0.0, 0.071658, -0.118795],
                [0.0, -0.071658, 0.118795],
                [-0.0, 0.041394, -0.019085],
                [0.0, -0.041674, 0.052566],
                [-0.0, 0.046284, -0.014416],
                [-0.0, 0.094162, 0.029884],
                [0.0, -0.094162, -0.029884],
                [0.0, -0.046284, 0.014416],
                [-0.0, 0.041674, -0.052566],
                [0.0, -0.0, -0.0]
            ]
        }
    },
    "atom_type": [
        "N",
        "N",
        "N",
        "N",
        "Zr",
        "Zr",
        "Zr",
        "Zr",
        "Zr",
        "Zr",
        "Zr"
    ],
    "coordinate_mode": "Direct",
    "global_properties": {
        "energy": {
            "value": -107.44366
        }
    },
    "lattice_vectors": [
        [4.606950469072741, -2.54147e-11, -5.1771e-12],
        [-2.303475239586733, 4.607884551916108, -2.2846112198226187],
        [-2.03055e-11, 2.3115195813157143, 6.869117333868498]
    ]
}