{
    "atom_coords": [
        [0.5626716793227757, 0.1906904481429379, 0.1253433586455444],
        [0.6878192161728691, 0.5639082660395687, 0.3756384323457311],
        [0.8121807838271309, 0.9360917339604313, 0.6243615676542689],
        [0.9373283206772243, 0.3093095518570621, 0.8746566413544556],
        [0.004637666380404, 0.0156785649023945, 0.0092753327608079],
        [0.1258111847824566, 0.3755304881310266, 0.2516223695649202],
        [0.25, 0.75, 0.5],
        [0.3741888152175434, 0.1244695118689734, 0.7483776304350798],
        [0.495362333619596, 0.4843214350976055, 0.9907246672391921],
        [0.6258483126263883, 0.8745752983544222, 0.2516966252527695],
        [0.75, 0.25, 0.5],
        [0.8741516873736117, 0.6254247016455778, 0.7483033747472305]
    ],
    "atom_properties": {
        "force": {
            "value": [
                [0.011715, 0.013065, 0.011715],
                [-0.008775, 0.015716, -0.008775],
                [0.008775, -0.015716, 0.008775],
                [-0.011715, -0.013065, -0.011715],
                [0.061529, -0.054227, 0.061529],
                [0.031459, 0.036089, 0.031459],
                [-0.0, -0.0, -0.0],
                [-0.031459, -0.036089, -0.031459],
                [-0.061529, 0.054227, -0.061529],
                [0.02629, 0.024274, 0.02629],
                [-0.0, -0.0, -0.0],
                [-0.02629, -0.024274, -0.02629]
            ]
        }
    },
    "atom_type": [
        "N",
        "N",
        "N",
        "N",
        "Zr",
        "Zr",
        "Zr",
        "Zr",
        "Zr",
        "Zr",
        "Zr",
        "Zr"
    ],
    "coordinate_mode": "Direct",
    "global_properties": {
        "energy": {
            "value": -115.77779
        }
    },
    "lattice_vectors": [
        [2.3321668910747633, 0.0, -2.3321668910747633],
        [2.320686275832025, 4.477651332617657, 2.320686275832025],
        [4.66566200374995, -6.7463976447764935, 6.997828894824713]
    ]
}