{
    "atom_coords": [
        [0.0833332999999996, 0.3333332999999996, 0.75],
        [0.4177085320771425, 0.6645830358456948, 0.7500000000000071],
        [0.5833332999999996, 0.3333332999999996, 0.25],
        [0.7489581679228579, 0.0020836641543056, 0.7499999999999929],
        [0.9938088625676826, 0.0108251530708614, 0.989919617831788],
        [0.1728578374323178, 0.655841546929139, 0.510080382168212],
        [0.34846604142286, 0.3333333000000138, 0.9904426271427695],
        [0.495365984361456, 0.0108251530708614, 0.5100803821681978],
        [0.6713007156385444, 0.655841546929139, 0.9899196178318022],
        [0.8182005585771392, 0.3333332999999854, 0.5095573728572305]
    ],
    "atom_properties": {
        "force": {
            "value": [
                [0.0, -0.0, -0.0],
                [0.0, 0.077413, 0.077413],
                [-0.0, -0.0, -0.0],
                [-0.0, -0.077413, -0.077413],
                [-0.001814, 0.066949, -0.003429],
                [0.001814, -0.066949, 0.003429],
                [0.154324, -0.060342, 0.060342],
                [0.001814, -0.003429, 0.066949],
                [-0.001814, 0.003429, -0.066949],
                [-0.154324, 0.060342, -0.060342]
            ]
        }
    },
    "atom_type": [
        "N",
        "N",
        "N",
        "N",
        "Zr",
        "Zr",
        "Zr",
        "Zr",
        "Zr",
        "Zr"
    ],
    "coordinate_mode": "Direct",
    "global_properties": {
        "energy": {
            "value": -99.122985
        }
    },
    "lattice_vectors": [
        [4.59828163887854, 2.3069249745642857, -2.3069249745642866],
        [2.2991408244821785, 4.60548275647754, 2.298557792033307],
        [4.599293578201678, -2.307972015101086, 2.3079720151627012]
    ]
}