{
    "atom_coords": [
        [0.0, 0.625, 0.875],
        [0.5, 0.125, 0.875],
        [0.0, 0.125, 0.375],
        [0.0, 0.9931953181417157, 0.9916234239031709],
        [0.5, 0.003490856956212, 0.4927259157290038],
        [0.5, 0.246509143043788, 0.2572740842709962],
        [0.0, 0.2568046818582843, 0.7583765760968291],
        [0.0, 0.4980605360088148, 0.4965577266256034],
        [0.5, 0.4989505096519764, 0.9962559364773824],
        [0.5, 0.7510494903480236, 0.7537440635226176],
        [0.0, 0.7519394639911852, 0.2534422733743966]
    ],
    "atom_properties": {
        "force": {
            "value": [
                [0.0, 0.0, -0.0],
                [0.0, 0.0, -0.0],
                [0.0, 0.0, -0.0],
                [-0.008405, -0.043399, 0.008405],
                [-0.033941, 0.058671, 0.033941],
                [0.033941, -0.058671, -0.033941],
                [0.008405, 0.043399, -0.008405],
                [0.021968, 0.014162, -0.021968],
                [-0.042327, -0.010046, 0.042327],
                [0.042327, 0.010046, -0.042327],
                [-0.021968, -0.014162, 0.021968]
            ]
        }
    },
    "atom_type": [
        "N",
        "N",
        "N",
        "Zr",
        "Zr",
        "Zr",
        "Zr",
        "Zr",
        "Zr",
        "Zr",
        "Zr"
    ],
    "coordinate_mode": "Direct",
    "global_properties": {
        "energy": {
            "value": -103.78766
        }
    },
    "lattice_vectors": [
        [2.3033525021749224, 0.0, 2.3033525021749224],
        [2.30034115663939, 4.670577146409194, -2.30034115663939],
        [-6.812401382068944, 4.581768978276698, 6.812401382068944]
    ]
}