{
    "atom_coords": [
        [0.5, 0.2496722143043897, 0.00025602746868],
        [0.5, 0.5003277856956103, 0.49974397253132],
        [0.5, 0.7505838131642832, 0.0002560274686729],
        [0.0, 0.875, 0.75],
        [0.5, 0.9994161868357168, 0.4997439725313271],
        [0.0, 0.998408385005014, 0.9968167700100281],
        [0.5, 0.1134859780084483, 0.75],
        [0.0, 0.2489534517292142, 0.4979069034584285],
        [0.5, 0.375, 0.25],
        [0.0, 0.5010465482707858, 0.0020930965415715],
        [0.5, 0.6365140219915517, 0.75],
        [0.0, 0.751591614994986, 0.5031832299899719],
        [0.5, 0.875, 0.25]
    ],
    "atom_properties": {
        "force": {
            "value": [
                [-0.020359, 0.020359, -0.017031],
                [0.020359, -0.020359, 0.017031],
                [0.020359, -0.020359, -0.017031],
                [0.0, -0.0, -0.0],
                [-0.020359, 0.020359, 0.017031],
                [0.0, -0.0, 0.10591],
                [0.021277, -0.021277, -0.0],
                [0.0, -0.0, 0.038114],
                [0.0, -0.0, -0.0],
                [-0.0, 0.0, -0.038114],
                [-0.021277, 0.021277, 0.0],
                [-0.0, 0.0, -0.10591],
                [0.0, -0.0, 0.0]
            ]
        }
    },
    "atom_type": [
        "N",
        "N",
        "N",
        "N",
        "N",
        "Zr",
        "Zr",
        "Zr",
        "Zr",
        "Zr",
        "Zr",
        "Zr",
        "Zr"
    ],
    "coordinate_mode": "Direct",
    "global_properties": {
        "energy": {
            "value": -127.79732
        }
    },
    "lattice_vectors": [
        [2.3119685326520063, 2.3119685326520063, 0.0],
        [-4.606759319218114, 4.606759319218114, 2.48647e-11],
        [2.303379664611844, -2.303379664611844, 9.117793952023575]
    ]
}