{
    "atom_coords": [
        [0.75, 0.75, 0.25],
        [0.25, 0.25, 0.75],
        [0.25, 0.75, 0.75],
        [0.75, 0.75, 0.75],
        [0.0042674393663589, 0.9957325606336411, 0.9957325606336411],
        [0.5042674393663589, 0.9957325606336411, 0.9957325606336411],
        [0.0, 0.5062185851027081, 0.9937814148972919],
        [0.5, 0.5104226886154493, 0.9895773113845507],
        [0.0, 0.9895773113845507, 0.5104226886154493],
        [0.5, 0.9937814148972919, 0.5062185851027081],
        [0.9957325606336411, 0.5042674393663589, 0.5042674393663589],
        [0.4957325606336411, 0.5042674393663589, 0.5042674393663589]
    ],
    "atom_properties": {
        "force": {
            "value": [
                [-0.0, 0.0, -0.0],
                [0.0, 0.0, -0.0],
                [0.0, 0.0, -0.0],
                [0.0, 0.0, -0.0],
                [-0.009724, -0.0, -0.0],
                [-0.009724, -0.0, -0.0],
                [0.0, 0.054088, -0.054088],
                [0.0, -0.001485, 0.001485],
                [0.0, 0.001485, -0.001485],
                [0.0, -0.054088, 0.054088],
                [0.009724, 0.0, 0.0],
                [0.009724, 0.0, 0.0]
            ]
        }
    },
    "atom_type": [
        "N",
        "N",
        "N",
        "N",
        "Zr",
        "Zr",
        "Zr",
        "Zr",
        "Zr",
        "Zr",
        "Zr",
        "Zr"
    ],
    "coordinate_mode": "Direct",
    "global_properties": {
        "energy": {
            "value": -115.86739
        }
    },
    "lattice_vectors": [
        [0.0, 4.593523986215725, 4.593523986215725],
        [4.636315498334459, 0.0232869997803155, 4.570236986435411],
        [4.636315498334459, 4.570236986435411, 0.0232869997803155]
    ]
}