{
    "atom_coords": [
        [0.25, 0.25, 0.75],
        [0.75, 0.75, 0.25],
        [0.25, 0.25, 0.25],
        [0.0037147176976262, 0.0037147176976262, 0.0050818265393673],
        [0.4962852823023738, 0.4962852823023738, 0.0050818265393673],
        [0.4920148390808663, 0.0079851609191337, 0.75],
        [0.0079851609191337, 0.4920148390808663, 0.75],
        [0.0037147176976262, 0.0037147176976262, 0.4949181734606327],
        [0.4962852823023738, 0.4962852823023738, 0.4949181734606327],
        [0.5026352335647459, 0.9973647664352541, 0.25],
        [0.9973647664352541, 0.5026352335647459, 0.25]
    ],
    "atom_properties": {
        "force": {
            "value": [
                [0.0, -0.0, 0.0],
                [0.0, -0.0, 0.0],
                [0.0, -0.0, 0.0],
                [0.001599, -0.010026, 0.0],
                [0.010026, -0.001599, 0.0],
                [0.0, -0.0, 0.064556],
                [0.0, -0.0, -0.064556],
                [-0.010026, 0.001599, 0.0],
                [-0.001599, 0.010026, 0.0],
                [0.0, -0.0, 0.001798],
                [0.0, -0.0, -0.001798]
            ]
        }
    },
    "atom_type": [
        "N",
        "N",
        "N",
        "Zr",
        "Zr",
        "Zr",
        "Zr",
        "Zr",
        "Zr",
        "Zr",
        "Zr"
    ],
    "coordinate_mode": "Direct",
    "global_properties": {
        "energy": {
            "value": -103.94269
        }
    },
    "lattice_vectors": [
        [-2.284616928255489, -2.284616928255489, -4.592257577345446],
        [-2.284616928255489, -2.284616928255489, 4.592257577345446],
        [-4.586799838237609, 4.586799838237609, 0.0]
    ]
}