{
    "atom_coords": [
        [0.5, 0.0, 0.1250730766968502],
        [0.0, 0.5, 0.2506811872295174],
        [0.5, 0.0, 0.3748322267364728],
        [0.0, 0.5, 0.5],
        [0.5, 0.0, 0.6251677732635272],
        [0.0, 0.5, 0.7493188127704826],
        [0.5, 0.0, 0.8749269233031498],
        [0.0, 0.0, 0.0],
        [0.5, 0.5, 0.1296394792940987],
        [0.0, 0.0, 0.2469796122608017],
        [0.5, 0.5, 0.3740983681437768],
        [0.0, 0.0, 0.5],
        [0.5, 0.5, 0.6259016318562232],
        [0.0, 0.0, 0.7530203877391983],
        [0.5, 0.5, 0.8703605207059013]
    ],
    "atom_properties": {
        "force": {
            "value": [
                [0.031334, -0.0, -0.031334],
                [-0.053023, -0.0, 0.053023],
                [-0.000121, -0.0, 0.000121],
                [0.0, -0.0, 0.0],
                [0.000121, -0.0, -0.000121],
                [0.053023, -0.0, -0.053023],
                [-0.031334, -0.0, 0.031334],
                [0.0, -0.0, 0.0],
                [-0.100711, -0.0, 0.100711],
                [0.016003, 0.0, -0.016003],
                [-0.00695, -0.0, 0.00695],
                [0.0, -0.0, 0.0],
                [0.00695, -0.0, -0.00695],
                [-0.016003, -0.0, 0.016003],
                [0.100711, -0.0, -0.100711]
            ]
        }
    },
    "atom_type": [
        "N",
        "N",
        "N",
        "N",
        "N",
        "N",
        "N",
        "Zr",
        "Zr",
        "Zr",
        "Zr",
        "Zr",
        "Zr",
        "Zr",
        "Zr"
    ],
    "coordinate_mode": "Direct",
    "global_properties": {
        "energy": {
            "value": -151.37789
        }
    },
    "lattice_vectors": [
        [2.2996527476859665, 0.0, 2.2996527476859665],
        [0.0, 4.597658538607281, 0.0],
        [-9.20068615201718, 0.0, 9.20068615201718]
    ]
}