{
    "atom_coords": [
        [0.6434644831318579, 0.2869290662637312, 0.0704016711317621],
        [0.3565960654416216, 0.7131920308832349, 0.9266407838200763],
        [0.0714285999999973, 0.1428571000000005, 0.7857143000000022],
        [0.7862611345583801, 0.5725222691167602, 0.6447877161799269],
        [0.4993926168681426, 0.998785233736271, 0.5010269288682352],
        [0.0030825886729033, 0.0061651773458706, 0.0002409566942774],
        [0.7160116427688195, 0.4320232855376815, 0.8620291869352883],
        [0.4268454572311811, 0.8536910144623207, 0.709399413064709],
        [0.1397745113270972, 0.2795491226541316, 0.5711876433057199],
        [0.8635796066320296, 0.7271591132641859, 0.4324883973198084],
        [0.5714285999999973, 0.1428571000000005, 0.2857143000000022],
        [0.2792775933679721, 0.5585551867358092, 0.1389401026801949]
    ],
    "atom_properties": {
        "force": {
            "value": [
                [-0.032663, -0.032663, 0.006182],
                [-0.012949, -0.012949, -0.048159],
                [0.0, 0.0, -0.0],
                [0.012949, 0.012949, 0.048159],
                [0.032663, 0.032663, -0.006182],
                [-0.022692, -0.022692, -0.038892],
                [0.008267, 0.008267, 0.027886],
                [-0.008267, -0.008267, -0.027886],
                [0.022692, 0.022692, 0.038892],
                [0.069733, 0.069733, -0.024482],
                [-0.0, 0.0, -0.0],
                [-0.069733, -0.069733, 0.024482]
            ]
        }
    },
    "atom_type": [
        "N",
        "N",
        "N",
        "N",
        "N",
        "Zr",
        "Zr",
        "Zr",
        "Zr",
        "Zr",
        "Zr",
        "Zr"
    ],
    "coordinate_mode": "Direct",
    "global_properties": {
        "energy": {
            "value": -119.14983
        }
    },
    "lattice_vectors": [
        [2.3110968553241196, -2.3110968553139095, 5.6008e-12],
        [2.2859668716684114, 4.597063716888819, -2.2856398780706915],
        [2.312022149003356, 2.3120221489706996, 9.195563650609234]
    ]
}