{
    "atom_coords": [
        [0.0, 0.125, 0.375],
        [0.0, 0.9993056496645139, 0.996200154403617],
        [0.5, 0.0043599658701297, 0.4972241508754536],
        [0.5, 0.2456400341298703, 0.2527758491245464],
        [0.0, 0.2506943503354861, 0.753799845596383],
        [0.0, 0.4975576821614283, 0.5024928627036616],
        [0.5, 0.4975910021603767, 0.0013689778195882],
        [0.5, 0.7524089978396233, 0.7486310221804118],
        [0.0, 0.7524423178385717, 0.2475071372963384]
    ],
    "atom_properties": {
        "force": {
            "value": [
                [-0.0, 0.0, 0.0],
                [0.021661, -0.053033, -0.021661],
                [0.039962, 0.007464, -0.039962],
                [-0.039962, -0.007464, 0.039962],
                [-0.021661, 0.053033, 0.021661],
                [-0.004865, -0.030808, 0.004865],
                [-0.032762, -0.01418, 0.032762],
                [0.032762, 0.01418, -0.032762],
                [0.004865, 0.030808, -0.004865]
            ]
        }
    },
    "atom_type": [
        "N",
        "Zr",
        "Zr",
        "Zr",
        "Zr",
        "Zr",
        "Zr",
        "Zr",
        "Zr"
    ],
    "coordinate_mode": "Direct",
    "global_properties": {
        "energy": {
            "value": -79.767329
        }
    },
    "lattice_vectors": [
        [2.2731189638739053, 0.0, 2.2731189638739053],
        [2.277126280275342, 4.606268077805514, -2.277126280275342],
        [-6.80658941925186, 4.581639194464139, 6.80658941925186]
    ]
}