{
    "atom_coords": [
        [0.0, 0.4998905134875855, 0.997989029407222],
        [0.5, 0.6277337214490899, 0.3764551227781325],
        [0.0, 0.7471278555995369, 0.7476307381453964],
        [0.5, 0.8778721444004631, 0.1273692618546036],
        [0.0, 0.9972662785509101, 0.4985448772218675],
        [0.5, 0.1251094865124145, 0.877010970592778],
        [0.0, 0.9945946501592147, 0.9916030918742749],
        [0.5, 0.1206777413553439, 0.3813227629421263],
        [0.0, 0.2447090705424344, 0.755546633857044],
        [0.5, 0.3802909294575656, 0.119453366142956],
        [0.0, 0.5043222586446561, 0.4936772370578737],
        [0.5, 0.6304053498407853, 0.8833969081257251],
        [0.0, 0.7475842342369887, 0.2508827250493582],
        [0.5, 0.8774157657630113, 0.6241172749506418]
    ],
    "atom_properties": {
        "force": {
            "value": [
                [-0.078033, 0.078033, -0.063936],
                [-0.033281, 0.033281, -0.019386],
                [0.035447, -0.035447, -0.144463],
                [-0.035447, 0.035447, 0.144463],
                [0.033281, -0.033281, 0.019386],
                [0.078033, -0.078033, 0.063936],
                [0.023609, -0.023609, -0.073975],
                [0.120386, -0.120386, 0.050303],
                [0.078837, -0.078837, 0.009703],
                [-0.078837, 0.078837, -0.009703],
                [-0.120386, 0.120386, -0.050303],
                [-0.023609, 0.023609, 0.073975],
                [-0.014623, 0.014623, -0.026191],
                [0.014623, -0.014623, 0.026191]
            ]
        }
    },
    "atom_type": [
        "N",
        "N",
        "N",
        "N",
        "N",
        "N",
        "Zr",
        "Zr",
        "Zr",
        "Zr",
        "Zr",
        "Zr",
        "Zr",
        "Zr"
    ],
    "coordinate_mode": "Direct",
    "global_properties": {
        "energy": {
            "value": -139.61361
        }
    },
    "lattice_vectors": [
        [2.3092952989341593, 2.3092952989341593, 0.0],
        [-4.636992668419884, 4.636992668419884, 4.592282873652034],
        [4.627810230532453, -4.627810230532453, 4.574174230127969]
    ]
}