{
    "atom_coords": [
        [0.5, 0.0, 0.0],
        [0.0, 0.0, 0.0],
        [0.1722944276020115, 0.5, 0.3445887552040148],
        [0.3364332580285279, 0.0, 0.6728666160570569],
        [0.5, 0.5, 0.0],
        [0.6635667419714721, 0.0, 0.3271333839429431],
        [0.8277055723979885, 0.5, 0.6554112447959852]
    ],
    "atom_properties": {
        "force": {
            "value": [
                [0.0, -0.0, 0.0],
                [0.0, -0.0, 0.0],
                [-0.0, 0.0, 0.017428],
                [-0.0, 0.0, 0.211269],
                [-0.0, -0.0, 0.0],
                [0.0, -0.0, -0.211269],
                [0.0, -0.0, -0.017428]
            ]
        }
    },
    "atom_type": [
        "N",
        "Zr",
        "Zr",
        "Zr",
        "Zr",
        "Zr",
        "Zr"
    ],
    "coordinate_mode": "Direct",
    "global_properties": {
        "energy": {
            "value": -62.995985
        }
    },
    "lattice_vectors": [
        [4.544484849427384, 0.0, -2.76685e-11],
        [0.0, 4.540319913004686, 0.0],
        [-2.272242429715224, 0.0, 6.931683656361071]
    ]
}