{
    "atom_coords": [
        [0.9285714000000027, 0.8571428999999995, 0.2142856999999978],
        [0.3568250127955963, 0.7136499255912057, 0.9291814656014381],
        [0.0709662908664086, 0.141932481732816, 0.7865239350148769],
        [0.7861766091335909, 0.5723532182671818, 0.6420474649851258],
        [0.5003178872044032, 0.0006357744087921, 0.4993899343985646],
        [0.9936523189885378, 0.9873046379769761, 0.9958759173636764],
        [0.7161355210974989, 0.4322710421950191, 0.8506953492054876],
        [0.4285714000000027, 0.8571428999999995, 0.7142856999999978],
        [0.1410072789024994, 0.2820146578049858, 0.5778761507945163],
        [0.8634905810114617, 0.7269810620230217, 0.4326954826363263],
        [0.5623757838042209, 0.1247514676083199, 0.2854336962121877],
        [0.2947671161957786, 0.5895342323916779, 0.143137703787815]
    ],
    "atom_properties": {
        "force": {
            "value": [
                [0.0, 0.0, 0.0],
                [-0.036975, -0.036975, -0.005236],
                [0.016564, 0.016564, 0.015886],
                [-0.016564, -0.016564, -0.015886],
                [0.036975, 0.036975, 0.005236],
                [0.001814, 0.001814, -0.000505],
                [-0.002775, -0.002775, -0.00846],
                [0.0, 0.0, 0.0],
                [0.002775, 0.002775, 0.00846],
                [-0.001814, -0.001814, 0.000505],
                [0.007886, 0.007886, -0.018365],
                [-0.007886, -0.007886, 0.018365]
            ]
        }
    },
    "atom_type": [
        "N",
        "N",
        "N",
        "N",
        "N",
        "Zr",
        "Zr",
        "Zr",
        "Zr",
        "Zr",
        "Zr",
        "Zr"
    ],
    "coordinate_mode": "Direct",
    "global_properties": {
        "energy": {
            "value": -119.32377
        }
    },
    "lattice_vectors": [
        [2.3099157492566196, -2.3099157492258664, -2.4919e-12],
        [2.299611660829716, 4.609527399938625, -2.2953010968090575],
        [2.305084729134764, 2.3050847291141174, 9.187365758227555]
    ]
}