{
    "atom_coords": [
        [0.5, 0.500335749402943, 0.0001634803267194],
        [0.0, 0.624315640353835, 0.74863128070767],
        [0.0, 0.8772660539437922, 0.2545321078875773],
        [0.5, 0.9998277309237764, 0.0001634803267194],
        [0.0, 0.1247103287459055, 0.749420657491811],
        [0.0, 0.9884401394927096, 0.9930710220882659],
        [0.5, 0.1341788763425242, 0.7683577526850556],
        [0.0, 0.2460543172858252, 0.5032377806981927],
        [0.5, 0.3716726460665214, 0.2433452921330357],
        [0.0, 0.5046308825955634, 0.9930710220882659],
        [0.5, 0.6286946072566906, 0.757389214513374],
        [0.0, 0.7571834634123675, 0.5032377806981927],
        [0.5, 0.8676895641775602, 0.2353791283551203]
    ],
    "atom_properties": {
        "force": {
            "value": [
                [0.0, 0.079775, -0.03197],
                [0.0, -0.048587, -0.048587],
                [0.0, -0.008386, -0.008386],
                [0.0, -0.03197, 0.079775],
                [0.0, -0.016189, -0.016189],
                [0.0, -0.013218, 0.048734],
                [0.0, 0.020778, 0.020778],
                [0.0, -0.00113, -0.024177],
                [0.0, 0.034287, 0.034287],
                [0.0, 0.048734, -0.013218],
                [0.0, -0.031013, -0.031013],
                [0.0, -0.024177, -0.00113],
                [0.0, -0.008906, -0.008906]
            ]
        }
    },
    "atom_type": [
        "N",
        "N",
        "N",
        "N",
        "N",
        "Zr",
        "Zr",
        "Zr",
        "Zr",
        "Zr",
        "Zr",
        "Zr",
        "Zr"
    ],
    "coordinate_mode": "Direct",
    "global_properties": {
        "energy": {
            "value": -127.94796
        }
    },
    "lattice_vectors": [
        [4.583863949458388, 0.0, 0.0],
        [0.0, 4.625762746937822, -4.625762746937822],
        [0.0, 2.2886276254983495, 6.914390372436172]
    ]
}