{
    "atom_coords": [
        [0.0714285999999973, 0.1428571000000005, 0.7142856999999978],
        [0.0013768087060697, 0.0027536174121465, 0.9967958201224434],
        [0.5714285999999973, 0.1428571000000005, 0.7142856999999978],
        [0.1414802912939308, 0.2829606825878557, 0.4317755798775593],
        [0.7177482785952662, 0.4354965571905538, 0.1547241847680212],
        [0.2781744564851962, 0.556348912970364, 0.8569038774769453],
        [0.8646827435148055, 0.729365387029631, 0.5716676225230515],
        [0.4251088214047343, 0.8502177428094484, 0.2738472152319815]
    ],
    "atom_properties": {
        "force": {
            "value": [
                [0.0, -0.0, 0.0],
                [0.0, -0.002891, 0.024206],
                [0.0, -0.0, 0.0],
                [-0.0, 0.002891, -0.024206],
                [0.0, 0.012407, 0.060373],
                [0.0, -0.015062, -0.01222],
                [-0.0, 0.015062, 0.01222],
                [-0.0, -0.012407, -0.060373]
            ]
        }
    },
    "atom_type": [
        "N",
        "Zr",
        "Zr",
        "Zr",
        "Zr",
        "Zr",
        "Zr",
        "Zr"
    ],
    "coordinate_mode": "Direct",
    "global_properties": {
        "energy": {
            "value": -71.449798
        }
    },
    "lattice_vectors": [
        [4.526717530213854, -2.81857e-11, -1.21201e-11],
        [-2.263358770069484, 4.612391658365841, -2.2752287167216045],
        [-3.25394e-11, 2.3185447116519637, 6.849834975858084]
    ]
}