{
    "atom_coords": [
        [0.5013015132085599, 0.5013015132085599, 0.0026030264171268],
        [0.3571428999999995, 0.3571428999999995, 0.7142856999999978],
        [0.2129841867914379, 0.2129841867914379, 0.4259683735828759],
        [0.0001003030735944, 0.0001003030735944, 0.0002006061471818],
        [0.8571428999999995, 0.8571428999999995, 0.7142856999999978],
        [0.7141853969264034, 0.7141853969264034, 0.428370793852821],
        [0.5730467218293569, 0.5730467218293569, 0.1460933436587126],
        [0.4287132099163458, 0.4287132099163458, 0.8574265198326998],
        [0.2855724900836591, 0.2855724900836591, 0.571144980167297],
        [0.1412389781706409, 0.1412389781706409, 0.2824780563412901]
    ],
    "atom_properties": {
        "force": {
            "value": [
                [0.0, -0.0, 0.049998],
                [0.0, 0.0, -0.0],
                [-0.0, -0.0, -0.049998],
                [-0.0, 0.0, 0.011616],
                [0.0, 0.0, -0.0],
                [0.0, -0.0, -0.011616],
                [0.0, -0.0, -0.0632],
                [-0.0, -0.0, 0.139076],
                [0.0, -0.0, -0.139076],
                [-0.0, -0.0, 0.0632]
            ]
        }
    },
    "atom_type": [
        "N",
        "N",
        "N",
        "Zr",
        "Zr",
        "Zr",
        "Zr",
        "Zr",
        "Zr",
        "Zr"
    ],
    "coordinate_mode": "Direct",
    "global_properties": {
        "energy": {
            "value": -95.125263
        }
    },
    "lattice_vectors": [
        [2.303220924215178, -2.303220924215178, 0.0],
        [2.303220924215178, 2.303220924215178, 0.0],
        [-2.303220924215178, 0.0, 15.725319681200022]
    ]
}