{
    "atom_coords": [
        [0.0, 0.0002488308801816, 0.5032634404236092],
        [0.5, 0.1717802436399225, 0.168079205352349],
        [0.0, 0.3282197563600775, 0.831920794647651],
        [0.5, 0.4997511691198184, 0.4967365595763908],
        [0.0, 0.0107347926370309, 0.0107875079164899],
        [0.5, 0.1761853668772275, 0.6647745046329518],
        [0.0, 0.3238146331227725, 0.3352254953670482],
        [0.5, 0.4892652073629691, 0.9892124920835101],
        [0.0, 0.6577302673942853, 0.6588846293590649],
        [0.5, 0.8422697326057147, 0.3411153706409351]
    ],
    "atom_properties": {
        "force": {
            "value": [
                [0.05154, -0.014499, 0.05154],
                [0.034882, 0.094565, 0.034882],
                [-0.034882, -0.094565, -0.034882],
                [-0.05154, 0.014499, -0.05154],
                [0.060852, -0.091725, 0.060852],
                [-0.014646, -0.095698, -0.014646],
                [0.014646, 0.095698, 0.014646],
                [-0.060852, 0.091725, -0.060852],
                [-0.047396, 0.00437, -0.047396],
                [0.047396, -0.00437, 0.047396]
            ]
        }
    },
    "atom_type": [
        "N",
        "N",
        "N",
        "N",
        "Zr",
        "Zr",
        "Zr",
        "Zr",
        "Zr",
        "Zr"
    ],
    "coordinate_mode": "Direct",
    "global_properties": {
        "energy": {
            "value": -98.98107
        }
    },
    "lattice_vectors": [
        [2.3224380157945985, 0.0, -2.3224380157945985],
        [2.3301978775886845, 4.523914102857485, 2.3301978775886845],
        [4.68468150475514, -4.548269091893333, 4.68468150475514]
    ]
}