{
    "atom_coords": [
        [0.0, 0.0, 0.7494641767660752],
        [0.3333332999999996, 0.6666667000000004, 0.5833332999999996],
        [0.6666667000000004, 0.3333332999999996, 0.4172025232339251],
        [0.0, 0.0, 0.0020316475398872],
        [0.3333332999999996, 0.6666667000000004, 0.8313865612138898],
        [0.6666667000000004, 0.3333332999999996, 0.6698626178308302],
        [0.0, 0.0, 0.4968040821691702],
        [0.3333332999999996, 0.6666667000000004, 0.3352800387861095],
        [0.6666667000000004, 0.3333332999999996, 0.1646350524601132]
    ],
    "atom_properties": {
        "force": {
            "value": [
                [-0.009788, -0.009788, -0.009788],
                [-0.0, -0.0, -0.0],
                [0.009788, 0.009788, 0.009788],
                [0.083652, 0.083652, 0.083652],
                [-0.042296, -0.042296, -0.042296],
                [0.017097, 0.017097, 0.017097],
                [-0.017097, -0.017097, -0.017097],
                [0.042296, 0.042296, 0.042296],
                [-0.083652, -0.083652, -0.083652]
            ]
        }
    },
    "atom_type": [
        "N",
        "N",
        "N",
        "Zr",
        "Zr",
        "Zr",
        "Zr",
        "Zr",
        "Zr"
    ],
    "coordinate_mode": "Direct",
    "global_properties": {
        "energy": {
            "value": -86.66044
        }
    },
    "lattice_vectors": [
        [2.3015288361309816, 0.0, -2.3015288361309816],
        [-2.3015288361309816, 2.3015288361309816, 0.0],
        [9.154903724754146, 9.154903724754146, 9.154903724754146]
    ]
}