{
    "atom_coords": [
        [0.25, 0.25, 0.7517818005074446],
        [0.25, 0.75, 0.5007003218073862],
        [0.75, 0.25, 0.5007003218073862],
        [0.75, 0.75, 0.2486150317096474],
        [0.25, 0.25, 0.2509658475699439],
        [0.005378838923221, 0.005378838923221, 0.0061638354018001],
        [0.494621161076779, 0.494621161076779, 0.0061638354018001],
        [0.4919165915004484, 0.0080834084995516, 0.7380580556513721],
        [0.0080834084995516, 0.4919165915004484, 0.7380580556513721],
        [0.0069363600290657, 0.0069363600290657, 0.4926846002244645],
        [0.4930636399709343, 0.4930636399709343, 0.4926846002244645],
        [0.5054984508798057, 0.9945015491201943, 0.2617118470214592],
        [0.9945015491201943, 0.5054984508798057, 0.2617118470214592]
    ],
    "atom_properties": {
        "force": {
            "value": [
                [0.011194, -0.011194, 0.0],
                [-0.023647, 0.023647, 0.0],
                [-0.023647, 0.023647, -0.0],
                [0.063789, -0.063789, 0.0],
                [0.018628, -0.018628, 0.0],
                [-0.035467, 0.007055, 0.0],
                [-0.007055, 0.035467, 0.0],
                [0.000122, -0.000122, -0.004571],
                [0.000122, -0.000122, 0.004571],
                [-0.011993, -0.005152, 0.0],
                [0.005152, 0.011993, 0.0],
                [0.001401, -0.001401, 0.000502],
                [0.001401, -0.001401, -0.000502]
            ]
        }
    },
    "atom_type": [
        "N",
        "N",
        "N",
        "N",
        "N",
        "Zr",
        "Zr",
        "Zr",
        "Zr",
        "Zr",
        "Zr",
        "Zr",
        "Zr"
    ],
    "coordinate_mode": "Direct",
    "global_properties": {
        "energy": {
            "value": -127.9742
        }
    },
    "lattice_vectors": [
        [-2.311391073369928, -2.311391073369928, -4.595817291658716],
        [-2.311391073369928, -2.311391073369928, 4.595817291658716],
        [-4.610990175656139, 4.610990175656139, 0.0]
    ]
}