{
    "atom_coords": [
        [0.4375064789421401, 0.4375064789421401, 0.6874805631735796],
        [0.3120872647027753, 0.3120872647027753, 0.0637382058916742],
        [0.1872024140613533, 0.1872024140613533, 0.438392757815933],
        [0.0627975859386467, 0.0627975859386467, 0.811607242184067],
        [0.9379127352972247, 0.9379127352972247, 0.1862617941083258],
        [0.8124935210578599, 0.8124935210578599, 0.5625194368264204],
        [0.9996630249694078, 0.9996630249694078, 0.0010109250917694],
        [0.8744476279544173, 0.8744476279544173, 0.3766571161367409],
        [0.7495386939416306, 0.7495386939416306, 0.7513839181750939],
        [0.625, 0.625, 0.125],
        [0.5004613060583694, 0.5004613060583694, 0.4986160818249061],
        [0.3755523720455827, 0.3755523720455827, 0.8733428838632591],
        [0.2503369750305922, 0.2503369750305922, 0.2489890749082306],
        [0.125, 0.125, 0.625]
    ],
    "atom_properties": {
        "force": {
            "value": [
                [0.025739, 0.025739, -0.025739],
                [-0.00174, -0.00174, 0.00174],
                [-0.033696, -0.033696, 0.033696],
                [0.033696, 0.033696, -0.033696],
                [0.00174, 0.00174, -0.00174],
                [-0.025739, -0.025739, 0.025739],
                [-0.011347, -0.011347, 0.011347],
                [-0.025307, -0.025307, 0.025307],
                [-0.024887, -0.024887, 0.024887],
                [0.0, 0.0, 0.0],
                [0.024887, 0.024887, -0.024887],
                [0.025307, 0.025307, -0.025307],
                [0.011347, 0.011347, -0.011347],
                [0.0, 0.0, 0.0]
            ]
        }
    },
    "atom_type": [
        "N",
        "N",
        "N",
        "N",
        "N",
        "N",
        "Zr",
        "Zr",
        "Zr",
        "Zr",
        "Zr",
        "Zr",
        "Zr",
        "Zr"
    ],
    "coordinate_mode": "Direct",
    "global_properties": {
        "energy": {
            "value": -139.24685
        }
    },
    "lattice_vectors": [
        [2.295444120213859, 0.0, 2.295444120213859],
        [0.0, 2.295444120213859, 2.295444120213859],
        [-11.548025354487592, -11.548025354487592, 13.843469474701454]
    ]
}