{
    "atom_coords": [
        [0.3569328861704761, 0.3569328861704761, 0.9292014414885656],
        [0.5002100138295233, 0.5002100138295233, 0.4993699585114371],
        [0.0010669205296026, 0.0010669205296026, 0.9967992384112208],
        [0.1439149638059476, 0.1439149638059476, 0.5682550085821845],
        [0.2847756898843414, 0.2847756898843414, 0.1456729303469544],
        [0.4285714000000027, 0.4285714000000027, 0.7142856999999978],
        [0.572367210115658, 0.572367210115658, 0.2828984696530483],
        [0.7132278361940507, 0.7132278361940507, 0.8603164914178123],
        [0.8560759794703969, 0.8560759794703969, 0.431772161588782]
    ],
    "atom_properties": {
        "force": {
            "value": [
                [-0.012291, 0.012291, 0.012291],
                [0.012291, -0.012291, -0.012291],
                [-0.025348, 0.025348, 0.025348],
                [0.011989, -0.011989, -0.011989],
                [-0.024963, 0.024963, 0.024963],
                [-0.0, -0.0, 0.0],
                [0.024963, -0.024963, -0.024963],
                [-0.011989, 0.011989, 0.011989],
                [0.025348, -0.025348, -0.025348]
            ]
        }
    },
    "atom_type": [
        "N",
        "N",
        "Zr",
        "Zr",
        "Zr",
        "Zr",
        "Zr",
        "Zr",
        "Zr"
    ],
    "coordinate_mode": "Direct",
    "global_properties": {
        "energy": {
            "value": -83.200672
        }
    },
    "lattice_vectors": [
        [2.2999365965666034, 6.747e-13, 2.2999365965679535],
        [2.2999365965666034, 2.2999365965679535, 6.747e-13],
        [-9.14787794093973, 11.447814527476638, 11.447814527476636]
    ]
}