{
    "atom_coords": [
        [0.9377764781003393, 0.4376884296708639, 0.6867586141284576],
        [0.5625, 0.0625, 0.8125],
        [0.1872235218996607, 0.6873115703291361, 0.9382413858715424],
        [0.0058554088881237, 0.9965162189442438, 0.9917729632795087],
        [0.6246196549167351, 0.6254959900341461, 0.1252647001323908],
        [0.250283985458168, 0.2451573990826503, 0.2542746300010208],
        [0.874716014541832, 0.8798426009173497, 0.3707253699989792],
        [0.5003803450832649, 0.4995040099658539, 0.4997352998676092],
        [0.1191445911118763, 0.1284837810557562, 0.6332270367204913],
        [0.7468046938936581, 0.746731269545144, 0.7596593426675327],
        [0.3781953061063419, 0.378268730454856, 0.8653406573324673]
    ],
    "atom_properties": {
        "force": {
            "value": [
                [0.085132, 0.074989, -0.085132],
                [-0.0, 0.0, 0.0],
                [-0.085132, -0.074989, 0.085132],
                [0.008556, 0.032016, -0.008556],
                [-0.063136, -0.05083, 0.063136],
                [-0.058374, -0.112705, 0.058374],
                [0.058374, 0.112705, -0.058374],
                [0.063136, 0.05083, -0.063136],
                [-0.008556, -0.032016, 0.008556],
                [0.006462, -0.019097, -0.006462],
                [-0.006462, 0.019097, 0.006462]
            ]
        }
    },
    "atom_type": [
        "N",
        "N",
        "N",
        "Zr",
        "Zr",
        "Zr",
        "Zr",
        "Zr",
        "Zr",
        "Zr",
        "Zr"
    ],
    "coordinate_mode": "Direct",
    "global_properties": {
        "energy": {
            "value": -103.73848
        }
    },
    "lattice_vectors": [
        [2.292067325032719, 0.0, 2.292067325032719],
        [2.27743213070429, 6.879569781525181, 0.0146351943284291],
        [-4.606750439868427, 2.324841570858498, 6.898817764901148]
    ]
}