{
    "atom_coords": [
        [0.9285714000000027, 0.9285714000000027, 0.2142856999999978],
        [0.3571703054500688, 0.3571703054500688, 0.9284891836497948],
        [0.4999725945499307, 0.4999725945499307, 0.5000822163502079],
        [0.0013429984870044, 0.0013429984870044, 0.9959710045390011],
        [0.1439001053404851, 0.1439001053404851, 0.5682995839785576],
        [0.2843431146111612, 0.2843431146111612, 0.1469706561665092],
        [0.4285714000000027, 0.4285714000000027, 0.7142856999999978],
        [0.5727997853888382, 0.5727997853888382, 0.2816007438334935],
        [0.7132426946595132, 0.7132426946595132, 0.8602719160214392],
        [0.8557999015129951, 0.8557999015129951, 0.4326003954610016]
    ],
    "atom_properties": {
        "force": {
            "value": [
                [0.0, 0.0, -0.0],
                [-0.023513, 0.023513, 0.023513],
                [0.023513, -0.023513, -0.023513],
                [0.019238, -0.019238, -0.019238],
                [0.032754, -0.032754, -0.032754],
                [-0.011756, 0.011756, 0.011756],
                [0.0, 0.0, -0.0],
                [0.011756, -0.011756, -0.011756],
                [-0.032754, 0.032754, 0.032754],
                [-0.019238, 0.019238, 0.019238]
            ]
        }
    },
    "atom_type": [
        "N",
        "N",
        "N",
        "Zr",
        "Zr",
        "Zr",
        "Zr",
        "Zr",
        "Zr",
        "Zr"
    ],
    "coordinate_mode": "Direct",
    "global_properties": {
        "energy": {
            "value": -95.259019
        }
    },
    "lattice_vectors": [
        [2.313296978969398, 9.51e-14, 2.313296978969588],
        [2.313296978969398, 2.313296978969588, 9.51e-14],
        [-9.146533562851364, 11.459830531724313, 11.459830531724313]
    ]
}