{
    "atom_coords": [
        [0.5, 0.5000244316191029, 0.999973035771248],
        [0.0, 0.6251432276471647, 0.7503531407231918],
        [0.5, 0.7488730248973283, 0.499194755778511],
        [0.0, 0.8761269751026717, 0.250805244221489],
        [0.5, 0.9998567723528353, 0.9996468592768082],
        [0.0, 0.1249755683808971, 0.750026964228752],
        [0.0, 0.9905857840431835, 0.9954899238745298],
        [0.5, 0.1212967669195777, 0.7565327231758232],
        [0.0, 0.2473290574115339, 0.5030068272908395],
        [0.5, 0.3776709425884661, 0.2469931727091605],
        [0.0, 0.5037032330804223, 0.9934672768241768],
        [0.5, 0.6344142159568165, 0.7545100761254702],
        [0.0, 0.7603394906753351, 0.5048839012468775],
        [0.5, 0.8646605093246649, 0.2451160987531225]
    ],
    "atom_properties": {
        "force": {
            "value": [
                [0.0, -0.041507, -0.027309],
                [0.0, -0.054873, -0.091464],
                [0.0, -0.022443, 0.010937],
                [0.0, 0.022443, -0.010937],
                [0.0, 0.054873, 0.091464],
                [0.0, 0.041507, 0.027309],
                [0.0, -0.009113, 0.048482],
                [0.0, 0.021917, 0.039568],
                [0.0, 0.00955, 0.007373],
                [0.0, -0.00955, -0.007373],
                [0.0, -0.021917, -0.039568],
                [0.0, 0.009113, -0.048482],
                [0.0, 0.043755, -0.030484],
                [0.0, -0.043755, 0.030484]
            ]
        }
    },
    "atom_type": [
        "N",
        "N",
        "N",
        "N",
        "N",
        "N",
        "Zr",
        "Zr",
        "Zr",
        "Zr",
        "Zr",
        "Zr",
        "Zr",
        "Zr"
    ],
    "coordinate_mode": "Direct",
    "global_properties": {
        "energy": {
            "value": -139.92001
        }
    },
    "lattice_vectors": [
        [4.6239818773036125, 0.0, 0.0],
        [0.0, 4.588504702122534, -4.6029732339990215],
        [0.0, 2.2780473189091413, 6.88831579841424]
    ]
}