{
    "atom_coords": [
        [0.5, 0.25, 0.0],
        [0.5, 0.4998683586739361, 0.5],
        [0.0, 0.6245205138079157, 0.2490410276158315],
        [0.5, 0.75, 0.0],
        [0.0, 0.8754794861920843, 0.7509589723841685],
        [0.5, 0.0001316413260639, 0.5],
        [0.0, 0.9967081628717267, 0.9934163257434392],
        [0.5, 0.1154539101250478, 0.750255391383746],
        [0.0, 0.25, 0.5],
        [0.5, 0.3845460898749522, 0.249744608616254],
        [0.0, 0.5032918371282733, 0.0065836742565608],
        [0.5, 0.6348014812587053, 0.7502553913837531],
        [0.0, 0.75, 0.5],
        [0.5, 0.8651985187412947, 0.2497446086162469]
    ],
    "atom_properties": {
        "force": {
            "value": [
                [0.0, -0.0, 0.0],
                [0.070039, -0.070039, 0.0],
                [0.0, -0.0, 0.081405],
                [0.0, -0.0, 0.0],
                [-0.0, 0.0, -0.081405],
                [-0.070039, 0.070039, -0.0],
                [0.0, -0.0, 0.006509],
                [-0.001633, 0.001633, -0.007829],
                [0.0, -0.0, 0.0],
                [0.001633, -0.001633, 0.007829],
                [-0.0, 0.0, -0.006509],
                [0.001633, -0.001633, -0.007829],
                [0.0, -0.0, 0.0],
                [-0.001633, 0.001633, 0.007829]
            ]
        }
    },
    "atom_type": [
        "N",
        "N",
        "N",
        "N",
        "N",
        "N",
        "Zr",
        "Zr",
        "Zr",
        "Zr",
        "Zr",
        "Zr",
        "Zr",
        "Zr"
    ],
    "coordinate_mode": "Direct",
    "global_properties": {
        "energy": {
            "value": -139.8961
        }
    },
    "lattice_vectors": [
        [2.3053789115559202, 2.3053789115559202, 0.0],
        [-4.580588015153364, 4.580588015153364, -2.0744e-11],
        [2.29029401259638, -2.29029401259638, 9.201164460456852]
    ]
}