{
    "atom_coords": [
        [0.6874573858616913, 0.565136021140539, 0.3749147717233683],
        [0.9375426141383087, 0.309863978859461, 0.8750852282766317],
        [0.0008802917469097, 0.0032220141780854, 0.0017605834938266],
        [0.1282609155531418, 0.3791713315445904, 0.2565218311062836],
        [0.2487194055251152, 0.7455426111640122, 0.4974388110502304],
        [0.3762805944748848, 0.1294573888359878, 0.7525611889497696],
        [0.4967390844468582, 0.4958286684554096, 0.9934781688937164],
        [0.6241197082530903, 0.8717779858219146, 0.2482394165061734],
        [0.7491867984365896, 0.253831141041907, 0.4983735968731793],
        [0.8758132015634104, 0.621168858958093, 0.7516264031268207]
    ],
    "atom_properties": {
        "force": {
            "value": [
                [0.009847, 0.036402, 0.009847],
                [-0.009847, -0.036402, -0.009847],
                [0.013799, 0.0125, 0.013799],
                [0.037062, -0.01724, 0.037062],
                [-0.004594, 0.011277, -0.004594],
                [0.004594, -0.011277, 0.004594],
                [-0.037062, 0.01724, -0.037062],
                [-0.013799, -0.0125, -0.013799],
                [0.010231, 0.072635, 0.010231],
                [-0.010231, -0.072635, -0.010231]
            ]
        }
    },
    "atom_type": [
        "N",
        "N",
        "Zr",
        "Zr",
        "Zr",
        "Zr",
        "Zr",
        "Zr",
        "Zr",
        "Zr"
    ],
    "coordinate_mode": "Direct",
    "global_properties": {
        "energy": {
            "value": -91.776121
        }
    },
    "lattice_vectors": [
        [2.2779408714084743, 0.0, -2.2779408714084743],
        [2.2769512182972624, 4.693950789795446, 2.2769512182972624],
        [4.513037790331068, -7.000987171676673, 6.790978661739542]
    ]
}