{
    "atom_coords": [
        [0.4289634181707171, 0.9289634181707171, 0.8579269363414284],
        [0.5708562649231936, 0.0708562649231865, 0.1417124298463932],
        [0.7142856999999978, 0.2142856999999978, 0.4285714000000027],
        [0.8577152350768031, 0.3577152350768102, 0.7154303701536051],
        [0.9996079818292856, 0.4996079818292856, 0.9992159636585711],
        [0.0011994985893864, 0.0011994985893864, 0.0023989971787657],
        [0.1442088574101845, 0.1442088574101916, 0.2884178148203844],
        [0.2843625425898182, 0.2843625425898111, 0.5687250851796222],
        [0.4273719014106163, 0.4273719014106163, 0.8547439028212338],
        [0.5689089066244009, 0.5689089066243938, 0.1378177132488076],
        [0.7142856999999978, 0.7142856999999978, 0.4285714000000027],
        [0.8596625933755959, 0.859662593375603, 0.7193250867511836]
    ],
    "atom_properties": {
        "force": {
            "value": [
                [0.042004, -0.0, 0.042004],
                [-0.002324, 0.0, -0.002324],
                [-0.0, 0.0, -0.0],
                [0.002324, -0.0, 0.002324],
                [-0.042004, 0.0, -0.042004],
                [0.01988, -0.0, 0.01988],
                [-0.020511, 0.0, -0.020511],
                [0.020511, -0.0, 0.020511],
                [-0.01988, 0.0, -0.01988],
                [-0.077245, 0.0, -0.077245],
                [-0.0, 0.0, -0.0],
                [0.077245, -0.0, 0.077245]
            ]
        }
    },
    "atom_type": [
        "N",
        "N",
        "N",
        "N",
        "N",
        "Zr",
        "Zr",
        "Zr",
        "Zr",
        "Zr",
        "Zr",
        "Zr"
    ],
    "coordinate_mode": "Direct",
    "global_properties": {
        "energy": {
            "value": -119.10578
        }
    },
    "lattice_vectors": [
        [2.303667146392626, 0.0, -2.303667146392626],
        [-8.8699e-12, 4.579805567205699, -8.8699e-12],
        [6.91603046702272, -2.2899027886319328, 9.219697613415345]
    ]
}