{
    "atom_coords": [
        [0.75, 0.3729217319201936, 0.8770782680798064],
        [0.25, 0.1270782680798064, 0.1229217319201936],
        [0.0005769582106012, 0.007921302106709, 0.9988618726897371],
        [0.9994230417893988, 0.492078697893291, 0.0011381273102629],
        [0.4994230417893988, 0.2511381273102629, 0.242078697893291],
        [0.4909825485705852, 0.7527298354345788, 0.2504030772056325],
        [0.9909825485705852, 0.5004030772056325, 0.5027298354345788],
        [0.0090174514294148, 0.9995969227943675, 0.4972701645654212],
        [0.5090174514294148, 0.7472701645654212, 0.7495969227943675],
        [0.5005769582106012, 0.2488618726897371, 0.757921302106709]
    ],
    "atom_properties": {
        "force": {
            "value": [
                [-0.0, -0.068563, 0.068563],
                [-0.0, 0.068563, -0.068563],
                [-0.005731, 0.059849, 0.003992],
                [0.005731, -0.059849, -0.003992],
                [0.005731, -0.003992, -0.059849],
                [-0.037429, -0.000377, 0.005274],
                [-0.037429, 0.005274, -0.000377],
                [0.037429, -0.005274, 0.000377],
                [0.037429, 0.000377, -0.005274],
                [-0.005731, 0.003992, 0.059849]
            ]
        }
    },
    "atom_type": [
        "N",
        "N",
        "Zr",
        "Zr",
        "Zr",
        "Zr",
        "Zr",
        "Zr",
        "Zr",
        "Zr"
    ],
    "coordinate_mode": "Direct",
    "global_properties": {
        "energy": {
            "value": -91.628684
        }
    },
    "lattice_vectors": [
        [4.550337737004544, -2.3115800150128245, -2.3115800150128245],
        [4.5272202118655285, 4.601418495317796, -0.0246131586210876],
        [4.5272202118655285, -0.0246131586210876, 4.601418495317796]
    ]
}