{
    "atom_coords": [
        [0.0, 0.5, 0.0],
        [0.0, 0.0, 0.0],
        [0.3435212459819255, 0.3435212459818899, 0.6870425919638379],
        [0.6564787540180745, 0.6564787540181101, 0.3129574080361621]
    ],
    "atom_properties": {
        "force": {
            "value": [
                [-0.0, 0.0, 0.0],
                [0.0, 0.0, 0.0],
                [0.011433, -0.0, 0.011433],
                [-0.011433, 0.0, -0.011433]
            ]
        }
    },
    "atom_type": [
        "N",
        "Zr",
        "Zr",
        "Zr"
    ],
    "coordinate_mode": "Direct",
    "global_properties": {
        "energy": {
            "value": -37.546863
        }
    },
    "lattice_vectors": [
        [2.3342398244736984, 0.0, -2.33423982444948],
        [-1.04499e-11, 4.532728859849291, -1.04499e-11],
        [2.2800148946492, -2.266364434887061, 4.614254708888983]
    ]
}