{
    "atom_coords": [
        [0.7856350882324818, 0.7856350882324818, 0.6430947353025687],
        [0.9282883539392728, 0.9282883539392728, 0.2151348381822018],
        [0.0714554167037278, 0.0714554167037278, 0.7856338498888178],
        [0.2142588832962673, 0.2142588832962673, 0.3572233501111839],
        [0.3574259460607294, 0.3574259460607294, 0.9277222618177987],
        [0.5000792117675203, 0.5000792117675203, 0.4997623646974318],
        [0.0005984504619363, 0.0005984504619363, 0.998204648614184],
        [0.1428571000000005, 0.1428571000000005, 0.5714285999999973],
        [0.2851158495380659, 0.2851158495380659, 0.1446524513858165],
        [0.428901118687854, 0.428901118687854, 0.7132965439364511],
        [0.5722236989274521, 0.5722236989274521, 0.2833290032176237],
        [0.713490601072543, 0.713490601072543, 0.859528196782378],
        [0.8568131813121482, 0.8568131813121482, 0.4295605560635494]
    ],
    "atom_properties": {
        "force": {
            "value": [
                [-0.023882, 0.023882, 0.023882],
                [-0.021011, 0.021011, 0.021011],
                [-0.011027, 0.011027, 0.011027],
                [0.011027, -0.011027, -0.011027],
                [0.021011, -0.021011, -0.021011],
                [0.023882, -0.023882, -0.023882],
                [0.036028, -0.036028, -0.036028],
                [-0.0, -0.0, 0.0],
                [-0.036028, 0.036028, 0.036028],
                [-0.019647, 0.019647, 0.019647],
                [-0.02889, 0.02889, 0.02889],
                [0.02889, -0.02889, -0.02889],
                [0.019647, -0.019647, -0.019647]
            ]
        }
    },
    "atom_type": [
        "N",
        "N",
        "N",
        "N",
        "N",
        "N",
        "Zr",
        "Zr",
        "Zr",
        "Zr",
        "Zr",
        "Zr",
        "Zr"
    ],
    "coordinate_mode": "Direct",
    "global_properties": {
        "energy": {
            "value": -130.80746
        }
    },
    "lattice_vectors": [
        [2.2969829771384567, -3.243e-12, 2.2969829771319707],
        [2.2969829771384567, 2.2969829771319707, -3.243e-12],
        [-9.207939421989403, 11.504922389052108, 11.504922389052108]
    ]
}