{
    "atom_coords": [
        [0.5, 0.5001355058303503, 0.4994521893415325],
        [0.0, 0.6255738614745638, 0.251041093626732],
        [0.5, 0.75, 0.0],
        [0.0, 0.8744261385254362, 0.748958906373268],
        [0.5, 0.9998644941696497, 0.5005478106584675],
        [0.0, 0.9883654099058887, 0.9960842039146272],
        [0.5, 0.1154125374222943, 0.7469339596917592],
        [0.0, 0.25, 0.5],
        [0.5, 0.3845874625777057, 0.2530660403082408],
        [0.0, 0.5116345900941113, 0.0039157960853728],
        [0.5, 0.6370973250129239, 0.7507637655586308],
        [0.0, 0.75, 0.5],
        [0.5, 0.8629026749870761, 0.2492362344413692]
    ],
    "atom_properties": {
        "force": {
            "value": [
                [0.012136, -0.012136, 0.008581],
                [0.053805, -0.053805, 0.036963],
                [-0.0, -0.0, 0.0],
                [-0.053805, 0.053805, -0.036963],
                [-0.012136, 0.012136, -0.008581],
                [0.032039, -0.032039, 0.037431],
                [-0.036094, 0.036094, -0.038217],
                [-0.0, -0.0, 0.0],
                [0.036094, -0.036094, 0.038217],
                [-0.032039, 0.032039, -0.037431],
                [-0.017522, 0.017522, -0.097137],
                [-0.0, -0.0, 0.0],
                [0.017522, -0.017522, 0.097137]
            ]
        }
    },
    "atom_type": [
        "N",
        "N",
        "N",
        "N",
        "N",
        "Zr",
        "Zr",
        "Zr",
        "Zr",
        "Zr",
        "Zr",
        "Zr",
        "Zr"
    ],
    "coordinate_mode": "Direct",
    "global_properties": {
        "energy": {
            "value": -127.74191
        }
    },
    "lattice_vectors": [
        [2.3100088917322106, 2.3100088917322106, 0.0],
        [-4.586955447085687, 4.586955447085687, -0.0113051164367991],
        [2.304872953136228, -2.304872953136228, 9.210946230923405]
    ]
}