{
    "atom_coords": [
        [0.0, 0.5, 0.6619109167611583],
        [0.5, 0.0, 0.8380890832388417],
        [0.0, 0.0, 0.9966777939829257],
        [0.5, 0.5, 0.1790812297379105],
        [0.0, 0.0, 0.3209187702620895],
        [0.5, 0.5, 0.5033222060170743],
        [0.0, 0.0, 0.6784281033292316],
        [0.5, 0.5, 0.8215718966707684]
    ],
    "atom_properties": {
        "force": {
            "value": [
                [0.058677, 0.0, -0.058677],
                [-0.058677, 0.0, 0.058677],
                [0.005775, 0.0, -0.005775],
                [0.005938, 0.0, -0.005938],
                [-0.005938, 0.0, 0.005938],
                [-0.005775, 0.0, 0.005775],
                [0.029365, 0.0, -0.029365],
                [-0.029365, 0.0, 0.029365]
            ]
        }
    },
    "atom_type": [
        "N",
        "N",
        "Zr",
        "Zr",
        "Zr",
        "Zr",
        "Zr",
        "Zr"
    ],
    "coordinate_mode": "Direct",
    "global_properties": {
        "energy": {
            "value": -74.907397
        }
    },
    "lattice_vectors": [
        [2.314065997759455, 0.0, 2.314065997759455],
        [0.0, 4.542343001904486, 0.0],
        [-6.950105246460988, 0.0, 6.950105246460988]
    ]
}