{
    "atom_coords": [
        [0.1722050269947744, 0.3444099539895689, 0.8363680107557343],
        [0.4956638736696917, 0.9913277473393762, 0.4967141327444295],
        [0.1668345187585416, 0.3336689375170891, 0.3338786914475946],
        [0.0118729136908868, 0.0237458273817452, 0.004211284155673],
        [0.6611813441938779, 0.3223625883877688, 0.8207852443676629],
        [0.3301628443348079, 0.6603257886696383, 0.657905021759511],
        [0.0130882630533335, 0.0261765261066174, 0.5083600854029555],
        [0.6567957363625041, 0.3135913727250284, 0.3385323386142431],
        [0.3255288789415687, 0.6510578578831527, 0.1699117907522023]
    ],
    "atom_properties": {
        "force": {
            "value": [
                [-0.0, 0.051045, 0.064859],
                [0.0, -0.02559, -0.022576],
                [0.0, -0.003175, -0.0053],
                [-0.0, 0.04257, -0.020227],
                [-0.0, -0.022156, 0.026369],
                [-0.0, 0.012436, 0.01109],
                [0.0, -0.016225, -0.029537],
                [-0.0, 0.02696, -0.006923],
                [0.0, -0.065865, -0.017756]
            ]
        }
    },
    "atom_type": [
        "N",
        "N",
        "N",
        "Zr",
        "Zr",
        "Zr",
        "Zr",
        "Zr",
        "Zr"
    ],
    "coordinate_mode": "Direct",
    "global_properties": {
        "energy": {
            "value": -87.024282
        }
    },
    "lattice_vectors": [
        [4.525509860778621, -5.0993e-11, -3.83714e-11],
        [-2.2627549353971776, 4.658796502288703, 2.3093180238168185],
        [1.27376e-11, -4.681275837534004, 4.663547063419318]
    ]
}