{
    "atom_coords": [
        [0.0, 0.0003087517427289, 0.7521424766120575],
        [0.5, 0.2496912482572711, 0.4978575233879425],
        [0.0, 0.5002736617554149, 0.7501317189486514],
        [0.0, 0.5005825773895864, 0.2519944048925922],
        [0.5, 0.7497263382445851, 0.4998682810513486],
        [0.5, 0.7494174226104136, 0.9980055951074078],
        [0.0, 0.9898878239546747, 0.9981987300739661],
        [0.0, 0.9995368852448792, 0.507947346553479],
        [0.5, 0.2504631147551208, 0.742052653446521],
        [0.5, 0.2601121760453253, 0.2518012699260339],
        [0.0, 0.5000538528616332, 0.4989512580206821],
        [0.0, 0.5113057120211693, 0.0013060652945569],
        [0.5, 0.7386942879788307, 0.2486939347054431],
        [0.5, 0.7499461471383668, 0.7510487419793179]
    ],
    "atom_properties": {
        "force": {
            "value": [
                [-0.042265, 0.042265, 0.147898],
                [0.042265, -0.042265, -0.147898],
                [0.005922, -0.005922, 0.008642],
                [0.027976, -0.027976, -0.001684],
                [-0.005922, 0.005922, -0.008642],
                [-0.027976, 0.027976, 0.001684],
                [0.030779, -0.030779, -0.032649],
                [0.034595, -0.034595, 0.081331],
                [-0.034595, 0.034595, -0.081331],
                [-0.030779, 0.030779, 0.032649],
                [-0.016152, 0.016152, 0.071632],
                [-0.016619, 0.016619, -0.095552],
                [0.016619, -0.016619, 0.095552],
                [0.016152, -0.016152, -0.071632]
            ]
        }
    },
    "atom_type": [
        "N",
        "N",
        "N",
        "N",
        "N",
        "N",
        "Zr",
        "Zr",
        "Zr",
        "Zr",
        "Zr",
        "Zr",
        "Zr",
        "Zr"
    ],
    "coordinate_mode": "Direct",
    "global_properties": {
        "energy": {
            "value": -139.68557
        }
    },
    "lattice_vectors": [
        [2.3082345341638737, 2.3082345341638737, 0.0],
        [-4.606333472152215, 4.606333472152215, -0.0213833270259444],
        [0.0214409369766909, -0.0214409369766909, 9.197644420243105]
    ]
}