{
    "atom_coords": [
        [0.5, 0.5, 0.0],
        [0.0, 0.0, 0.0],
        [0.5, 0.5, 0.5]
    ],
    "atom_properties": {
        "force": {
            "value": [
                [-0.0, -0.0, 0.0],
                [0.0, 0.0, 0.0],
                [0.0, 0.0, 0.0]
            ]
        }
    },
    "atom_type": [
        "N",
        "Zr",
        "Zr"
    ],
    "coordinate_mode": "Direct",
    "global_properties": {
        "energy": {
            "value": -28.918059
        }
    },
    "lattice_vectors": [
        [2.308747547703261, 2.308747547703261, 0.0],
        [2.308747547703261, -2.308747547703261, 0.0],
        [0.0, 0.0, -4.503524392396204]
    ]
}