{
    "atom_coords": [
        [0.75, 0.8761014540183538, 0.3738985459816462],
        [0.25, 0.125, 0.625],
        [0.75, 0.3738985459816462, 0.8761014540183538],
        [0.25, 0.125, 0.125],
        [0.25, 0.625, 0.125],
        [0.0069422121376164, 0.0012711364805114, 0.0012711364805114],
        [0.0067754757888849, 0.4914752460512091, 0.0030695164662902],
        [0.4930577878623836, 0.2487288635194886, 0.2487288635194886],
        [0.4932245242111151, 0.7585247539487909, 0.2469304835337098],
        [0.9969495630172958, 0.5011054304119682, 0.5011054304119682],
        [0.0067754757888849, 0.0030695164662902, 0.4914752460512091],
        [0.5030504369827042, 0.7488945695880318, 0.7488945695880318],
        [0.4932245242111151, 0.2469304835337098, 0.7585247539487909]
    ],
    "atom_properties": {
        "force": {
            "value": [
                [-0.0, 0.011669, -0.011669],
                [-0.0, -0.0, 0.0],
                [-0.0, -0.011669, 0.011669],
                [-0.0, -0.0, -0.0],
                [-0.0, -0.0, -0.0],
                [-0.10091, -0.036342, -0.036342],
                [0.020468, -0.100044, 0.01871],
                [0.10091, 0.036342, 0.036342],
                [-0.020468, 0.100044, -0.01871],
                [-0.016591, 0.056784, 0.056784],
                [0.020468, 0.01871, -0.100044],
                [0.016591, -0.056784, -0.056784],
                [-0.020468, -0.01871, 0.100044]
            ]
        }
    },
    "atom_type": [
        "N",
        "N",
        "N",
        "N",
        "N",
        "Zr",
        "Zr",
        "Zr",
        "Zr",
        "Zr",
        "Zr",
        "Zr",
        "Zr"
    ],
    "coordinate_mode": "Direct",
    "global_properties": {
        "energy": {
            "value": -127.62606
        }
    },
    "lattice_vectors": [
        [4.541789868119206, -2.327930806439197, -2.327930806439197],
        [4.517925060602333, 4.630384414991461, -0.0219385809365332],
        [4.517925060602333, -0.0219385809365332, 4.630384414991461]
    ]
}