{
    "atom_coords": [
        [0.7518170959220214, 0.1205514248538222, 0.187117769420361],
        [0.25, 0.875, 0.3125],
        [0.7481829040779786, 0.6294485751461778, 0.437882230579639],
        [0.9990341747826932, 0.0102504322482773, 0.0088727290201902],
        [0.4931122309135674, 0.7582961167720654, 0.1373577845413436],
        [0.9875667095975444, 0.5032368233832116, 0.2578016482598642],
        [0.5124332904024556, 0.2467631766167884, 0.3671983517401358],
        [0.0068877690864326, 0.9917038832279346, 0.4876422154586564],
        [0.5009658252173068, 0.7397495677517227, 0.6161272709798098],
        [0.9972294687838215, 0.4995218739812515, 0.750471192108833],
        [0.5027705312161785, 0.2504781260187485, 0.874528807891167]
    ],
    "atom_properties": {
        "force": {
            "value": [
                [-0.007175, -0.014451, 0.064653],
                [-0.0, -0.0, 0.0],
                [0.007175, 0.014451, -0.064653],
                [-0.070974, -0.019317, 0.037276],
                [-0.038583, -0.040336, -0.030265],
                [-0.009709, 0.002985, -0.036163],
                [0.009709, -0.002985, 0.036163],
                [0.038583, 0.040336, 0.030265],
                [0.070974, 0.019317, -0.037276],
                [0.035103, 0.006362, 0.004794],
                [-0.035103, -0.006362, -0.004794]
            ]
        }
    },
    "atom_type": [
        "N",
        "N",
        "N",
        "Zr",
        "Zr",
        "Zr",
        "Zr",
        "Zr",
        "Zr",
        "Zr",
        "Zr"
    ],
    "coordinate_mode": "Direct",
    "global_properties": {
        "energy": {
            "value": -103.77878
        }
    },
    "lattice_vectors": [
        [2.2642348878367518, 2.261355324852542, -4.701613111194162],
        [-2.300263108409356, 4.555260834380774, 2.348860287100501],
        [4.565667046825797, -0.022886793298229, 4.708793364212743]
    ]
}