{
    "atom_coords": [
        [0.7469056927746891, 0.8800340883540869, 0.6261545260965136],
        [0.2530707228043667, 0.618366972230163, 0.875491582161132],
        [0.4969292771956333, 0.006633027769837, 0.999508417838868],
        [0.0030943072253109, 0.7449659116459131, 0.2488454739034864],
        [0.0067937798738384, 0.9748256058549813, 0.011586834397427],
        [0.2511251158569365, 0.3831999212850761, 0.1145498470010367],
        [0.4993326079797811, 0.7617098136313984, 0.2396249704090252],
        [0.7541142472467044, 0.1043464648267474, 0.387425040679922],
        [0.9958857527532956, 0.5206535351732526, 0.487574959320078],
        [0.2506673920202189, 0.8632901863686016, 0.6353750295909748],
        [0.4988748841430635, 0.2418000787149239, 0.7604501529989633],
        [0.7432062201261616, 0.6501743941450187, 0.863413165602573]
    ],
    "atom_properties": {
        "force": {
            "value": [
                [-0.0, -0.079531, 0.056202],
                [0.0, 0.010434, -0.007146],
                [-0.0, -0.010434, 0.007146],
                [0.0, 0.079531, -0.056202],
                [0.0, 0.033592, 0.029368],
                [0.0, 0.046234, -0.068448],
                [0.0, 0.065104, -0.058456],
                [0.0, 0.029384, 0.072052],
                [-0.0, -0.029384, -0.072052],
                [-0.0, -0.065104, 0.058456],
                [-0.0, -0.046234, 0.068448],
                [-0.0, -0.033592, -0.029368]
            ]
        }
    },
    "atom_type": [
        "N",
        "N",
        "N",
        "N",
        "Zr",
        "Zr",
        "Zr",
        "Zr",
        "Zr",
        "Zr",
        "Zr",
        "Zr"
    ],
    "coordinate_mode": "Direct",
    "global_properties": {
        "energy": {
            "value": -116.23211
        }
    },
    "lattice_vectors": [
        [4.532717718614041, 1.55474e-11, 8.5548e-12],
        [2.2663588642642645, 4.591892423496232, -2.364490428815085],
        [2.266358864278534, 4.606844995442512, 7.126959664297778]
    ]
}