{
    "atom_coords": [
        [0.0, 0.0, 0.123217977363268],
        [0.0, 0.0, 0.3746922931790024],
        [0.5, 0.5, 0.5003077068209976],
        [0.5, 0.5, 0.751782022636732],
        [0.0, 0.0, 0.998661182337699],
        [0.5, 0.5, 0.1252482954982028],
        [0.0, 0.0, 0.2485570966269677],
        [0.5, 0.5, 0.3774544721898465],
        [0.0, 0.0, 0.4975455278101535],
        [0.5, 0.5, 0.6264429033730323],
        [0.0, 0.0, 0.7497517045017972],
        [0.5, 0.5, 0.876338817662301]
    ],
    "atom_properties": {
        "force": {
            "value": [
                [-0.0, -0.0, 0.122132],
                [0.0, 0.0, -0.006944],
                [-0.0, -0.0, 0.006944],
                [-0.0, 0.0, -0.122132],
                [0.0, 0.0, 0.127984],
                [0.0, -0.0, -0.024408],
                [0.0, 0.0, 0.164632],
                [-0.0, -0.0, -0.176193],
                [0.0, 0.0, 0.176193],
                [-0.0, -0.0, -0.164632],
                [-0.0, 0.0, 0.024408],
                [-0.0, -0.0, -0.127984]
            ]
        }
    },
    "atom_type": [
        "N",
        "N",
        "N",
        "N",
        "Zr",
        "Zr",
        "Zr",
        "Zr",
        "Zr",
        "Zr",
        "Zr",
        "Zr"
    ],
    "coordinate_mode": "Direct",
    "global_properties": {
        "energy": {
            "value": -115.63929
        }
    },
    "lattice_vectors": [
        [2.3105841833916845, 2.3105841833916845, 0.0],
        [2.3105841833916845, -2.3105841833916845, 0.0],
        [0.0, 0.0, -18.176670959879146]
    ]
}