{
    "atom_coords": [
        [0.2527762158528191, 0.1242866541561369, 0.6254835605677442],
        [0.75, 0.3740604559274203, 0.8759395440725797],
        [0.25, 0.1254428063618462, 0.1245571936381538],
        [0.2472237841471809, 0.6245164394322558, 0.1257133458438631],
        [0.0134691439392185, 0.0062145594969252, 0.9916839620815523],
        [0.0027654281538787, 0.4938948825419587, 0.0020534225498778],
        [0.4865308560607815, 0.2583160379184477, 0.2437854405030748],
        [0.4842259772258757, 0.7535083970104708, 0.2474454997523878],
        [0.0002308716707589, 0.4929599185639262, 0.503701229107115],
        [0.0157740227741243, 0.0025545002476122, 0.4964916029895292],
        [0.4997691283292411, 0.746298770892885, 0.7570400814360738],
        [0.4972345718461213, 0.2479465774501222, 0.7561051174580413]
    ],
    "atom_properties": {
        "force": {
            "value": [
                [0.128596, -0.091104, -0.109604],
                [-0.0, -0.017339, 0.017339],
                [-0.0, 0.040193, -0.040193],
                [-0.128596, 0.109604, 0.091104],
                [-0.05688, 0.021539, 0.02394],
                [-0.027001, 0.068063, 0.02265],
                [0.05688, -0.02394, -0.021539],
                [-0.072482, 0.014887, 0.100254],
                [-0.069081, 0.045862, 0.044863],
                [0.072482, -0.100254, -0.014887],
                [0.069081, -0.044863, -0.045862],
                [0.027001, -0.02265, -0.068063]
            ]
        }
    },
    "atom_type": [
        "N",
        "N",
        "N",
        "N",
        "Zr",
        "Zr",
        "Zr",
        "Zr",
        "Zr",
        "Zr",
        "Zr",
        "Zr"
    ],
    "coordinate_mode": "Direct",
    "global_properties": {
        "energy": {
            "value": -115.7975
        }
    },
    "lattice_vectors": [
        [4.58127110880525, -2.289408801925452, -2.289408801925452],
        [4.595631819640183, 4.6077791535847075, -0.0003059987514579],
        [4.595631819640183, -0.0003059987514579, 4.6077791535847075]
    ]
}