{
    "atom_coords": [
        [0.0001671635608886, 0.5001671635608815, 0.5003343271217702],
        [0.3748328364391114, 0.3748328364391185, 0.2496656728782298],
        [0.0021299242890436, 0.0004225940005043, 0.0002901652556346],
        [0.3728700757109564, 0.8745774059994957, 0.7497098347443654],
        [0.7497464404982139, 0.7351302095225876, 0.4961872240776657],
        [0.1285592164205482, 0.6139429854449432, 0.253812775922313],
        [0.4981602409665911, 0.4998675712551375, 0.0002901652556346],
        [0.8768397590334089, 0.3751324287448625, 0.7497098347443654],
        [0.2464407835794518, 0.2610570145550568, 0.496187224077687],
        [0.6252535595017861, 0.1398697904774124, 0.2538127759223343]
    ],
    "atom_properties": {
        "force": {
            "value": [
                [-0.0, 0.05422, -0.05422],
                [0.0, -0.05422, 0.05422],
                [0.021385, -0.021926, -0.063185],
                [-0.021385, 0.021926, 0.063185],
                [0.049369, 0.000915, -0.031766],
                [0.049369, -0.031766, 0.000915],
                [-0.021385, 0.063185, 0.021926],
                [0.021385, -0.063185, -0.021926],
                [-0.049369, 0.031766, -0.000915],
                [-0.049369, -0.000915, 0.031766]
            ]
        }
    },
    "atom_type": [
        "N",
        "N",
        "Zr",
        "Zr",
        "Zr",
        "Zr",
        "Zr",
        "Zr",
        "Zr",
        "Zr"
    ],
    "coordinate_mode": "Direct",
    "global_properties": {
        "energy": {
            "value": -91.613169
        }
    },
    "lattice_vectors": [
        [4.635081624528221, 2.303329617990787, 2.303329618018483],
        [-4.588625720678919, 2.2575068383850057, 2.2575068384119024],
        [-0.023227951873783, -6.887461478010707, 2.3266250316168016]
    ]
}