{
    "atom_coords": [
        [0.0, 0.0, 0.121849779672381],
        [0.0, 0.0, 0.373985836519978],
        [0.0, 0.0, 0.624093491686132],
        [0.5, 0.5, 0.7521790197787297],
        [0.0, 0.0, 0.9980398007082911],
        [0.5, 0.5, 0.1272131583391598],
        [0.0, 0.0, 0.2492188807308224],
        [0.5, 0.5, 0.3750623390145336],
        [0.0, 0.0, 0.4985797547471407],
        [0.5, 0.5, 0.6267700466293462],
        [0.0, 0.0, 0.7471417488200771],
        [0.5, 0.5, 0.8808661433534013]
    ],
    "atom_properties": {
        "force": {
            "value": [
                [-0.0, -0.0, 0.072739],
                [-0.0, -0.0, 0.043166],
                [-0.0, -0.0, -0.039376],
                [-0.0, -0.0, -0.005327],
                [-0.0, -0.0, 0.003004],
                [0.0, 0.0, -0.039829],
                [-0.0, -0.0, 0.046985],
                [0.0, 0.0, 0.008737],
                [-0.0, -0.0, 0.035701],
                [-0.0, -0.0, -0.084023],
                [-0.0, -0.0, -0.08043],
                [0.0, 0.0, 0.038653]
            ]
        }
    },
    "atom_type": [
        "N",
        "N",
        "N",
        "N",
        "Zr",
        "Zr",
        "Zr",
        "Zr",
        "Zr",
        "Zr",
        "Zr",
        "Zr"
    ],
    "coordinate_mode": "Direct",
    "global_properties": {
        "energy": {
            "value": -115.68447
        }
    },
    "lattice_vectors": [
        [2.3075443051103033, 2.3075443051103033, 0.0],
        [2.3075443051103033, -2.3075443051103033, 0.0],
        [0.0, 0.0, -18.045102983636365]
    ]
}