{
    "atom_coords": [
        [0.75, 0.25, 0.0010947086865656],
        [0.25, 0.25, 0.75],
        [0.75, 0.25, 0.4989052913134344],
        [0.75, 0.75, 0.25],
        [0.25, 0.25, 0.25],
        [0.0014330939641027, 0.00937666572257, 0.0048968154445461],
        [0.4985669060358973, 0.49062333427743, 0.0048968154445461],
        [0.5005031546733676, 0.0175850749947202, 0.75],
        [0.9994968453266324, 0.4824149250052798, 0.75],
        [0.0014330939641027, 0.00937666572257, 0.4951031845554539],
        [0.4985669060358973, 0.49062333427743, 0.4951031845554539],
        [0.515874862677137, 0.0087416404182221, 0.25],
        [0.984125137322863, 0.4912583595817779, 0.25]
    ],
    "atom_properties": {
        "force": {
            "value": [
                [0.003178, -0.003178, 0.0],
                [0.0, 0.0, 0.0],
                [-0.003178, 0.003178, -0.0],
                [0.0, 0.0, 0.0],
                [0.0, 0.0, 0.0],
                [-0.000145, 0.020459, -0.058697],
                [-0.020459, 0.000145, 0.058697],
                [0.024082, 0.024082, 0.100739],
                [-0.024082, -0.024082, -0.100739],
                [0.020459, -0.000145, -0.058697],
                [0.000145, -0.020459, 0.058697],
                [0.046324, 0.046324, -0.136974],
                [-0.046324, -0.046324, 0.136974]
            ]
        }
    },
    "atom_type": [
        "N",
        "N",
        "N",
        "N",
        "N",
        "Zr",
        "Zr",
        "Zr",
        "Zr",
        "Zr",
        "Zr",
        "Zr",
        "Zr"
    ],
    "coordinate_mode": "Direct",
    "global_properties": {
        "energy": {
            "value": -128.12651
        }
    },
    "lattice_vectors": [
        [-2.304164115797874, -2.304164115797874, -4.607571515023008],
        [-2.2916172794163114, -2.2916172794163114, 4.5949989087576055],
        [-4.619351927929183, 4.619351927929183, 0.0]
    ]
}