{
    "atom_coords": [
        [0.1685921418503469, 0.3371841837006997, 0.8334013010109587],
        [0.8341250925381587, 0.6682502850763328, 0.6682340663349393],
        [0.4992082074618409, 0.9984164149236676, 0.4984326336650611],
        [0.1647412581496539, 0.3294824162992995, 0.3332652989890406],
        [0.0075331204501978, 0.0150662409003388, 0.9973568435109854],
        [0.6689471066747501, 0.3378941133494919, 0.8205334029411304],
        [0.3285401460994493, 0.6570803921989636, 0.6567215824579904],
        [0.0047931539005504, 0.0095863078010368, 0.50994511754201],
        [0.6643862933252507, 0.3287724866505073, 0.3461331970588688],
        [0.3258001795498018, 0.6516004590996616, 0.169309856489015]
    ],
    "atom_properties": {
        "force": {
            "value": [
                [-0.0, 0.037143, -0.002027],
                [-0.0, 0.01767, -0.003309],
                [0.0, -0.01767, 0.003309],
                [0.0, -0.037143, 0.002027],
                [-0.0, 0.108946, 0.009128],
                [-0.0, 0.046028, 0.039544],
                [-0.0, 0.007617, 0.020493],
                [0.0, -0.007617, -0.020493],
                [0.0, -0.046028, -0.039544],
                [0.0, -0.108946, -0.009128]
            ]
        }
    },
    "atom_type": [
        "N",
        "N",
        "N",
        "N",
        "Zr",
        "Zr",
        "Zr",
        "Zr",
        "Zr",
        "Zr"
    ],
    "coordinate_mode": "Direct",
    "global_properties": {
        "energy": {
            "value": -99.142807
        }
    },
    "lattice_vectors": [
        [4.603459761729981, -4.03616e-11, 8.4469e-12],
        [-2.301729885924627, 4.641112810649482, 2.2803531943093214],
        [4.8587e-11, -4.654323020258771, 4.587183650734777]
    ]
}