{
    "atom_coords": [
        [0.0, 0.6255763586015703, 0.7498976127482493],
        [0.5, 0.0017861424784797, 0.0035722849569595],
        [0.0, 0.1243212541466789, 0.7498976127482493],
        [0.0, 0.9920798714281034, 0.9841597428562139],
        [0.5, 0.1215129740929868, 0.7560291933364738],
        [0.0, 0.2574785833807951, 0.5149571667615973],
        [0.5, 0.3732705675586416, 0.2454619931490356],
        [0.0, 0.4975786181165134, 0.9951572362330197],
        [0.5, 0.6345162192435012, 0.7560291933364738],
        [0.0, 0.7496879853623426, 0.4993759707246781],
        [0.5, 0.8721914255904011, 0.2454619931490356]
    ],
    "atom_properties": {
        "force": {
            "value": [
                [0.0, -0.019943, -0.052209],
                [0.0, 0.090475, 0.090475],
                [0.0, -0.052209, -0.019943],
                [0.0, -0.014933, -0.014933],
                [0.0, -0.00655, 0.033438],
                [0.0, 0.045759, 0.045759],
                [0.0, 0.030825, -0.077483],
                [0.0, 0.076825, 0.076825],
                [0.0, 0.033438, -0.00655],
                [0.0, -0.106203, -0.106203],
                [0.0, -0.077483, 0.030825]
            ]
        }
    },
    "atom_type": [
        "N",
        "N",
        "N",
        "Zr",
        "Zr",
        "Zr",
        "Zr",
        "Zr",
        "Zr",
        "Zr",
        "Zr"
    ],
    "coordinate_mode": "Direct",
    "global_properties": {
        "energy": {
            "value": -103.63471
        }
    },
    "lattice_vectors": [
        [4.576420993544347, 0.0, 0.0],
        [0.0, 4.615826910888131, -4.615826910888131],
        [0.0, 2.2675740654881946, 6.883400976376326]
    ]
}