{
    "atom_coords": [
        [0.0001885732995603, 0.5001885732995603, 0.0003771465991136],
        [0.1244407086872457, 0.1244407086872386, 0.2488814173744984],
        [0.25, 0.75, 0.5],
        [0.3755592913127543, 0.3755592913127614, 0.7511185826255016],
        [0.4998114267004397, 0.9998114267004397, 0.9996228534008793],
        [0.0056600135836433, 0.0056600135836575, 0.011320027167244],
        [0.127370316703292, 0.6273703167032991, 0.2547406334065698],
        [0.25, 0.25, 0.5],
        [0.372629683296708, 0.8726296832967009, 0.7452593665934302],
        [0.4943399864163567, 0.4943399864163425, 0.988679972832756],
        [0.6230555102906052, 0.1230555102905981, 0.2461110205812176],
        [0.75, 0.75, 0.5],
        [0.8769444897093948, 0.3769444897094019, 0.7538889794187824]
    ],
    "atom_properties": {
        "force": {
            "value": [
                [-0.0, -0.0, 0.074682],
                [-0.0, -0.0, 0.076921],
                [0.0, -0.0, -0.0],
                [0.0, 0.0, -0.076921],
                [0.0, 0.0, -0.074682],
                [-0.0, -0.0, 0.048448],
                [-0.0, -0.0, 0.026073],
                [0.0, 0.0, -0.0],
                [0.0, 0.0, -0.026073],
                [0.0, 0.0, -0.048448],
                [0.0, 0.0, -0.011454],
                [0.0, 0.0, -0.0],
                [-0.0, -0.0, 0.011454]
            ]
        }
    },
    "atom_type": [
        "N",
        "N",
        "N",
        "N",
        "N",
        "Zr",
        "Zr",
        "Zr",
        "Zr",
        "Zr",
        "Zr",
        "Zr",
        "Zr"
    ],
    "coordinate_mode": "Direct",
    "global_properties": {
        "energy": {
            "value": -127.67664
        }
    },
    "lattice_vectors": [
        [4.577297720667769, 0.0, -2.04831e-11],
        [0.0, 4.598132520406948, -2.06142e-11],
        [-2.2886488653702, -2.299066265262642, 9.238208634047576]
    ]
}