{
    "atom_coords": [
        [0.3596882656837366, 0.719376431367472, 0.5700476376105073],
        [0.4967718005991841, 0.9935436011983612, 0.999815122319113],
        [0.0739786601350119, 0.1479572202700439, 0.7136352880513925],
        [0.0040428252276286, 0.0080856504552713, 0.9954245060657385],
        [0.5589646348027415, 0.1179291696055103, 0.7212958788436481],
        [0.1520251639052574, 0.3040504278105232, 0.4422126029082918],
        [0.7051629888038278, 0.4103259776076484, 0.1484436980650372],
        [0.2877482888809126, 0.5754965777618111, 0.8499411243052961],
        [0.8669635270056446, 0.7339269540112809, 0.5691693056112683],
        [0.4232253449560446, 0.8464507899120761, 0.2757291362196881]
    ],
    "atom_properties": {
        "force": {
            "value": [
                [0.0, -0.005837, 0.041664],
                [0.0, -0.015566, 0.071916],
                [-0.0, 0.064474, -0.02233],
                [0.0, 0.003627, 0.047389],
                [-0.0, 0.049757, -0.08159],
                [-0.0, 0.172085, -0.007713],
                [0.0, -0.126136, 0.083469],
                [0.0, -0.101431, -0.082851],
                [-0.0, 0.010106, 0.005678],
                [0.0, -0.051078, -0.055632]
            ]
        }
    },
    "atom_type": [
        "N",
        "N",
        "N",
        "Zr",
        "Zr",
        "Zr",
        "Zr",
        "Zr",
        "Zr",
        "Zr"
    ],
    "coordinate_mode": "Direct",
    "global_properties": {
        "energy": {
            "value": -95.477045
        }
    },
    "lattice_vectors": [
        [4.535527956585392, -8.10813e-11, 1.78607e-11],
        [-2.267763983331682, 4.669235257332611, -2.318900026614573],
        [-1.38971e-11, 2.332610721503901, 6.952883048850252]
    ]
}