{
    "atom_coords": [
        [0.800020933695528, 0.3000209336955351, 0.600041867391063],
        [0.9999790663044692, 0.4999790663044621, 0.9999581326089384],
        [0.000627049883704, 0.0006270498836969, 0.001254099767408],
        [0.2066194565517989, 0.2066194565517492, 0.4132389131035978],
        [0.3999999999999986, 0.3999999999999986, 0.7999999999999972],
        [0.5933805434482053, 0.5933805434482551, 0.1867610868964036],
        [0.7993729501162932, 0.7993729501163003, 0.5987459002325934]
    ],
    "atom_properties": {
        "force": {
            "value": [
                [0.04947, -0.0, 0.04947],
                [-0.04947, 0.0, -0.04947],
                [-0.000477, 0.0, -0.000477],
                [-0.007508, 0.0, -0.007508],
                [-0.0, -0.0, -0.0],
                [0.007508, -0.0, 0.007508],
                [0.000477, -0.0, 0.000477]
            ]
        }
    },
    "atom_type": [
        "N",
        "N",
        "Zr",
        "Zr",
        "Zr",
        "Zr",
        "Zr"
    ],
    "coordinate_mode": "Direct",
    "global_properties": {
        "energy": {
            "value": -66.401332
        }
    },
    "lattice_vectors": [
        [2.3250362563953058, 0.0, -2.3250362563953058],
        [-1.29261e-11, 4.507957361496578, -1.29261e-11],
        [4.603037489739213, -2.253978685700654, 6.92807374613452]
    ]
}