{
    "atom_coords": [
        [0.0, 0.5, 0.250396151369273],
        [0.0, 0.5, 0.5016279131722783],
        [0.5, 0.0, 0.6253633784593902],
        [0.0, 0.5, 0.7484403799907113],
        [0.5, 0.0, 0.8745932417015609],
        [0.0, 0.0, 0.9955726933642879],
        [0.5, 0.5, 0.132777704904953],
        [0.0, 0.0, 0.2470038315809262],
        [0.5, 0.5, 0.3715355933451931],
        [0.0, 0.0, 0.5049518676462625],
        [0.5, 0.5, 0.6211686827473386],
        [0.0, 0.0, 0.754369271827187],
        [0.5, 0.5, 0.872199289890645]
    ],
    "atom_properties": {
        "force": {
            "value": [
                [-0.075049, 0.0, 0.075049],
                [0.043623, 0.0, -0.043623],
                [-0.031108, 0.0, 0.031108],
                [0.065437, 0.0, -0.065437],
                [-0.028654, 0.0, 0.028654],
                [0.054849, 0.0, -0.054849],
                [-0.028323, 0.0, 0.028323],
                [0.035661, 0.0, -0.035661],
                [-0.074874, 0.0, 0.074874],
                [-0.101157, 0.0, 0.101157],
                [0.00782, 0.0, -0.00782],
                [0.011291, 0.0, -0.011291],
                [0.120485, 0.0, -0.120485]
            ]
        }
    },
    "atom_type": [
        "N",
        "N",
        "N",
        "N",
        "N",
        "Zr",
        "Zr",
        "Zr",
        "Zr",
        "Zr",
        "Zr",
        "Zr",
        "Zr"
    ],
    "coordinate_mode": "Direct",
    "global_properties": {
        "energy": {
            "value": -127.64631
        }
    },
    "lattice_vectors": [
        [2.315560421697792, 0.0, 2.315560421697792],
        [0.0, 4.563738260575779, 0.0],
        [-9.23042701392089, 0.0, 9.23042701392089]
    ]
}