{
    "atom_coords": [
        [0.75, 0.875, 0.375],
        [0.2479766920048405, 0.6256507421507393, 0.6256507421507393],
        [0.25, 0.1247898052791143, 0.6252101947208857],
        [0.75, 0.875, 0.875],
        [0.75, 0.375, 0.875],
        [0.2520233079951595, 0.1243492578492607, 0.1243492578492607],
        [0.25, 0.6252101947208857, 0.1247898052791143],
        [0.0011846548589247, 0.999710532789365, 0.999710532789365],
        [0.0067343528647612, 0.5035790204937953, 0.9913754980927152],
        [0.4927795736108109, 0.2469629878183284, 0.2469629878183284],
        [0.4932656471352388, 0.7586245019072848, 0.2464209795062047],
        [0.0072204263891891, 0.5030370121816716, 0.5030370121816716],
        [0.0067343528647612, 0.9913754980927152, 0.5035790204937953],
        [0.4988153451410753, 0.750289467210635, 0.750289467210635],
        [0.4932656471352388, 0.2464209795062047, 0.7586245019072848]
    ],
    "atom_properties": {
        "force": {
            "value": [
                [0.0, -0.0, -0.0],
                [0.035401, -0.011154, -0.011154],
                [0.0, -0.000763, 0.000763],
                [0.0, -0.0, -0.0],
                [0.0, -0.0, -0.0],
                [-0.035401, 0.011154, 0.011154],
                [0.0, 0.000763, -0.000763],
                [0.007193, 0.009516, 0.009516],
                [0.002994, 0.012151, -0.047101],
                [-0.053531, 0.014295, 0.014295],
                [-0.002994, 0.047101, -0.012151],
                [0.053531, -0.014295, -0.014295],
                [0.002994, -0.047101, 0.012151],
                [-0.007193, -0.009516, -0.009516],
                [-0.002994, -0.012151, 0.047101]
            ]
        }
    },
    "atom_type": [
        "N",
        "N",
        "N",
        "N",
        "N",
        "N",
        "N",
        "Zr",
        "Zr",
        "Zr",
        "Zr",
        "Zr",
        "Zr",
        "Zr",
        "Zr"
    ],
    "coordinate_mode": "Direct",
    "global_properties": {
        "energy": {
            "value": -151.64028
        }
    },
    "lattice_vectors": [
        [4.600257294795961, -2.2933538692203106, -2.2933538692203106],
        [4.606116795110853, 4.60277105892008, -0.00429353033836],
        [4.606116795110853, -0.00429353033836, 4.60277105892008]
    ]
}