{
    "atom_coords": [
        [0.3123103954961763, 0.3123103954961763, 0.0630688135114639],
        [0.9378354295879276, 0.9378354295879276, 0.1864937112362171],
        [0.8124135637430641, 0.8124135637430641, 0.5627593087708078],
        [0.9998176536808359, 0.9998176536808359, 0.0005470389574853],
        [0.8751829411977425, 0.8751829411977425, 0.3744511764067866],
        [0.7493008555263998, 0.7493008555263998, 0.7520974334208077],
        [0.6250846705303559, 0.6250846705303559, 0.1247459884089253],
        [0.4990191623095086, 0.4990191623095086, 0.5029425130714884],
        [0.3755605690880515, 0.3755605690880515, 0.8733182927358527],
        [0.2500561819074179, 0.2500561819074179, 0.2498314542777322],
        [0.1259185769325271, 0.1259185769325271, 0.6222442692024259]
    ],
    "atom_properties": {
        "force": {
            "value": [
                [0.01556, 0.01556, -0.01556],
                [0.006719, 0.006719, -0.006719],
                [-0.016492, -0.016492, 0.016492],
                [0.013687, 0.013687, -0.013687],
                [0.01856, 0.01856, -0.01856],
                [-0.035494, -0.035494, 0.035494],
                [0.004548, 0.004548, -0.004548],
                [-0.010686, -0.010686, 0.010686],
                [0.027753, 0.027753, -0.027753],
                [-0.004163, -0.004163, 0.004163],
                [-0.019992, -0.019992, 0.019992]
            ]
        }
    },
    "atom_type": [
        "N",
        "N",
        "N",
        "Zr",
        "Zr",
        "Zr",
        "Zr",
        "Zr",
        "Zr",
        "Zr",
        "Zr"
    ],
    "coordinate_mode": "Direct",
    "global_properties": {
        "energy": {
            "value": -103.53046
        }
    },
    "lattice_vectors": [
        [2.293239609546954, 0.0, 2.293239609546954],
        [0.0, 2.293239609546954, 2.293239609546954],
        [-11.458326974562578, -11.45832697456258, 13.751566584109531]
    ]
}