{
    "atom_coords": [
        [0.0631866930698024, 0.5593960652558039, 0.3142305486045913],
        [0.6874765024392104, 0.1865664830620801, 0.4384805120594848],
        [0.9387326178892081, 0.4383249315787694, 0.6842098326428072],
        [0.5620573608252926, 0.0640737423149389, 0.8118115360344689],
        [0.186050148957662, 0.6886985409036726, 0.9392011611810034],
        [0.0044384345007771, 0.0032848743213663, 0.9878382566770796],
        [0.6243138056635615, 0.6258106639475614, 0.1255617247253156],
        [0.2467951549256284, 0.2446490209584837, 0.2617606691902594],
        [0.8753405050566414, 0.8752678009481869, 0.3740511889385303],
        [0.5050521575768911, 0.4947044197108923, 0.4951912651353325],
        [0.1211038267829494, 0.1302789962925743, 0.6275133501415411],
        [0.745610696753424, 0.7461717823643852, 0.7626068241287598],
        [0.3773420955589586, 0.3802726783412638, 0.8650431305408262]
    ],
    "atom_properties": {
        "force": {
            "value": [
                [0.007226, -0.070036, -0.007226],
                [-0.015368, -0.027427, 0.015368],
                [0.033391, 0.00243, -0.033391],
                [0.029507, 0.024865, -0.029507],
                [-0.019601, 0.098632, 0.019601],
                [0.023488, 0.105486, -0.023488],
                [0.013892, -0.02468, -0.013892],
                [-0.03412, -0.089321, 0.03412],
                [-0.053328, -0.052639, 0.053328],
                [-0.008426, -0.057745, 0.008426],
                [0.013997, 0.002416, -0.013997],
                [-0.039267, 0.059313, 0.039267],
                [0.048609, 0.028706, -0.048609]
            ]
        }
    },
    "atom_type": [
        "N",
        "N",
        "N",
        "N",
        "N",
        "Zr",
        "Zr",
        "Zr",
        "Zr",
        "Zr",
        "Zr",
        "Zr",
        "Zr"
    ],
    "coordinate_mode": "Direct",
    "global_properties": {
        "energy": {
            "value": -127.96238
        }
    },
    "lattice_vectors": [
        [2.32645690827565, 0.0, 2.32645690827565],
        [2.3310507509423966, 6.812440643065096, -0.0045938426667472],
        [-4.6366776850202305, 2.257624499083719, 6.963134593295882]
    ]
}