{
    "atom_coords": [
        [0.25, 0.125, 0.625],
        [0.25, 0.125, 0.125],
        [0.25, 0.625, 0.125],
        [0.0212967023063086, 0.9962660540723576, 0.9962660540723576],
        [0.0104576055878596, 0.499094331314339, 0.0007489662471727],
        [0.4787032976936914, 0.2537339459276424, 0.2537339459276424],
        [0.4895423944121404, 0.750905668685661, 0.2492510337528273],
        [0.9976910461538822, 0.4987407541085247, 0.4987407541085247],
        [0.0104576055878596, 0.0007489662471727, 0.499094331314339],
        [0.5023089538461178, 0.7512592458914753, 0.7512592458914753],
        [0.4895423944121404, 0.2492510337528273, 0.750905668685661]
    ],
    "atom_properties": {
        "force": {
            "value": [
                [0.0, -0.0, -0.0],
                [0.0, -0.0, -0.0],
                [0.0, -0.0, -0.0],
                [-0.002437, 0.041177, 0.041177],
                [0.022051, 0.05558, -0.015315],
                [0.002437, -0.041177, -0.041177],
                [-0.022051, -0.05558, 0.015315],
                [-0.075408, 0.084699, 0.084699],
                [0.022051, -0.015315, 0.05558],
                [0.075408, -0.084699, -0.084699],
                [-0.022051, 0.015315, -0.05558]
            ]
        }
    },
    "atom_type": [
        "N",
        "N",
        "N",
        "Zr",
        "Zr",
        "Zr",
        "Zr",
        "Zr",
        "Zr",
        "Zr",
        "Zr"
    ],
    "coordinate_mode": "Direct",
    "global_properties": {
        "energy": {
            "value": -103.70506
        }
    },
    "lattice_vectors": [
        [4.604255691883224, -2.259133954936169, -2.259133954936169],
        [4.641101306423372, 4.60582968852622, -0.0148387461188519],
        [4.641101306423372, -0.0148387461188519, 4.60582968852622]
    ]
}