{
    "atom_coords": [
        [0.1261376687373499, 0.1261376687373499, 0.2522753374746998],
        [0.3738623312626501, 0.3738623312626501, 0.7477246625253002],
        [0.5, 0.0, 0.0],
        [0.006971172566189, 0.006971172566189, 0.0139423451324348],
        [0.1314476370577324, 0.6314476370577324, 0.2628952741155146],
        [0.25, 0.25, 0.5],
        [0.3775703394898144, 0.8775703394898144, 0.7551406789796502],
        [0.493028827433811, 0.493028827433811, 0.9860576548675652],
        [0.6224296605101856, 0.1224296605101856, 0.2448593210203498],
        [0.75, 0.75, 0.5],
        [0.8685523629422676, 0.3685523629422676, 0.7371047258844854]
    ],
    "atom_properties": {
        "force": {
            "value": [
                [0.0, 0.0, -0.034765],
                [-0.0, -0.0, 0.034765],
                [0.0, -0.0, 0.0],
                [-0.0, -0.0, 0.076289],
                [-0.0, -0.0, 0.016806],
                [0.0, -0.0, 0.0],
                [0.0, 0.0, -0.062445],
                [0.0, 0.0, -0.076289],
                [-0.0, -0.0, 0.062445],
                [0.0, -0.0, 0.0],
                [0.0, 0.0, -0.016806]
            ]
        }
    },
    "atom_type": [
        "N",
        "N",
        "N",
        "Zr",
        "Zr",
        "Zr",
        "Zr",
        "Zr",
        "Zr",
        "Zr",
        "Zr"
    ],
    "coordinate_mode": "Direct",
    "global_properties": {
        "energy": {
            "value": -104.06803
        }
    },
    "lattice_vectors": [
        [4.558545637321502, 0.0, -3.55572e-11],
        [0.0, 4.558545637321502, -3.55572e-11],
        [-2.2792728237065303, -2.2792728237065303, 9.295439938058987]
    ]
}