{
    "atom_coords": [
        [0.2456234934051835, 0.3799988578322555, 0.061655014597477],
        [0.252700788834062, 0.875942387617684, 0.3124301779329315],
        [0.7499872175623423, 0.6210910042196005, 0.4359911915571217],
        [0.0079909914805043, 0.017719593160912, 0.0073752958311175],
        [0.4879400346071918, 0.73856822829066, 0.135383199327471],
        [0.004306324076758, 0.514467474861739, 0.2503177141690784],
        [0.4949580513407881, 0.2552745987920133, 0.3654498122406551],
        [0.0073815093367884, 0.979441015201516, 0.5019793109617652],
        [0.5145994355152297, 0.7550053669319396, 0.6213129377353397],
        [0.9925944149048007, 0.4890735560084636, 0.7471918518828033],
        [0.4919177389363298, 0.2484179170832164, 0.8734134937642466]
    ],
    "atom_properties": {
        "force": {
            "value": [
                [0.004166, 0.035526, -0.001222],
                [0.006122, 0.002029, 0.028871],
                [0.032186, 0.020093, -0.090036],
                [0.00344, 0.017379, 0.05933],
                [-0.080636, -0.023335, 0.032853],
                [-0.005551, 0.048829, 0.103882],
                [0.035107, -0.047244, -0.019267],
                [0.056052, -0.06628, -0.110154],
                [0.041548, 0.016287, -0.038769],
                [-0.047607, 0.002016, -0.031384],
                [-0.044828, -0.005301, 0.065895]
            ]
        }
    },
    "atom_type": [
        "N",
        "N",
        "N",
        "Zr",
        "Zr",
        "Zr",
        "Zr",
        "Zr",
        "Zr",
        "Zr",
        "Zr"
    ],
    "coordinate_mode": "Direct",
    "global_properties": {
        "energy": {
            "value": -103.80901
        }
    },
    "lattice_vectors": [
        [2.279986441860716, 2.3329538452454397, -4.6310452907075375],
        [-2.2756663378052844, 4.66502902784259, 2.3173632406689633],
        [4.542277887658262, 0.0013972288435266, 4.622902031734031]
    ]
}