{
    "atom_coords": [
        [0.705272442853996, 0.1929350612834995, 0.39652005300848],
        [0.8947275571460054, 0.407064938716502, 0.8034799469915157],
        [0.9829957699502927, 0.0189940353870739, 0.0150144247122199],
        [0.1845602145038896, 0.2057170708351492, 0.4251625001569721],
        [0.4154397854961118, 0.3942829291648522, 0.7748374998430236],
        [0.6170042300497087, 0.5810059646129275, 0.1849855752877829],
        [0.7999999999999972, 0.7999999999999972, 0.6000000000000014]
    ],
    "atom_properties": {
        "force": {
            "value": [
                [0.0, 0.050925, -0.008034],
                [-0.0, -0.050925, 0.008034],
                [0.0, 0.018095, 0.055766],
                [-0.0, 0.014936, -0.040101],
                [0.0, -0.014936, 0.040101],
                [-0.0, -0.018095, -0.055766],
                [-0.0, -0.0, -0.0]
            ]
        }
    },
    "atom_type": [
        "N",
        "N",
        "Zr",
        "Zr",
        "Zr",
        "Zr",
        "Zr"
    ],
    "coordinate_mode": "Direct",
    "global_properties": {
        "energy": {
            "value": -66.588167
        }
    },
    "lattice_vectors": [
        [4.557762849475864, -3.44677e-11, 1.938316e-10],
        [2.2788814297716606, 4.551453260999906, 2.3463737393407276],
        [2.278881429921151, -2.3010387487074455, 4.746396846543368]
    ]
}