{
    "atom_coords": [
        [0.5006757061681313, 0.5006757061681313, 0.0013514123362626],
        [0.2993242938318659, 0.2993242938318659, 0.5986485876637389],
        [0.9998190361396269, 0.9998190361396269, 0.9996380722792395],
        [0.8001809638603703, 0.8001809638603703, 0.6003619277207619],
        [0.6009020673604226, 0.6009020673604226, 0.2018041347208452],
        [0.3999999999999986, 0.3999999999999986, 0.7999999999999972],
        [0.1990979326395816, 0.1990979326395816, 0.3981958652791562]
    ],
    "atom_properties": {
        "force": {
            "value": [
                [0.0, 0.0, 0.130051],
                [-0.0, 0.0, -0.130051],
                [0.0, 0.0, -0.006491],
                [-0.0, 0.0, 0.006491],
                [-0.0, 0.0, 0.125645],
                [0.0, 0.0, -0.0],
                [-0.0, 0.0, -0.125645]
            ]
        }
    },
    "atom_type": [
        "N",
        "N",
        "Zr",
        "Zr",
        "Zr",
        "Zr",
        "Zr"
    ],
    "coordinate_mode": "Direct",
    "global_properties": {
        "energy": {
            "value": -66.215311
        }
    },
    "lattice_vectors": [
        [2.306507385914163, -2.306507385914163, 0.0],
        [2.306507385914163, 2.306507385914163, 0.0],
        [-2.306507385914163, 0.0, 11.287807128696311]
    ]
}