{
    "atom_coords": [
        [0.251057980810188, 0.122718051942563, 0.6261252131548432],
        [0.75, 0.875, 0.875],
        [0.75, 0.375, 0.875],
        [0.248942019189812, 0.627281948057437, 0.1238747868451568],
        [0.9986527159139271, 0.0031975286484496, 0.9887075623006467],
        [0.9904360535663628, 0.5079148054824856, 0.9987577756001116],
        [0.4925004419524157, 0.2594335544272965, 0.2456702768311629],
        [0.4958122709926158, 0.749808505340205, 0.2413243083642129],
        [0.0074995580475843, 0.4905664455727035, 0.5043297231688371],
        [0.0041877290073842, 0.000191494659795, 0.5086756916357871],
        [0.5013472840860729, 0.7468024713515504, 0.7612924376993533],
        [0.5095639464336372, 0.2420851945175144, 0.7512422243998884]
    ],
    "atom_properties": {
        "force": {
            "value": [
                [0.071374, -0.124878, -0.058456],
                [-0.0, 0.0, 0.0],
                [-0.0, 0.0, 0.0],
                [-0.071374, 0.124878, 0.058456],
                [0.066, 0.047777, 0.089688],
                [0.007978, 0.06349, 0.079312],
                [-0.078361, 0.06489, -0.000131],
                [-0.027398, 0.043609, 0.126588],
                [0.078361, -0.06489, 0.000131],
                [0.027398, -0.043609, -0.126588],
                [-0.066, -0.047777, -0.089688],
                [-0.007978, -0.06349, -0.079312]
            ]
        }
    },
    "atom_type": [
        "N",
        "N",
        "N",
        "N",
        "Zr",
        "Zr",
        "Zr",
        "Zr",
        "Zr",
        "Zr",
        "Zr",
        "Zr"
    ],
    "coordinate_mode": "Direct",
    "global_properties": {
        "energy": {
            "value": -115.82335
        }
    },
    "lattice_vectors": [
        [4.593357462062936, -2.3160764053711698, -2.293082061439208],
        [4.581426634419595, 4.638125553526896, -0.0296281336362639],
        [4.567063298557219, -0.0152465009265911, 4.5490419040139]
    ]
}