{
    "atom_coords": [
        [0.5, 0.5, 0.9993273724521714],
        [0.0, 0.0, 0.1668867944163495],
        [0.5, 0.5, 0.3333332999999996],
        [0.0, 0.0, 0.4997799055836509],
        [0.5, 0.5, 0.667339327547829],
        [0.0, 0.0, 0.0023335184899338],
        [0.5, 0.5, 0.1639392004632327],
        [0.0, 0.0, 0.3333332999999996],
        [0.5, 0.5, 0.5027274995367677],
        [0.0, 0.0, 0.6643331815100666],
        [0.5, 0.5, 0.8333332999999996]
    ],
    "atom_properties": {
        "force": {
            "value": [
                [0.0, 0.0, 0.095878],
                [0.0, 0.0, -0.063999],
                [-0.0, -0.0, -0.0],
                [0.0, 0.0, 0.063999],
                [-0.0, -0.0, -0.095878],
                [0.0, 0.0, -0.133338],
                [-0.0, -0.0, 0.079826],
                [0.0, 0.0, -0.0],
                [0.0, 0.0, -0.079826],
                [0.0, 0.0, 0.133338],
                [-0.0, -0.0, -0.0]
            ]
        }
    },
    "atom_type": [
        "N",
        "N",
        "N",
        "N",
        "N",
        "Zr",
        "Zr",
        "Zr",
        "Zr",
        "Zr",
        "Zr"
    ],
    "coordinate_mode": "Direct",
    "global_properties": {
        "energy": {
            "value": -110.55337
        }
    },
    "lattice_vectors": [
        [2.3015009196000573, 2.3015009196000573, 0.0],
        [2.3015009196000573, -2.3015009196000573, 0.0],
        [0.0, 0.0, -13.742150293002387]
    ]
}