{
    "atom_coords": [
        [0.1881667728689465, 0.0612969090544269, 0.3763335457379],
        [0.4368332271310535, 0.8137030909455731, 0.8736664542621],
        [0.6879805360655311, 0.5635948939335904, 0.3759610721310622],
        [0.8125, 0.9375, 0.625],
        [0.9370194639344689, 0.3114051060664096, 0.8740389278689378],
        [0.9979370485056052, 0.9998596445593009, 0.9958740970112103],
        [0.1274564771526201, 0.3759032431922478, 0.2549129543052402],
        [0.2478448586135187, 0.7563038687902974, 0.4956897172270374],
        [0.3771551413864813, 0.1186961312097026, 0.7543102827729626],
        [0.4975435228473799, 0.4990967568077522, 0.9950870456947598],
        [0.6270629514943948, 0.8751403554406991, 0.2541259029887897],
        [0.746319095439091, 0.2415099227910176, 0.4926381908781821],
        [0.878680904560909, 0.6334900772089824, 0.7573618091218179]
    ],
    "atom_properties": {
        "force": {
            "value": [
                [-0.037359, -0.006155, -0.037359],
                [0.037359, 0.006155, 0.037359],
                [0.033063, -0.030109, 0.033063],
                [-0.0, 0.0, -0.0],
                [-0.033063, 0.030109, -0.033063],
                [0.010762, 0.001254, 0.010762],
                [0.030269, 0.000993, 0.030269],
                [0.008468, -0.043861, 0.008468],
                [-0.008468, 0.043861, -0.008468],
                [-0.030269, -0.000993, -0.030269],
                [-0.010762, -0.001254, -0.010762],
                [-0.003101, 0.001704, -0.003101],
                [0.003101, -0.001704, 0.003101]
            ]
        }
    },
    "atom_type": [
        "N",
        "N",
        "N",
        "N",
        "N",
        "Zr",
        "Zr",
        "Zr",
        "Zr",
        "Zr",
        "Zr",
        "Zr",
        "Zr"
    ],
    "coordinate_mode": "Direct",
    "global_properties": {
        "energy": {
            "value": -127.86971
        }
    },
    "lattice_vectors": [
        [2.308083459913959, 0.0, -2.308083459913959],
        [2.3060539566349094, 4.602434421415007, 2.3060539566349094],
        [4.574679207043253, -6.867289986225091, 6.882762666957213]
    ]
}