{
    "atom_coords": [
        [0.5, 0.0, 0.1666667000000004],
        [0.5, 0.0, 0.5009988400644758],
        [0.0, 0.5, 0.6666667000000004],
        [0.5, 0.0, 0.8323344599355238],
        [0.0, 0.0, 0.0038409850447323],
        [0.5, 0.5, 0.1666667000000004],
        [0.0, 0.0, 0.3294923149552673],
        [0.5, 0.5, 0.5072275215338209],
        [0.0, 0.0, 0.6666667000000004],
        [0.5, 0.5, 0.8261057784661787]
    ],
    "atom_properties": {
        "force": {
            "value": [
                [-0.0, 0.0, 0.0],
                [-0.007284, 0.0, 0.007284],
                [-0.0, 0.0, 0.0],
                [0.007284, 0.0, -0.007284],
                [0.031218, 0.0, -0.031218],
                [0.0, 0.0, 0.0],
                [-0.031218, 0.0, 0.031218],
                [-0.042866, 0.0, 0.042866],
                [0.0, 0.0, 0.0],
                [0.042866, 0.0, -0.042866]
            ]
        }
    },
    "atom_type": [
        "N",
        "N",
        "N",
        "N",
        "Zr",
        "Zr",
        "Zr",
        "Zr",
        "Zr",
        "Zr"
    ],
    "coordinate_mode": "Direct",
    "global_properties": {
        "energy": {
            "value": -98.749079
        }
    },
    "lattice_vectors": [
        [2.313416118784779, 0.0, 2.313416118784779],
        [0.0, 4.568852197828159, 0.0],
        [-6.907449042469085, 0.0, 6.907449042469085]
    ]
}