{
    "atom_coords": [
        [0.0618264553620165, 0.5626994938929641, 0.3136475953830029],
        [0.3140312212587872, 0.8098807798981156, 0.5620567775843099],
        [0.9369899120867018, 0.4384862600414081, 0.6875339157851883],
        [0.5639668061711376, 0.0602481190750126, 0.8118182685827122],
        [0.1866459814562589, 0.6891443428483797, 0.9375636942390884],
        [0.002188673085378, 0.0015769998220989, 0.9940456540071452],
        [0.625338861929059, 0.6224735052326054, 0.1268487709092767],
        [0.2513671847706505, 0.2475062316153682, 0.249759398843338],
        [0.8741632981778906, 0.873114050219371, 0.3785593534248406],
        [0.4961796855587934, 0.5088476560489852, 0.4987929728334279],
        [0.1211955826076334, 0.1230939886568692, 0.6345148461278711],
        [0.7496092015478766, 0.7500584169832791, 0.7507231799209748],
        [0.3789971359878237, 0.3753701556655429, 0.8666355723588168]
    ],
    "atom_properties": {
        "force": {
            "value": [
                [0.013169, -0.01426, -0.013169],
                [-0.031746, 0.050093, 0.031746],
                [0.078451, 0.007898, -0.078451],
                [-0.016033, -0.003365, 0.016033],
                [-0.03286, -0.002361, 0.03286],
                [0.04249, 0.007994, -0.04249],
                [-0.02267, -0.061785, 0.02267],
                [-0.012504, -0.065402, 0.012504],
                [-0.069458, 0.054935, 0.069458],
                [0.025183, -0.002572, -0.025183],
                [-0.037017, 0.008919, 0.037017],
                [-0.025381, -0.018183, 0.025381],
                [0.088377, 0.03809, -0.088377]
            ]
        }
    },
    "atom_type": [
        "N",
        "N",
        "N",
        "N",
        "N",
        "Zr",
        "Zr",
        "Zr",
        "Zr",
        "Zr",
        "Zr",
        "Zr",
        "Zr"
    ],
    "coordinate_mode": "Direct",
    "global_properties": {
        "energy": {
            "value": -127.68085
        }
    },
    "lattice_vectors": [
        [2.3083003860026365, 0.0, 2.3083003860026365],
        [2.2999417771523385, 6.880363269731108, 0.0083586088502979],
        [-4.605153460769415, 2.303514948217903, 6.913453846772053]
    ]
}