{
    "atom_coords": [
        [0.9293534419927809, 0.8587069839855275, 0.2123020120319339],
        [0.3563608580072213, 0.7127216160144698, 0.9305550879680666],
        [0.7809798965440322, 0.5619597930880573, 0.6424792362531235],
        [0.50473440345597, 0.00946880691194, 0.500377863746877],
        [0.9905058071648369, 0.9810116143294962, 0.9918317639436509],
        [0.7231075845928103, 0.4462151691858551, 0.8625190388111292],
        [0.4162199488386307, 0.8324399976770422, 0.7079262189069127],
        [0.1428571000000005, 0.2857143000000022, 0.5714285999999973],
        [0.8694943511613715, 0.738988602322955, 0.4349308810930879],
        [0.5626067154071848, 0.1252133308141481, 0.2803381611888796],
        [0.2952084928351653, 0.590416985670501, 0.1510253360563496]
    ],
    "atom_properties": {
        "force": {
            "value": [
                [0.056751, 0.056751, -0.039259],
                [-0.056751, -0.056751, 0.039259],
                [0.064871, 0.064871, 0.063455],
                [-0.064871, -0.064871, -0.063455],
                [-0.045409, -0.045409, 0.040191],
                [-0.011996, -0.011996, 0.067674],
                [-0.049048, -0.049048, 0.012292],
                [-0.0, 0.0, 0.0],
                [0.049048, 0.049048, -0.012292],
                [0.011996, 0.011996, -0.067674],
                [0.045409, 0.045409, -0.040191]
            ]
        }
    },
    "atom_type": [
        "N",
        "N",
        "N",
        "N",
        "Zr",
        "Zr",
        "Zr",
        "Zr",
        "Zr",
        "Zr",
        "Zr"
    ],
    "coordinate_mode": "Direct",
    "global_properties": {
        "energy": {
            "value": -107.55584
        }
    },
    "lattice_vectors": [
        [2.3343385508464887, -2.3343385507031975, 6.09486e-11],
        [2.3503535665011315, 4.684692106934194, -2.2080005268341156],
        [2.402536717705304, 2.4025367173202823, 9.001731283757495]
    ]
}