{
    "atom_coords": [
        [0.5, 0.5006249851713491, 0.4993750148286509],
        [0.0, 0.75, 0.75],
        [0.5, 0.9993750148286509, 0.0006249851713491],
        [0.0, 0.25, 0.75],
        [0.0, 0.25, 0.25],
        [0.0, 0.0057621375120931, 0.9942378624879069],
        [0.0, 0.003391502352585, 0.503391502352585],
        [0.5, 0.25, 0.25],
        [0.5, 0.25, 0.75],
        [0.0, 0.4942378624879069, 0.5057621375120931],
        [0.0, 0.496608497647415, 0.996608497647415],
        [0.5, 0.75, 0.75],
        [0.5, 0.75, 0.25]
    ],
    "atom_properties": {
        "force": {
            "value": [
                [0.0, -0.0, 0.089535],
                [0.0, -0.0, -0.0],
                [0.0, -0.0, -0.089535],
                [0.0, -0.0, -0.0],
                [0.0, -0.0, -0.0],
                [0.0, -0.0, -0.004851],
                [0.0, -0.062729, -0.0],
                [0.0, -0.0, -0.0],
                [0.0, -0.0, -0.0],
                [0.0, -0.0, 0.004851],
                [0.0, 0.062729, -0.0],
                [0.0, -0.0, -0.0],
                [0.0, -0.0, -0.0]
            ]
        }
    },
    "atom_type": [
        "N",
        "N",
        "N",
        "N",
        "N",
        "Zr",
        "Zr",
        "Zr",
        "Zr",
        "Zr",
        "Zr",
        "Zr",
        "Zr"
    ],
    "coordinate_mode": "Direct",
    "global_properties": {
        "energy": {
            "value": -127.51559
        }
    },
    "lattice_vectors": [
        [-4.617279525065209, 0.0, 0.0],
        [0.0, 4.591340314524638, 4.567737798177969],
        [0.0, 4.591340314524638, -4.567737798177969]
    ]
}