{
    "atom_coords": [
        [0.4375774439691043, 0.8136252499310004, 0.8751548879382085],
        [0.5623101186944766, 0.1848440270228551, 0.1246202373889531],
        [0.6875, 0.5625, 0.375],
        [0.8126898813055234, 0.9401559729771449, 0.6253797626110469],
        [0.9374225560308957, 0.3113747500689996, 0.8748451120617915],
        [0.9994805216558476, 0.0104156687026986, 0.9989610433117022],
        [0.126219225500833, 0.3781941279417609, 0.2524384510016588],
        [0.248780774499167, 0.7468058720582391, 0.4975615489983412],
        [0.3755194783441524, 0.1145843312973014, 0.7510389566882978],
        [0.4970219342117872, 0.4905894535070061, 0.9940438684235673],
        [0.6257954593009813, 0.8768930071604615, 0.2515909186019627],
        [0.7492045406990187, 0.2481069928395385, 0.4984090813980373],
        [0.8779780657882128, 0.634410546493001, 0.7559561315764327]
    ],
    "atom_properties": {
        "force": {
            "value": [
                [0.069946, -0.032927, 0.069946],
                [0.010327, 0.007226, 0.010327],
                [-0.0, -0.0, -0.0],
                [-0.010327, -0.007226, -0.010327],
                [-0.069946, 0.032927, -0.069946],
                [0.022113, -0.027468, 0.022113],
                [0.004965, 0.09236, 0.004965],
                [-0.004965, -0.09236, -0.004965],
                [-0.022113, 0.027468, -0.022113],
                [-0.050682, 0.025483, -0.050682],
                [0.043799, 0.028636, 0.043799],
                [-0.043799, -0.028636, -0.043799],
                [0.050682, -0.025483, 0.050682]
            ]
        }
    },
    "atom_type": [
        "N",
        "N",
        "N",
        "N",
        "N",
        "Zr",
        "Zr",
        "Zr",
        "Zr",
        "Zr",
        "Zr",
        "Zr",
        "Zr"
    ],
    "coordinate_mode": "Direct",
    "global_properties": {
        "energy": {
            "value": -127.83902
        }
    },
    "lattice_vectors": [
        [2.30964925627674, 0.0, -2.30964925627674],
        [2.301452233570487, 4.561929361606859, 2.301452233570487],
        [4.619130399718173, -6.863166525817622, 6.928779655994913]
    ]
}