{
    "atom_coords": [
        [0.0, 0.5, 0.2498037638719808],
        [0.0, 0.5, 0.5011804973798419],
        [0.0, 0.5, 0.7495917458319212],
        [0.5, 0.0, 0.875437936414464],
        [0.0, 0.0, 0.9953593100820157],
        [0.5, 0.5, 0.1333543285148195],
        [0.0, 0.0, 0.2489922600186105],
        [0.5, 0.5, 0.3741946735782662],
        [0.0, 0.0, 0.4971751449951185],
        [0.5, 0.5, 0.6218425182052485],
        [0.0, 0.0, 0.7590327469880833],
        [0.5, 0.5, 0.8690350741196298]
    ],
    "atom_properties": {
        "force": {
            "value": [
                [-0.066776, 0.0, 0.066776],
                [0.004601, 0.0, -0.004601],
                [0.149566, 0.0, -0.149566],
                [-0.105909, 0.0, 0.105909],
                [-0.042265, 0.0, 0.042265],
                [-0.027916, 0.0, 0.027916],
                [-0.035884, 0.0, 0.035884],
                [-0.009584, 0.0, 0.009584],
                [0.065311, 0.0, -0.065311],
                [0.000737, 0.0, -0.000737],
                [0.035328, 0.0, -0.035328],
                [0.032791, 0.0, -0.032791]
            ]
        }
    },
    "atom_type": [
        "N",
        "N",
        "N",
        "N",
        "Zr",
        "Zr",
        "Zr",
        "Zr",
        "Zr",
        "Zr",
        "Zr",
        "Zr"
    ],
    "coordinate_mode": "Direct",
    "global_properties": {
        "energy": {
            "value": -115.88156
        }
    },
    "lattice_vectors": [
        [2.3184512030146984, 0.0, 2.3184512030146984],
        [0.0, 4.533866108490057, 0.0],
        [-9.22182485731159, 0.0, 9.22182485731159]
    ]
}