{
    "atom_coords": [
        [0.7482469663159037, 0.6265705530435497, 0.9375208181473695],
        [0.2506692708409233, 0.8757576646513314, 0.3120311768227069],
        [0.7512140212483587, 0.6231332031653594, 0.4372367846816374],
        [0.0020150639571455, 0.9904154325880086, 0.0037927989121158],
        [0.5043462549472579, 0.7475480548834454, 0.1321747204962804],
        [0.9914822700105006, 0.5207340713351627, 0.247562531779117],
        [0.4982830473539082, 0.2454937941761202, 0.3748617002465693],
        [0.0093846409700049, 0.9912483704234418, 0.5004322219865003],
        [0.5095951123378981, 0.7478221158519034, 0.621049333767985],
        [0.9835039926264173, 0.4956377710941808, 0.7466425338128104],
        [0.5012593593916748, 0.2606389687874966, 0.8741953793468937]
    ],
    "atom_properties": {
        "force": {
            "value": [
                [-0.077567, 0.033626, 0.131341],
                [0.022195, 0.046942, -0.053888],
                [0.017912, -0.032491, -0.043658],
                [-0.006363, 0.047288, 0.037854],
                [-0.029358, -0.018018, 0.033987],
                [0.032012, -0.02202, -0.034136],
                [-0.022378, 0.005246, -0.053152],
                [0.105043, 0.093612, -0.065617],
                [-0.025507, 0.034375, -0.028075],
                [0.035128, -0.16449, 0.035089],
                [-0.051118, -0.024069, 0.040256]
            ]
        }
    },
    "atom_type": [
        "N",
        "N",
        "N",
        "Zr",
        "Zr",
        "Zr",
        "Zr",
        "Zr",
        "Zr",
        "Zr",
        "Zr"
    ],
    "coordinate_mode": "Direct",
    "global_properties": {
        "energy": {
            "value": -103.81592
        }
    },
    "lattice_vectors": [
        [2.2845411430327123, 2.2986314086586477, -4.603070618269867],
        [-2.2799860907053913, 4.576202121970663, 2.2932039378348237],
        [4.623386095128164, 0.0078377439293791, 4.634180650407951]
    ]
}