{
    "atom_coords": [
        [0.5, 0.2502153627413577, 0.5],
        [0.0, 0.5001021089276065, 0.7481649630583362],
        [0.0, 0.5001021089276065, 0.2518350369416638],
        [0.5, 0.7502608509899247, 0.5],
        [0.5, 0.7501495638413189, 0.0],
        [0.0, 0.9923962554122028, 0.0],
        [0.0, 3.31927856223e-05, 0.5],
        [0.5, 0.2595094405053615, 0.7472032048738484],
        [0.5, 0.2595094405053615, 0.2527967951261516],
        [0.0, 0.5002726859746858, 0.5],
        [0.0, 0.5108936748089619, 0.0],
        [0.5, 0.7382776572899914, 0.2498033481759876],
        [0.5, 0.7382776572899914, 0.7501966518240124]
    ],
    "atom_properties": {
        "force": {
            "value": [
                [0.014509, -0.014509, 0.0],
                [0.021151, -0.021151, 0.028244],
                [0.021151, -0.021151, -0.028244],
                [-0.001813, 0.001813, 0.0],
                [-0.049359, 0.049359, 0.0],
                [0.018561, -0.018561, 0.0],
                [-0.009848, 0.009848, 0.0],
                [-0.011502, 0.011502, -0.020643],
                [-0.011502, 0.011502, 0.020643],
                [0.031312, -0.031312, 0.0],
                [-0.035244, 0.035244, 0.0],
                [0.006292, -0.006292, 0.042299],
                [0.006292, -0.006292, -0.042299]
            ]
        }
    },
    "atom_type": [
        "N",
        "N",
        "N",
        "N",
        "N",
        "Zr",
        "Zr",
        "Zr",
        "Zr",
        "Zr",
        "Zr",
        "Zr",
        "Zr"
    ],
    "coordinate_mode": "Direct",
    "global_properties": {
        "energy": {
            "value": -127.75088
        }
    },
    "lattice_vectors": [
        [2.3088927144610643, 2.3088927144610643, 0.0],
        [-4.596982368729831, 4.596982368729831, 0.0],
        [0.0, 0.0, 9.192688411301996]
    ]
}