{
    "atom_coords": [
        [0.1875, 0.0625, 0.375],
        [0.4376735954367135, 0.8120923688053594, 0.8753471908734269],
        [0.5624422981446386, 0.1854056878642893, 0.1248845962892702],
        [0.8125577018553614, 0.9395943121357107, 0.6251154037107298],
        [0.9373264045632865, 0.3129076311946406, 0.8746528091265731],
        [0.9989905172765816, 0.0103964392126272, 0.9979810345531632],
        [0.1229439854771996, 0.3628654291692897, 0.2458879709544064],
        [0.2520560145228004, 0.7621345708307103, 0.5041120290455936],
        [0.3760094827234184, 0.1146035607873728, 0.7520189654468368],
        [0.4977598074285225, 0.4921137835832567, 0.9955196148570522],
        [0.6271893535670188, 0.889150286329496, 0.2543787071340375],
        [0.7478106464329812, 0.235849713670504, 0.4956212928659625],
        [0.8772401925714775, 0.6328862164167433, 0.7544803851429478]
    ],
    "atom_properties": {
        "force": {
            "value": [
                [-0.0, 0.0, 0.0],
                [0.078377, -0.082662, 0.078377],
                [-0.075864, 0.050774, -0.075864],
                [0.075864, -0.050774, 0.075864],
                [-0.078377, 0.082662, -0.078377],
                [-0.00351, -0.04947, -0.00351],
                [-0.090276, 0.163215, -0.090276],
                [0.090276, -0.163215, 0.090276],
                [0.00351, 0.04947, 0.00351],
                [-0.027475, 0.069273, -0.027475],
                [-0.004772, -0.081906, -0.004772],
                [0.004772, 0.081906, 0.004772],
                [0.027475, -0.069273, 0.027475]
            ]
        }
    },
    "atom_type": [
        "N",
        "N",
        "N",
        "N",
        "N",
        "Zr",
        "Zr",
        "Zr",
        "Zr",
        "Zr",
        "Zr",
        "Zr",
        "Zr"
    ],
    "coordinate_mode": "Direct",
    "global_properties": {
        "energy": {
            "value": -127.88206
        }
    },
    "lattice_vectors": [
        [2.3147902492302848, 0.0, -2.3147902492302848],
        [2.2990342474124748, 4.559429552406537, 2.2990342474124748],
        [4.629571356877279, -6.878541246275607, 6.944361606107567]
    ]
}