{
    "atom_coords": [
        [0.5, 0.5, 0.6666667000000004],
        [0.0, 0.0, 0.0006208276360766],
        [0.5, 0.5, 0.1666667000000004],
        [0.0, 0.0, 0.332712472363923],
        [0.5, 0.5, 0.498655304630617],
        [0.0, 0.0, 0.6666667000000004],
        [0.5, 0.5, 0.8346779953693826]
    ],
    "atom_properties": {
        "force": {
            "value": [
                [-0.0, -0.0, 0.0],
                [-0.0, -0.0, -0.068673],
                [0.0, 0.0, 0.0],
                [-0.0, -0.0, 0.068673],
                [0.0, 0.0, 0.037187],
                [-0.0, -0.0, 0.0],
                [-0.0, -0.0, -0.037187]
            ]
        }
    },
    "atom_type": [
        "N",
        "Zr",
        "Zr",
        "Zr",
        "Zr",
        "Zr",
        "Zr"
    ],
    "coordinate_mode": "Direct",
    "global_properties": {
        "energy": {
            "value": -62.820655
        }
    },
    "lattice_vectors": [
        [2.2941127890122996, 2.2941127890122996, 0.0],
        [2.2941127890122996, -2.2941127890122996, 0.0],
        [0.0, 0.0, -13.531736458685671]
    ]
}