{
    "atom_coords": [
        [0.5, 0.1647533870086448, 0.1651138633606237],
        [0.0, 0.3333332999999996, 0.8333332999999996],
        [0.5, 0.5019133129913556, 0.5015528366393767],
        [0.0, 0.0137959620174328, 0.0088859986088821],
        [0.5, 0.1812543285870163, 0.6720504198784027],
        [0.0, 0.3333332999999996, 0.3333332999999996],
        [0.5, 0.485412371412977, 0.9946162801215976],
        [0.0, 0.6528707379825676, 0.6577807013911183],
        [0.5, 0.8333332999999996, 0.3333332999999996]
    ],
    "atom_properties": {
        "force": {
            "value": [
                [0.066749, -0.056991, 0.066749],
                [-0.0, 0.0, -0.0],
                [-0.066749, 0.056991, -0.066749],
                [0.05494, -0.170153, 0.05494],
                [0.005787, -0.157502, 0.005787],
                [-0.0, 0.0, 0.0],
                [-0.005787, 0.157502, -0.005787],
                [-0.05494, 0.170153, -0.05494],
                [-0.0, 0.0, 0.0]
            ]
        }
    },
    "atom_type": [
        "N",
        "N",
        "N",
        "Zr",
        "Zr",
        "Zr",
        "Zr",
        "Zr",
        "Zr"
    ],
    "coordinate_mode": "Direct",
    "global_properties": {
        "energy": {
            "value": -86.899559
        }
    },
    "lattice_vectors": [
        [2.3327424161741526, 0.0, -2.3327424161741526],
        [2.2853134981924916, 4.522137001941394, 2.2853134981924916],
        [4.62777198619687, -4.57894009527593, 4.62777198619687]
    ]
}