{
    "atom_coords": [
        [0.0, 0.7475417180916324, 0.75],
        [0.5, 0.0, 0.4975417180916324],
        [0.5, 0.0, 0.0024582819083676],
        [0.0, 0.2524582819083676, 0.75],
        [0.0, 0.0, 0.9855609388470228],
        [0.0, 0.0, 0.5144390611529772],
        [0.5, 0.2416375410144198, 0.25],
        [0.5, 0.2355609388470228, 0.75],
        [0.0, 0.5, 0.5083624589855802],
        [0.0, 0.5, 0.9916375410144198],
        [0.5, 0.7644390611529772, 0.75],
        [0.5, 0.7583624589855802, 0.25]
    ],
    "atom_properties": {
        "force": {
            "value": [
                [0.0, -0.00539, -0.00539],
                [-0.0, -0.00539, 0.00539],
                [0.0, 0.00539, -0.00539],
                [0.0, 0.00539, 0.00539],
                [0.0, -0.016695, 0.016695],
                [0.0, 0.016695, -0.016695],
                [-0.0, -0.028124, -0.028124],
                [0.0, -0.016695, -0.016695],
                [0.0, 0.028124, -0.028124],
                [0.0, -0.028124, 0.028124],
                [0.0, 0.016695, 0.016695],
                [0.0, 0.028124, 0.028124]
            ]
        }
    },
    "atom_type": [
        "N",
        "N",
        "N",
        "N",
        "Zr",
        "Zr",
        "Zr",
        "Zr",
        "Zr",
        "Zr",
        "Zr",
        "Zr"
    ],
    "coordinate_mode": "Direct",
    "global_properties": {
        "energy": {
            "value": -115.90474
        }
    },
    "lattice_vectors": [
        [-4.5846465734535276, 0.0, 0.0],
        [0.0, 4.628309654644465, 4.628309654644465],
        [0.0, 4.628309654644465, -4.628309654644465]
    ]
}