{
    "atom_coords": [
        [0.0, 0.5, 0.2490604753927173],
        [0.5, 0.0, 0.3768719568727263],
        [0.5, 0.0, 0.6246715470355326],
        [0.0, 0.5, 0.7497156030541348],
        [0.5, 0.0, 0.8747704766250592],
        [0.0, 0.0, 0.9947380331036584],
        [0.5, 0.5, 0.1296769731111596],
        [0.0, 0.0, 0.255859258751137],
        [0.5, 0.5, 0.3654592545169564],
        [0.0, 0.0, 0.4996367456178774],
        [0.5, 0.5, 0.6319780471290386],
        [0.0, 0.0, 0.7516231691676936],
        [0.5, 0.5, 0.870938459622316]
    ],
    "atom_properties": {
        "force": {
            "value": [
                [0.045223, 0.0, -0.045223],
                [-0.058498, 0.0, 0.058498],
                [-0.014705, 0.0, 0.014705],
                [0.000675, 0.0, -0.000675],
                [0.015726, 0.0, -0.015726],
                [0.034842, 0.0, -0.034842],
                [0.00184, 0.0, -0.00184],
                [-0.037596, 0.0, 0.037596],
                [0.009653, 0.0, -0.009653],
                [-0.014504, 0.0, 0.014504],
                [-0.021371, 0.0, 0.021371],
                [0.005119, 0.0, -0.005119],
                [0.033596, 0.0, -0.033596]
            ]
        }
    },
    "atom_type": [
        "N",
        "N",
        "N",
        "N",
        "N",
        "Zr",
        "Zr",
        "Zr",
        "Zr",
        "Zr",
        "Zr",
        "Zr",
        "Zr"
    ],
    "coordinate_mode": "Direct",
    "global_properties": {
        "energy": {
            "value": -127.82084
        }
    },
    "lattice_vectors": [
        [2.3173035848952757, 0.0, 2.3173035848952757],
        [0.0, 4.557690665752552, 0.0],
        [-9.268009365583152, 0.0, 9.268009365583152]
    ]
}