{
    "atom_coords": [
        [0.0, 0.0, 0.1244562695359122],
        [0.5, 0.5, 0.2501978897866977],
        [0.5, 0.5, 0.5007623741907281],
        [0.0, 0.0, 0.6249799880845615],
        [0.5, 0.5, 0.7497318465113736],
        [0.0, 0.0, 0.9974838992990485],
        [0.5, 0.5, 0.1279178408025317],
        [0.0, 0.0, 0.2478425031994931],
        [0.5, 0.5, 0.3748519395024061],
        [0.0, 0.0, 0.5001491355923662],
        [0.5, 0.5, 0.6247011431293714],
        [0.0, 0.0, 0.7497427037780469],
        [0.5, 0.5, 0.8771824665874632]
    ],
    "atom_properties": {
        "force": {
            "value": [
                [0.0, 0.0, 0.071054],
                [0.0, 0.0, -0.002438],
                [0.0, 0.0, 0.009032],
                [0.0, 0.0, -0.015496],
                [-0.0, -0.0, 0.008622],
                [0.0, 0.0, 0.009044],
                [-0.0, -0.0, -0.134163],
                [0.0, 0.0, 0.146027],
                [0.0, 0.0, -0.041193],
                [0.0, 0.0, -0.035405],
                [0.0, -0.0, -0.001656],
                [0.0, 0.0, -0.002605],
                [-0.0, -0.0, -0.010822]
            ]
        }
    },
    "atom_type": [
        "N",
        "N",
        "N",
        "N",
        "N",
        "Zr",
        "Zr",
        "Zr",
        "Zr",
        "Zr",
        "Zr",
        "Zr",
        "Zr"
    ],
    "coordinate_mode": "Direct",
    "global_properties": {
        "energy": {
            "value": -127.54152
        }
    },
    "lattice_vectors": [
        [2.299786040890937, 2.299786040890937, 0.0],
        [2.299786040890937, -2.299786040890937, 0.0],
        [0.0, 0.0, -18.325111832678573]
    ]
}