{
    "atom_coords": [
        [0.0008312096750345, 0.5008312096750345, 0.0016624193500689],
        [0.2505041427047487, 0.7505041427047558, 0.5010082854095046],
        [0.3760208191677563, 0.3760208191677634, 0.7520416383355197],
        [0.500548213288603, 0.0005482132886101, 0.0010964265772131],
        [0.0021222211406666, 0.0021222211406737, 0.0042444422813261],
        [0.1275329968902952, 0.6275329968903023, 0.2550659937805904],
        [0.2526056340920633, 0.2526056340920704, 0.5052112681841194],
        [0.3723698457299065, 0.8723698457298994, 0.744739691459813],
        [0.4954832412624768, 0.4954832412624626, 0.9909664825249394],
        [0.6231863009383929, 0.1231863009383858, 0.2463726018767929],
        [0.7457674168001773, 0.7457674168001631, 0.4915348336003476],
        [0.878027958309886, 0.3780279583098931, 0.7560559166197578]
    ],
    "atom_properties": {
        "force": {
            "value": [
                [-0.0, -0.0, 0.106792],
                [0.0, 0.0, -0.001028],
                [0.0, 0.0, -0.058971],
                [-0.0, -0.0, 0.023851],
                [0.0, 0.0, -0.04899],
                [0.0, 0.0, -0.01181],
                [-0.0, -0.0, 0.015891],
                [-0.0, -0.0, 0.007578],
                [-0.0, -0.0, 0.025172],
                [0.0, 0.0, -0.044565],
                [0.0, 0.0, -0.0753],
                [-0.0, -0.0, 0.06138]
            ]
        }
    },
    "atom_type": [
        "N",
        "N",
        "N",
        "N",
        "Zr",
        "Zr",
        "Zr",
        "Zr",
        "Zr",
        "Zr",
        "Zr",
        "Zr"
    ],
    "coordinate_mode": "Direct",
    "global_properties": {
        "energy": {
            "value": -115.77504
        }
    },
    "lattice_vectors": [
        [4.573018625433216, 0.0, -1.36514e-11],
        [0.0, 4.586518974380966, -1.38589e-11],
        [-2.286509317734544, -2.293259492223371, 9.213183876682514]
    ]
}