{
    "atom_coords": [
        [0.0, 0.0, 0.2487226231035464],
        [0.5, 0.5, 0.5012773768964536],
        [0.0, 0.0, 0.9944796300514014],
        [0.5, 0.5, 0.2549873785963257],
        [0.0, 0.0, 0.4950126214036743],
        [0.5, 0.5, 0.7555203699485986]
    ],
    "atom_properties": {
        "force": {
            "value": [
                [0.0, 0.0, 0.185302],
                [-0.0, -0.0, -0.185302],
                [-0.0, -0.0, 0.18104],
                [0.0, 0.0, -0.020175],
                [-0.0, -0.0, 0.020175],
                [-0.0, -0.0, -0.18104]
            ]
        }
    },
    "atom_type": [
        "N",
        "N",
        "Zr",
        "Zr",
        "Zr",
        "Zr"
    ],
    "coordinate_mode": "Direct",
    "global_properties": {
        "energy": {
            "value": -57.859127
        }
    },
    "lattice_vectors": [
        [2.2999547039349504, 2.2999547039349504, 0.0],
        [2.2999547039349504, -2.2999547039349504, 0.0],
        [0.0, 0.0, -9.071580526888862]
    ]
}