{
    "atom_coords": [
        [0.25, 0.25, 0.749266148032099],
        [0.75, 0.25, 0.5],
        [0.75, 0.75, 0.250733851967901],
        [0.005253237618696, 0.994746762381304, 0.0],
        [0.494746762381304, 0.505253237618696, 0.0],
        [0.4904215552585924, 0.0177639404242456, 0.7461338647487281],
        [0.0095784447414076, 0.4822360595757544, 0.7461338647487281],
        [0.9913313163340192, 0.0086686836659808, 0.5],
        [0.5086686836659808, 0.4913313163340192, 0.5],
        [0.5177639404242456, 0.9904215552585924, 0.2538661352512719],
        [0.9822360595757544, 0.5095784447414076, 0.2538661352512719]
    ],
    "atom_properties": {
        "force": {
            "value": [
                [0.010583, -0.010583, -0.0],
                [0.0, -0.0, -0.0],
                [-0.010583, 0.010583, -0.0],
                [-0.0, 0.0, 0.01406],
                [-0.0, 0.0, -0.01406],
                [0.014361, -0.028619, -0.007175],
                [0.028619, -0.014361, 0.007175],
                [0.0, -0.0, 0.096373],
                [-0.0, 0.0, -0.096373],
                [-0.028619, 0.014361, 0.007175],
                [-0.014361, 0.028619, -0.007175]
            ]
        }
    },
    "atom_type": [
        "N",
        "N",
        "N",
        "Zr",
        "Zr",
        "Zr",
        "Zr",
        "Zr",
        "Zr",
        "Zr",
        "Zr"
    ],
    "coordinate_mode": "Direct",
    "global_properties": {
        "energy": {
            "value": -104.02844
        }
    },
    "lattice_vectors": [
        [-2.283396193356768, -2.283396193356768, -4.7140588353084],
        [-2.283396193356768, -2.283396193356768, 4.7140588353084],
        [-4.562936399343818, 4.562936399343818, 0.0]
    ]
}