{
    "atom_coords": [
        [0.5, 0.8743794703639054, 0.1242128838034375],
        [0.5, 0.1256205296360946, 0.8757871161965625],
        [0.0, 0.0, 0.0],
        [0.5, 0.0, 0.5],
        [0.5, 0.2449679934150808, 0.2540561381170363],
        [0.0, 0.2451646238435501, 0.7543756830244917],
        [0.0, 0.5, 0.5],
        [0.5, 0.5, 0.0],
        [0.5, 0.7550320065849192, 0.7459438618829637],
        [0.0, 0.7548353761564499, 0.2456243169755083]
    ],
    "atom_properties": {
        "force": {
            "value": [
                [-0.012579, 0.019441, 0.012579],
                [0.012579, -0.019441, -0.012579],
                [0.0, 0.0, 0.0],
                [0.0, 0.0, 0.0],
                [-0.040196, -0.013701, 0.040196],
                [-0.051509, 0.04048, 0.051509],
                [0.0, 0.0, 0.0],
                [0.0, 0.0, 0.0],
                [0.040196, 0.013701, -0.040196],
                [0.051509, -0.04048, -0.051509]
            ]
        }
    },
    "atom_type": [
        "N",
        "N",
        "Zr",
        "Zr",
        "Zr",
        "Zr",
        "Zr",
        "Zr",
        "Zr",
        "Zr"
    ],
    "coordinate_mode": "Direct",
    "global_properties": {
        "energy": {
            "value": -91.720123
        }
    },
    "lattice_vectors": [
        [2.293356855265029, 0.0, 2.293356855265029],
        [2.2894676091739368, 4.558450576419539, -2.2894676091739368],
        [-6.872651530317663, 4.562802077470733, 6.872651530317663]
    ]
}