{
    "atom_coords": [
        [0.9274670145936241, 0.8549341291872281, 0.2134138740108469],
        [0.6433799808165546, 0.2867600616331174, 0.0698102023091067],
        [0.358019984690749, 0.7160398693815253, 0.9289004376657815],
        [0.0705515153092477, 0.141102930618473, 0.7853852623342235],
        [0.7851914191834481, 0.5703828383668821, 0.6444754976908911],
        [0.5011043854063786, 0.0022087708127714, 0.5008718259891509],
        [0.0007335102525872, 0.0014670205051885, 0.0043167762689365],
        [0.7142856999999978, 0.4285714000000027, 0.8571428999999995],
        [0.4278378897474155, 0.8556758794948109, 0.7099689237310614],
        [0.1425435783974507, 0.2850872567949025, 0.5725963452510072],
        [0.8650123890507189, 0.7300246781015503, 0.4314951642069218],
        [0.5635591109492779, 0.1271181218984481, 0.2827905357930831],
        [0.286027821602552, 0.5720556432050969, 0.1416893547489906]
    ],
    "atom_properties": {
        "force": {
            "value": [
                [-0.095133, -0.095133, 0.022981],
                [-0.023328, -0.023328, -0.022885],
                [0.002938, 0.002938, 0.003677],
                [-0.002938, -0.002938, -0.003677],
                [0.023328, 0.023328, 0.022885],
                [0.095133, 0.095133, -0.022981],
                [-0.009476, -0.009476, 0.033772],
                [-0.0, 0.0, 0.0],
                [0.009476, 0.009476, -0.033772],
                [0.041089, 0.041089, -0.044074],
                [0.105044, 0.105044, -0.002125],
                [-0.105044, -0.105044, 0.002125],
                [-0.041089, -0.041089, 0.044074]
            ]
        }
    },
    "atom_type": [
        "N",
        "N",
        "N",
        "N",
        "N",
        "N",
        "Zr",
        "Zr",
        "Zr",
        "Zr",
        "Zr",
        "Zr",
        "Zr"
    ],
    "coordinate_mode": "Direct",
    "global_properties": {
        "energy": {
            "value": -131.16892
        }
    },
    "lattice_vectors": [
        [2.3035835536589904, -2.3035835536207103, 9.0616e-12],
        [2.306390875901175, 4.609974419436654, -2.280969975345248],
        [2.326648854089327, 2.3266488540149646, 9.187500604201682]
    ]
}