{
    "atom_coords": [
        [0.75, 0.25, 0.5006674512497042],
        [0.25, 0.25, 0.2493325487502958],
        [0.0051747331949912, 0.9945873466559263, 0.0006454014432791],
        [0.4948252668050088, 0.5054126533440737, 0.0006454014432791],
        [0.5051747331949912, 0.9945873466559263, 0.7493545985567209],
        [0.9948252668050088, 0.5054126533440737, 0.7493545985567209],
        [0.9975734045032425, 0.0112307343063236, 0.4961654503635629],
        [0.5024265954967575, 0.4887692656936764, 0.4961654503635629],
        [0.4975734045032425, 0.0112307343063236, 0.2538345496364371],
        [0.0024265954967575, 0.4887692656936764, 0.2538345496364371]
    ],
    "atom_properties": {
        "force": {
            "value": [
                [0.043458, -0.043458, -0.0],
                [-0.043458, 0.043458, -0.0],
                [0.060564, 0.007867, -0.058722],
                [-0.007867, -0.060564, 0.058722],
                [0.007867, 0.060564, -0.058722],
                [-0.060564, -0.007867, 0.058722],
                [-0.000921, -0.030955, 0.032517],
                [0.030955, 0.000921, -0.032517],
                [-0.030955, -0.000921, 0.032517],
                [0.000921, 0.030955, -0.032517]
            ]
        }
    },
    "atom_type": [
        "N",
        "N",
        "Zr",
        "Zr",
        "Zr",
        "Zr",
        "Zr",
        "Zr",
        "Zr",
        "Zr"
    ],
    "coordinate_mode": "Direct",
    "global_properties": {
        "energy": {
            "value": -91.731695
        }
    },
    "lattice_vectors": [
        [-2.296487794476039, -2.296487794476039, -4.618950072995733],
        [-2.2806982152403177, -2.2806982152403177, 4.602933054715045],
        [-4.571605980343551, 4.571605980343551, 0.0]
    ]
}