{
    "atom_coords": [
        [0.0, 0.5, 0.5000179048460822],
        [0.0, 0.5, 0.7482767306246956],
        [0.5, 0.0, 0.8781701005250824],
        [0.0, 0.0, 0.9980083718864421],
        [0.5, 0.5, 0.1344396419166927],
        [0.0, 0.0, 0.2431721942772853],
        [0.5, 0.5, 0.3798816185780538],
        [0.0, 0.0, 0.4951635814390372],
        [0.5, 0.5, 0.6216563937352575],
        [0.0, 0.0, 0.7591358440677567],
        [0.5, 0.5, 0.8670776181036004]
    ],
    "atom_properties": {
        "force": {
            "value": [
                [0.016135, 0.0, -0.016135],
                [0.015949, 0.0, -0.015949],
                [-0.027883, 0.0, 0.027883],
                [0.015723, 0.0, -0.015723],
                [-0.006905, 0.0, 0.006905],
                [-0.02803, 0.0, 0.02803],
                [0.00719, 0.0, -0.00719],
                [-0.01006, 0.0, 0.01006],
                [0.014284, 0.0, -0.014284],
                [-0.007574, 0.0, 0.007574],
                [0.011171, 0.0, -0.011171]
            ]
        }
    },
    "atom_type": [
        "N",
        "N",
        "N",
        "Zr",
        "Zr",
        "Zr",
        "Zr",
        "Zr",
        "Zr",
        "Zr",
        "Zr"
    ],
    "coordinate_mode": "Direct",
    "global_properties": {
        "energy": {
            "value": -103.92153
        }
    },
    "lattice_vectors": [
        [2.311054241984771, 0.0, 2.311054241984771],
        [0.0, 4.54154262288993, 0.0],
        [-9.242428089001013, 0.0, 9.242428089001013]
    ]
}