{
    "atom_coords": [
        [0.0, 0.0, 0.6231599585754353],
        [0.5, 0.5, 0.7518400414245647],
        [0.0, 0.0, 0.0005002276280379],
        [0.5, 0.5, 0.125058379311028],
        [0.0, 0.0, 0.249941620688972],
        [0.5, 0.5, 0.3744997723719621],
        [0.0, 0.0, 0.4973986553806711],
        [0.5, 0.5, 0.6270816033160216],
        [0.0, 0.0, 0.7479183966839784],
        [0.5, 0.5, 0.8776013446193289]
    ],
    "atom_properties": {
        "force": {
            "value": [
                [-0.0, 0.0, 0.03272],
                [0.0, -0.0, -0.03272],
                [-0.0, 0.0, -0.087315],
                [-0.0, -0.0, -0.020564],
                [0.0, 0.0, 0.020564],
                [0.0, -0.0, 0.087315],
                [-0.0, -0.0, 0.160358],
                [-0.0, -0.0, -0.162795],
                [0.0, 0.0, 0.162795],
                [0.0, 0.0, -0.160358]
            ]
        }
    },
    "atom_type": [
        "N",
        "N",
        "Zr",
        "Zr",
        "Zr",
        "Zr",
        "Zr",
        "Zr",
        "Zr",
        "Zr"
    ],
    "coordinate_mode": "Direct",
    "global_properties": {
        "energy": {
            "value": -91.798045
        }
    },
    "lattice_vectors": [
        [2.288665963060054, 2.288665963060054, 0.0],
        [2.288665963060054, -2.288665963060054, 0.0],
        [0.0, 0.0, -18.090899932507703]
    ]
}