{
    "atom_coords": [
        [0.6262875903753624, 0.2525751807508598, 0.8741796688045369],
        [0.3737124096246376, 0.7474248192491402, 0.1258203311954631],
        [0.0, 0.0, 0.0],
        [0.7576910138076158, 0.5153820276154519, 0.2362748190253967],
        [0.5, 0.0, 0.5],
        [0.2423089861923842, 0.4846179723845481, 0.7637251809746033]
    ],
    "atom_properties": {
        "force": {
            "value": [
                [0.081138, -0.081138, -0.066971],
                [-0.081138, 0.081138, 0.066971],
                [0.0, -0.0, -0.0],
                [-0.040643, 0.040643, 0.217338],
                [0.0, -0.0, 0.0],
                [0.040643, -0.040643, -0.217338]
            ]
        }
    },
    "atom_type": [
        "N",
        "N",
        "Zr",
        "Zr",
        "Zr",
        "Zr"
    ],
    "coordinate_mode": "Direct",
    "global_properties": {
        "energy": {
            "value": -57.954006
        }
    },
    "lattice_vectors": [
        [2.3454284671696533, 2.3454284672399934, -2.3271e-11],
        [-4.652943229307116, 2.3075147724227554, 2.277521677194233],
        [2.2987969655968272, -2.298796965714482, 4.490316962584541]
    ]
}