{
    "atom_coords": [
        [0.4983206664921482, 0.004200125654549, 0.9991585413611546],
        [0.75, 0.375, 0.125],
        [0.0016793335078518, 0.745799874345451, 0.2508414586388454],
        [0.9877927911650275, 0.0127827062282009, 0.0116317114417299],
        [0.25, 0.375, 0.125],
        [0.5122072088349725, 0.7372172937717991, 0.2383682885582701],
        [0.7587498146229876, 0.1070444080776838, 0.3754559626763481],
        [0.9934643674522405, 0.5057082119753034, 0.5073630531202014],
        [0.25, 0.875, 0.625],
        [0.5065356325477595, 0.2442917880246966, 0.7426369468797986],
        [0.7412501853770124, 0.6429555919223162, 0.8745440373236519]
    ],
    "atom_properties": {
        "force": {
            "value": [
                [0.0, 0.028037, -0.061204],
                [0.0, 0.0, -0.0],
                [-0.0, -0.028037, 0.061204],
                [0.0, 0.120643, -0.081887],
                [0.0, 0.0, -0.0],
                [-0.0, -0.120643, 0.081887],
                [-0.0, -0.07657, -0.000592],
                [-0.0, -0.028912, 0.026218],
                [0.0, 0.0, -0.0],
                [0.0, 0.028912, -0.026218],
                [0.0, 0.07657, 0.000592]
            ]
        }
    },
    "atom_type": [
        "N",
        "N",
        "N",
        "Zr",
        "Zr",
        "Zr",
        "Zr",
        "Zr",
        "Zr",
        "Zr",
        "Zr"
    ],
    "coordinate_mode": "Direct",
    "global_properties": {
        "energy": {
            "value": -103.78772
        }
    },
    "lattice_vectors": [
        [4.578346054953569, 1.06098e-10, 1.91817e-11],
        [2.2891730325691357, 4.669780439202727, -2.248603106901818],
        [2.2891730326079136, 4.705395099806097, 6.815711768747814]
    ]
}