{
    "atom_coords": [
        [0.2533016683709519, 0.1255889759996336, 0.6260728297556568],
        [0.7533016683709519, 0.8760728297556568, 0.8755889759996336],
        [0.7466983316290481, 0.3739271702443432, 0.8744110240003664],
        [0.2466983316290481, 0.1244110240003664, 0.1239271702443432],
        [0.0, 0.011072898796094, 0.988927101203906],
        [0.9843254641144128, 0.4945659721039419, 0.0007355576629635],
        [0.4843254641144128, 0.2507355576629635, 0.2445659721039419],
        [0.5, 0.7597403162170053, 0.2402596837829947],
        [0.0, 0.4902596837829947, 0.5097403162170053],
        [0.0156745358855872, 0.9992644423370365, 0.5054340278960581],
        [0.5156745358855872, 0.7554340278960581, 0.7492644423370365],
        [0.5, 0.238927101203906, 0.761072898796094]
    ],
    "atom_properties": {
        "force": {
            "value": [
                [-0.000556, 0.014961, -0.007663],
                [-0.000556, -0.007663, 0.014961],
                [0.000556, 0.007663, -0.014961],
                [0.000556, -0.014961, 0.007663],
                [0.0, -0.050177, 0.050177],
                [-0.065338, 0.011093, 0.038877],
                [-0.065338, 0.038877, 0.011093],
                [0.0, 0.017038, -0.017038],
                [0.0, -0.017038, 0.017038],
                [0.065338, -0.038877, -0.011093],
                [0.065338, -0.011093, -0.038877],
                [0.0, 0.050177, -0.050177]
            ]
        }
    },
    "atom_type": [
        "N",
        "N",
        "N",
        "N",
        "Zr",
        "Zr",
        "Zr",
        "Zr",
        "Zr",
        "Zr",
        "Zr",
        "Zr"
    ],
    "coordinate_mode": "Direct",
    "global_properties": {
        "energy": {
            "value": -115.81124
        }
    },
    "lattice_vectors": [
        [4.678393765366113, -2.292910563542444, -2.292910563542444],
        [4.687813072294408, 4.586179583193337, 0.018060602771867],
        [4.687813072294408, 0.0180606027718671, 4.586179583193337]
    ]
}