{
    "atom_coords": [
        [0.3125, 0.4375, 0.625],
        [0.6880029555344507, 0.5626179694695708, 0.3760059110688871],
        [0.9369970444655493, 0.3123820305304292, 0.8739940889311129],
        [0.0013879254137237, 0.0034197214149359, 0.0027758508274474],
        [0.1266697354989859, 0.3787139345257984, 0.2533394709979859],
        [0.2473145792650797, 0.7364738812948062, 0.4946291585301665],
        [0.3776854207349203, 0.1385261187051938, 0.7553708414698335],
        [0.4983302645010141, 0.4962860654742016, 0.9966605290020141],
        [0.6236120745862763, 0.8715802785850641, 0.2472241491725526],
        [0.7507686603104631, 0.2645080752412028, 0.5015373206209119],
        [0.8742313396895369, 0.6104919247587972, 0.7484626793790881]
    ],
    "atom_properties": {
        "force": {
            "value": [
                [0.0, -0.0, -0.0],
                [-0.02502, 0.0184, -0.02502],
                [0.02502, -0.0184, 0.02502],
                [0.056089, -0.059919, 0.056089],
                [-0.01016, -0.022176, -0.01016],
                [0.001159, 0.085589, 0.001159],
                [-0.001159, -0.085589, -0.001159],
                [0.01016, 0.022176, 0.01016],
                [-0.056089, 0.059919, -0.056089],
                [-0.004621, -0.041209, -0.004621],
                [0.004621, 0.041209, 0.004621]
            ]
        }
    },
    "atom_type": [
        "N",
        "N",
        "N",
        "Zr",
        "Zr",
        "Zr",
        "Zr",
        "Zr",
        "Zr",
        "Zr",
        "Zr"
    ],
    "coordinate_mode": "Direct",
    "global_properties": {
        "energy": {
            "value": -103.73854
        }
    },
    "lattice_vectors": [
        [2.3110166803720222, 0.0, -2.3110166803720222],
        [2.280360165021388, 4.595285623272787, 2.280360165021388],
        [4.588289414006906, -6.935791983444579, 6.899306094378929]
    ]
}