{
    "atom_coords": [
        [0.0, 0.5, 0.5010584474299975],
        [0.0, 0.0, 0.751426286981328],
        [0.5, 0.0, 0.0016669335314248],
        [0.0, 0.5, 0.001991454389163],
        [0.0, 0.0, 0.9899554703398863],
        [0.5, 0.5, 0.0056933456821113],
        [0.0, 0.5, 0.2555103267224581],
        [0.5, 0.0, 0.2459404004018566],
        [0.0, 0.0, 0.5065906177277739],
        [0.5, 0.5, 0.4893906397515551],
        [0.0, 0.5, 0.743922956021045],
        [0.5, 0.0, 0.7568531210213862]
    ],
    "atom_properties": {
        "force": {
            "value": [
                [0.0, 0.0, -0.014741],
                [0.0, 0.0, -0.015449],
                [0.0, 0.0, 0.009351],
                [0.0, 0.0, 0.042687],
                [0.0, 0.0, 0.027963],
                [0.0, 0.0, -0.022254],
                [0.0, 0.0, 0.006447],
                [0.0, 0.0, 0.009482],
                [0.0, 0.0, -0.056719],
                [0.0, 0.0, -0.075062],
                [0.0, 0.0, 0.018557],
                [0.0, 0.0, 0.069738]
            ]
        }
    },
    "atom_type": [
        "N",
        "N",
        "N",
        "N",
        "Zr",
        "Zr",
        "Zr",
        "Zr",
        "Zr",
        "Zr",
        "Zr",
        "Zr"
    ],
    "coordinate_mode": "Direct",
    "global_properties": {
        "energy": {
            "value": -115.81794
        }
    },
    "lattice_vectors": [
        [4.564273698678433, 0.0, 0.0],
        [0.0, 4.591026189837696, 0.0],
        [0.0, 0.0, 9.236679657401728]
    ]
}