{
    "atom_coords": [
        [0.0620896878175614, 0.5622716604586628, 0.3135489639062143],
        [0.3123887798680585, 0.811031886755849, 0.5641905535080411],
        [0.9376112201319415, 0.438968113244151, 0.6858094464919589],
        [0.1879103121824386, 0.6877283395413372, 0.9364510360937857],
        [0.996465428723802, 0.0023399147819347, 0.0047292277704685],
        [0.625, 0.625, 0.125],
        [0.2535345712761981, 0.2476600852180653, 0.2452707722295315],
        [0.8725469865852276, 0.8727324395192468, 0.3821735873102909],
        [0.4961691097401584, 0.5086505620221047, 0.4990112184975715],
        [0.125, 0.125, 0.625],
        [0.7538308902598416, 0.7413494379778953, 0.7509887815024285],
        [0.3774530134147724, 0.3772675604807532, 0.8678264126897091]
    ],
    "atom_properties": {
        "force": {
            "value": [
                [0.042283, -0.006186, -0.042283],
                [-0.080497, 0.023226, 0.080497],
                [0.080497, -0.023226, -0.080497],
                [-0.042283, 0.006186, 0.042283],
                [-0.008865, 0.043897, 0.008865],
                [0.0, -0.0, 0.0],
                [0.008865, -0.043897, -0.008865],
                [-0.015243, 0.05487, 0.015243],
                [0.003899, -0.00013, -0.003899],
                [0.0, 0.0, 0.0],
                [-0.003899, 0.00013, 0.003899],
                [0.015243, -0.05487, -0.015243]
            ]
        }
    },
    "atom_type": [
        "N",
        "N",
        "N",
        "N",
        "Zr",
        "Zr",
        "Zr",
        "Zr",
        "Zr",
        "Zr",
        "Zr",
        "Zr"
    ],
    "coordinate_mode": "Direct",
    "global_properties": {
        "energy": {
            "value": -115.73535
        }
    },
    "lattice_vectors": [
        [2.308350717756714, 0.0, 2.308350717756714],
        [2.3193587613715736, 6.8354988897224, -0.0110080436148592],
        [-4.615635762326522, 2.2596922985987473, 6.923986480083237]
    ]
}