{
    "atom_coords": [
        [0.0, 0.0, 0.2468535192784032],
        [0.0, 0.5, 0.5031464807215968],
        [0.5, 0.5, 0.7511923304264414],
        [0.0, 0.0, 0.7520696730060621],
        [0.5, 0.0, 0.9988076695735586],
        [0.0, 0.5, 0.9979303269939379],
        [0.0, 0.0, 0.0067111272467102],
        [0.5, 0.5, 0.992370491703511],
        [0.0, 0.5, 0.2577130407627592],
        [0.5, 0.0, 0.245132255818703],
        [0.0, 0.0, 0.4922869592372408],
        [0.5, 0.5, 0.504867744181297],
        [0.0, 0.5, 0.7432888727532898],
        [0.5, 0.0, 0.757629508296489]
    ],
    "atom_properties": {
        "force": {
            "value": [
                [0.0, 0.0, -0.013553],
                [0.0, 0.0, 0.013553],
                [0.0, 0.0, -0.027001],
                [0.0, 0.0, 0.066975],
                [0.0, 0.0, 0.027001],
                [0.0, 0.0, -0.066975],
                [0.0, 0.0, 0.060447],
                [0.0, 0.0, -0.087203],
                [0.0, 0.0, 0.042962],
                [0.0, 0.0, -0.078059],
                [0.0, 0.0, -0.042962],
                [0.0, 0.0, 0.078059],
                [0.0, 0.0, -0.060447],
                [0.0, 0.0, 0.087203]
            ]
        }
    },
    "atom_type": [
        "N",
        "N",
        "N",
        "N",
        "N",
        "N",
        "Zr",
        "Zr",
        "Zr",
        "Zr",
        "Zr",
        "Zr",
        "Zr",
        "Zr"
    ],
    "coordinate_mode": "Direct",
    "global_properties": {
        "energy": {
            "value": -139.63134
        }
    },
    "lattice_vectors": [
        [4.607417936733801, 0.0, 0.0],
        [0.0, 4.58206813162068, 0.0],
        [0.0, 0.0, 9.227399877815182]
    ]
}