{
    "atom_coords": [
        [0.6428000799698665, 0.7858254957193367, 0.068901315877028],
        [0.7831870158770329, 0.0713715799698633, 0.642968295719335],
        [0.357254095719334, 0.2117584158770285, 0.9285143799698687],
        [0.9290398916048304, 0.3576113916048271, 0.2147541916048255],
        [0.9953857375954485, 0.013623438286821, 0.9923786974363438],
        [0.5850520382868183, 0.1352357974363443, 0.2811000375954507],
        [0.130017337701112, 0.2835281519220132, 0.5739930538297742],
        [0.7066643974363416, 0.4239571375954512, 0.8707663382868205],
        [0.2882787538297791, 0.5585888377011088, 0.1406709519220115],
        [0.8549567519220105, 0.7168501538297747, 0.4157316377011142],
        [0.4416496000574313, 0.8702211000574351, 0.7273639000574263]
    ],
    "atom_properties": {
        "force": {
            "value": [
                [0.008822, -0.057164, 0.008892],
                [-0.057164, 0.008892, 0.008822],
                [0.008892, 0.008822, -0.057164],
                [0.023937, 0.023937, 0.023937],
                [-0.021807, 0.023758, 0.015388],
                [0.015388, -0.021807, 0.023758],
                [-0.058447, 0.012637, -0.01017],
                [0.023758, 0.015388, -0.021807],
                [0.012637, -0.01017, -0.058447],
                [-0.01017, -0.058447, 0.012637],
                [0.054153, 0.054153, 0.054153]
            ]
        }
    },
    "atom_type": [
        "N",
        "N",
        "N",
        "N",
        "Zr",
        "Zr",
        "Zr",
        "Zr",
        "Zr",
        "Zr",
        "Zr"
    ],
    "coordinate_mode": "Direct",
    "global_properties": {
        "energy": {
            "value": -107.59684
        }
    },
    "lattice_vectors": [
        [2.317027324266896, -4.6127223576239285, -2.302805802827922],
        [-4.6127223576239285, -2.302805802827922, 2.317027324266896],
        [-2.302805802827922, 2.317027324266896, -4.6127223576239285]
    ]
}