{
    "atom_coords": [
        [0.0, 0.25, 0.25],
        [0.0, 0.0028133625521107, 0.0028133625521107],
        [0.0, 0.0028133625521107, 0.4971866374478893],
        [0.5, 0.25, 0.25],
        [0.5, 0.25, 0.75],
        [0.0, 0.4971866374478893, 0.4971866374478893],
        [0.0, 0.4971866374478893, 0.0028133625521107],
        [0.5, 0.75, 0.75],
        [0.5, 0.75, 0.25]
    ],
    "atom_properties": {
        "force": {
            "value": [
                [-0.0, 0.0, 0.0],
                [0.0, 0.070414, -0.0],
                [-0.0, 0.0, 0.070414],
                [-0.0, 0.0, -0.0],
                [0.0, -0.0, -0.0],
                [-0.0, -0.070414, -0.0],
                [-0.0, 0.0, -0.070414],
                [-0.0, 0.0, 0.0],
                [0.0, -0.0, -0.0]
            ]
        }
    },
    "atom_type": [
        "N",
        "Zr",
        "Zr",
        "Zr",
        "Zr",
        "Zr",
        "Zr",
        "Zr",
        "Zr"
    ],
    "coordinate_mode": "Direct",
    "global_properties": {
        "energy": {
            "value": -79.87484
        }
    },
    "lattice_vectors": [
        [-4.576626873041782, 0.0, 0.0],
        [0.0, 4.553990511284391, 4.553990511284391],
        [0.0, 4.553990511284391, -4.553990511284391]
    ]
}