{
    "atom_coords": [
        [0.7503676884501047, 0.7516027718049756, 0.5007353769002165],
        [0.5833940178399502, 0.9148010107778504, 0.1667881356799086],
        [0.4166059821600498, 0.0851989892221496, 0.8332118643200914],
        [0.2496323115498953, 0.2483972281950244, 0.4992646230997835],
        [0.0, 0.0, 0.0],
        [0.8326066449830805, 0.1558152718575627, 0.6652133899661479],
        [0.6705514359085996, 0.3299554559839137, 0.3411027718172051],
        [0.5, 0.5, 0.0],
        [0.3294485640914004, 0.6700445440160863, 0.658897228182795],
        [0.1673933550169195, 0.8441847281424373, 0.3347866100338521]
    ],
    "atom_properties": {
        "force": {
            "value": [
                [0.061413, -0.037283, -0.061413],
                [-0.010391, -0.021342, 0.010391],
                [0.010391, 0.021342, -0.010391],
                [-0.061413, 0.037283, 0.061413],
                [0.0, -0.0, 0.0],
                [-0.033745, 0.002298, 0.033745],
                [-0.029086, 0.034653, 0.029086],
                [-0.0, -0.0, -0.0],
                [0.029086, -0.034653, -0.029086],
                [0.033745, -0.002298, -0.033745]
            ]
        }
    },
    "atom_type": [
        "N",
        "N",
        "N",
        "N",
        "Zr",
        "Zr",
        "Zr",
        "Zr",
        "Zr",
        "Zr"
    ],
    "coordinate_mode": "Direct",
    "global_properties": {
        "energy": {
            "value": -98.918906
        }
    },
    "lattice_vectors": [
        [2.3112076791994465, 0.0, 2.3112076791994465],
        [2.3001791676896146, 4.560697590006495, -2.3001791676896146],
        [-6.929139270078813, 2.303397802473236, 4.6179315908793654]
    ]
}