{
    "atom_coords": [
        [0.75, 0.625, 0.4375],
        [0.0073852969132631, 0.0075026712387043, 0.0023780064798018],
        [0.4992356134252987, 0.7473550486742866, 0.1254737235881365],
        [0.9928286360300831, 0.5005996073652952, 0.2490312162814874],
        [0.4978890509037583, 0.2579560471852389, 0.374887727575981],
        [0.0021109490962417, 0.9920439528147611, 0.500112272424019],
        [0.5071713639699169, 0.7494003926347048, 0.6259687837185126],
        [0.0007643865747013, 0.5026449513257134, 0.7495262764118635],
        [0.4926147030867369, 0.2424973287612957, 0.8726219935201982]
    ],
    "atom_properties": {
        "force": {
            "value": [
                [-0.0, 0.0, -0.0],
                [-0.006553, 0.045224, 0.002348],
                [0.027935, -0.01353, 0.017965],
                [-0.053869, -0.025915, 0.066209],
                [0.00583, 0.075127, 0.041448],
                [-0.00583, -0.075127, -0.041448],
                [0.053869, 0.025915, -0.066209],
                [-0.027935, 0.01353, -0.017965],
                [0.006553, -0.045224, -0.002348]
            ]
        }
    },
    "atom_type": [
        "N",
        "Zr",
        "Zr",
        "Zr",
        "Zr",
        "Zr",
        "Zr",
        "Zr",
        "Zr"
    ],
    "coordinate_mode": "Direct",
    "global_properties": {
        "energy": {
            "value": -79.796132
        }
    },
    "lattice_vectors": [
        [2.27397943215642, 2.2893056286432323, -4.558555325081932],
        [-2.272416717183004, 4.581092368614473, 2.2813309588023043],
        [4.553980477559271, 0.0041148977069136, 4.563640798712053]
    ]
}