{
    "atom_coords": [
        [0.748949572259626, 0.8748620955732278, 0.3740873358768724],
        [0.251050427740374, 0.1251379044267722, 0.6259126641231276],
        [0.7457057238483031, 0.8765738148011977, 0.8765738148011977],
        [0.748949572259626, 0.3740873358768724, 0.8748620955732278],
        [0.2542942761516969, 0.1234261851988023, 0.1234261851988023],
        [0.251050427740374, 0.6259126641231276, 0.1251379044267722],
        [0.0, 0.0, 0.0],
        [0.0, 0.5, 0.0],
        [0.4881391082212332, 0.2491756970120704, 0.2491756970120704],
        [0.5, 0.7613986913179218, 0.2386013086820782],
        [0.0, 0.5, 0.5],
        [0.0, 0.0, 0.5],
        [0.5118608917787668, 0.7508243029879296, 0.7508243029879296],
        [0.5, 0.2386013086820782, 0.7613986913179218]
    ],
    "atom_properties": {
        "force": {
            "value": [
                [-0.014178, 0.000444, -0.000519],
                [0.014178, -0.000444, 0.000519],
                [-0.001886, 0.016916, 0.016916],
                [-0.014178, -0.000519, 0.000444],
                [0.001886, -0.016916, -0.016916],
                [0.014178, 0.000519, -0.000444],
                [-0.0, 0.0, 0.0],
                [-0.0, 0.0, 0.0],
                [-0.026785, 0.015635, 0.015635],
                [0.0, 0.107681, -0.107681],
                [-0.0, 0.0, 0.0],
                [0.0, 0.0, 0.0],
                [0.026785, -0.015635, -0.015635],
                [0.0, -0.107681, 0.107681]
            ]
        }
    },
    "atom_type": [
        "N",
        "N",
        "N",
        "N",
        "N",
        "N",
        "Zr",
        "Zr",
        "Zr",
        "Zr",
        "Zr",
        "Zr",
        "Zr",
        "Zr"
    ],
    "coordinate_mode": "Direct",
    "global_properties": {
        "energy": {
            "value": -139.56606
        }
    },
    "lattice_vectors": [
        [4.595248411252612, -2.3124362073803413, -2.3124362073803413],
        [4.586246505259761, 4.606123207155879, 0.0005773296461428],
        [4.586246505259761, 0.0005773296461428, 4.606123207155879]
    ]
}