{
    "atom_coords": [
        [0.5, 0.2518304733587726, 0.4996678189037382],
        [0.0, 0.5, 0.2520233174266764],
        [0.5, 0.7481695266412274, 0.4996678189037382],
        [0.0, 0.0, 0.9960722492403207],
        [0.0, 0.0, 0.5024745056273758],
        [0.5, 0.2495883886489381, 0.7540158897299136],
        [0.5, 0.2584101546122568, 0.2506479252608358],
        [0.0, 0.5, 0.4951989524470264],
        [0.0, 0.5, 0.9955677074696467],
        [0.5, 0.7415898453877432, 0.2506479252608358],
        [0.5, 0.7504116113510619, 0.7540158897299136]
    ],
    "atom_properties": {
        "force": {
            "value": [
                [0.000452, -0.000452, 0.024861],
                [0.0, -0.0, -0.067653],
                [-0.000452, 0.000452, 0.024861],
                [0.0, 0.0, -0.068404],
                [0.0, -0.0, 0.067638],
                [0.006443, -0.006443, 0.076952],
                [0.001457, -0.001457, -0.057093],
                [0.0, 0.0, 0.121966],
                [0.0, 0.0, -0.142986],
                [-0.001457, 0.001457, -0.057093],
                [-0.006443, 0.006443, 0.076952]
            ]
        }
    },
    "atom_type": [
        "N",
        "N",
        "N",
        "Zr",
        "Zr",
        "Zr",
        "Zr",
        "Zr",
        "Zr",
        "Zr",
        "Zr"
    ],
    "coordinate_mode": "Direct",
    "global_properties": {
        "energy": {
            "value": -103.75036
        }
    },
    "lattice_vectors": [
        [2.304852435298714, 2.304852435298714, 0.0],
        [-4.593432997945355, 4.593432997945355, 0.0],
        [0.0, 0.0, 9.064590752127279]
    ]
}