{
    "atom_coords": [
        [0.0, 0.6236429133935175, 0.7472858267870208],
        [0.0, 0.875, 0.25],
        [0.0, 0.1263570866064825, 0.7527141732129792],
        [0.0, 0.9917941714915486, 0.9959033629931682],
        [0.5, 0.1282029666409557, 0.7564059332819113],
        [0.0, 0.2458908084983804, 0.5040966370068318],
        [0.5, 0.375, 0.25],
        [0.0, 0.5041091915016196, 0.9959033629931682],
        [0.5, 0.6217970333590443, 0.7435940667180887],
        [0.0, 0.7582058285084514, 0.5040966370068318],
        [0.5, 0.875, 0.25]
    ],
    "atom_properties": {
        "force": {
            "value": [
                [-0.0, -0.03691, -0.03691],
                [-0.0, -0.0, -0.0],
                [0.0, 0.03691, 0.03691],
                [-0.0, -0.029675, 0.033911],
                [-0.0, 0.072107, 0.072107],
                [-0.0, -0.033911, 0.029675],
                [-0.0, -0.0, -0.0],
                [-0.0, 0.033911, -0.029675],
                [-0.0, -0.072107, -0.072107],
                [0.0, 0.029675, -0.033911],
                [-0.0, -0.0, -0.0]
            ]
        }
    },
    "atom_type": [
        "N",
        "N",
        "N",
        "Zr",
        "Zr",
        "Zr",
        "Zr",
        "Zr",
        "Zr",
        "Zr",
        "Zr"
    ],
    "coordinate_mode": "Direct",
    "global_properties": {
        "energy": {
            "value": -103.88554
        }
    },
    "lattice_vectors": [
        [4.555200963121247, 0.0, 0.0],
        [0.0, 4.585113815824137, -4.585113815824137],
        [0.0, 2.295495180683158, 6.880608996507295]
    ]
}