{
    "atom_coords": [
        [0.7506710792791225, 0.2506710792791225, 0.5013421585582378],
        [0.8748494945767789, 0.8748494945767789, 0.7496989891535577],
        [0.9993289207208775, 0.4993289207208775, 0.9986578414417622],
        [0.125, 0.125, 0.25],
        [0.2506710792791225, 0.7506710792791225, 0.5013421585582378],
        [0.3751505054232211, 0.3751505054232211, 0.7503010108464423],
        [0.4993289207208775, 0.9993289207208775, 0.9986578414417622],
        [0.0028858991757303, 0.0028858991757303, 0.0057717983514536],
        [0.125, 0.625, 0.25],
        [0.2471141008242697, 0.2471141008242697, 0.4942282016485464],
        [0.375, 0.875, 0.75],
        [0.4981375440100066, 0.4981375440100066, 0.9962750880200204],
        [0.625, 0.125, 0.25],
        [0.7518624559899934, 0.7518624559899934, 0.5037249119799796],
        [0.875, 0.375, 0.75]
    ],
    "atom_properties": {
        "force": {
            "value": [
                [-0.0, -0.0, 0.048864],
                [-0.0, -0.0, 0.070181],
                [0.0, 0.0, -0.048864],
                [0.0, 0.0, 0.0],
                [-0.0, -0.0, 0.048864],
                [0.0, 0.0, -0.070181],
                [0.0, 0.0, -0.048864],
                [-0.0, -0.0, 0.069565],
                [0.0, 0.0, 0.0],
                [0.0, 0.0, -0.069565],
                [-0.0, 0.0, 0.0],
                [0.0, 0.0, -0.04291],
                [0.0, 0.0, 0.0],
                [-0.0, -0.0, 0.04291],
                [0.0, -0.0, 0.0]
            ]
        }
    },
    "atom_type": [
        "N",
        "N",
        "N",
        "N",
        "N",
        "N",
        "N",
        "Zr",
        "Zr",
        "Zr",
        "Zr",
        "Zr",
        "Zr",
        "Zr",
        "Zr"
    ],
    "coordinate_mode": "Direct",
    "global_properties": {
        "energy": {
            "value": -151.28817
        }
    },
    "lattice_vectors": [
        [4.597922498361019, 0.0, -7.2853e-12],
        [0.0, 4.597922498361019, -7.2853e-12],
        [-2.298961254212974, -2.298961254212974, 9.189920016511206]
    ]
}