{
    "atom_coords": [
        [0.1246869478958246, 0.249373895791642, 0.6871510147688511],
        [0.3763657401510088, 0.7527314803020388, 0.5631339977839431],
        [0.6236342598489912, 0.2472685196979612, 0.4368660022160569],
        [0.8753130521041754, 0.750626104208358, 0.3128489852311489],
        [0.0, 0.0, 0.0],
        [0.2512016342427046, 0.502403268485395, 0.8798706660353162],
        [0.5054241227837579, 0.0108482455675798, 0.747443743081277],
        [0.7448787607922682, 0.4897575215844654, 0.6228006670768167],
        [0.0, 0.0, 0.5],
        [0.2551212392077318, 0.5102424784155346, 0.3771993329231833],
        [0.4945758772162421, 0.9891517544324202, 0.252556256918723],
        [0.7487983657572954, 0.497596731514605, 0.1201293339646838]
    ],
    "atom_properties": {
        "force": {
            "value": [
                [-0.044136, 0.044136, 0.078919],
                [0.018863, -0.018863, 0.030067],
                [-0.018863, 0.018863, -0.030067],
                [0.044136, -0.044136, -0.078919],
                [0.0, 0.0, 0.0],
                [-0.035382, 0.035382, 0.039712],
                [-0.040588, 0.040588, -0.019358],
                [-0.034582, 0.034582, 0.005818],
                [0.0, -0.0, 0.0],
                [0.034582, -0.034582, -0.005818],
                [0.040588, -0.040588, 0.019358],
                [0.035382, -0.035382, -0.039712]
            ]
        }
    },
    "atom_type": [
        "N",
        "N",
        "N",
        "N",
        "Zr",
        "Zr",
        "Zr",
        "Zr",
        "Zr",
        "Zr",
        "Zr",
        "Zr"
    ],
    "coordinate_mode": "Direct",
    "global_properties": {
        "energy": {
            "value": -115.6159
        }
    },
    "lattice_vectors": [
        [2.303573383720313, 2.3035733837411123, -6.0417e-12],
        [-4.602478364610345, 2.2989049909607586, 2.2848524466994915],
        [4.603299258135991, -4.60329925820164, 9.14664811374189]
    ]
}