{
    "atom_coords": [
        [0.5715603129143645, 0.0715603129143716, 0.143120525828742],
        [0.7140119452994256, 0.2140119452994256, 0.4280238905988512],
        [0.8574166547005717, 0.3574166547005717, 0.7148332094011494],
        [0.9998682870856328, 0.4998682870856257, 0.9997365741712585],
        [0.0046570757497832, 0.0046570757497548, 0.0093141514995594],
        [0.1438862822021747, 0.1438862822021676, 0.2877726644043506],
        [0.2857143000000022, 0.2857143000000022, 0.5714285999999973],
        [0.4275422177978285, 0.4275422177978356, 0.8550845355956511],
        [0.566771524250214, 0.5667715242502425, 0.1335429485004411],
        [0.7159735667390805, 0.7159735667390734, 0.4319471334781824],
        [0.8554550332609168, 0.8554550332609239, 0.7109099665218181]
    ],
    "atom_properties": {
        "force": {
            "value": [
                [0.130289, -0.0, 0.130289],
                [-0.014374, 0.0, -0.014374],
                [0.014374, -0.0, 0.014374],
                [-0.130289, 0.0, -0.130289],
                [0.003374, -0.0, 0.003374],
                [0.024731, -0.0, 0.024731],
                [-0.0, -0.0, -0.0],
                [-0.024731, 0.0, -0.024731],
                [-0.003374, 0.0, -0.003374],
                [0.053265, -0.0, 0.053265],
                [-0.053265, 0.0, -0.053265]
            ]
        }
    },
    "atom_type": [
        "N",
        "N",
        "N",
        "N",
        "Zr",
        "Zr",
        "Zr",
        "Zr",
        "Zr",
        "Zr",
        "Zr"
    ],
    "coordinate_mode": "Direct",
    "global_properties": {
        "energy": {
            "value": -107.37959
        }
    },
    "lattice_vectors": [
        [2.311541658097409, 0.0, -2.311541658097409],
        [-1.25407e-11, 4.527812533373573, -1.25407e-11],
        [6.933063925839141, -2.2639062716721883, 9.244605583936547]
    ]
}