{
    "atom_coords": [
        [0.500930980853127, 0.4974687468776793, 0.5006692914160595],
        [0.7496559847990554, 0.8743784966790002, 0.6263095337229174],
        [0.9986211516832242, 0.2505305085673868, 0.7522271880661506],
        [0.25, 0.625, 0.875],
        [0.5013788483167758, 0.9994694914326132, 0.9977728119338494],
        [0.7503440152009446, 0.3756215033209998, 0.1236904662770826],
        [0.999069019146873, 0.7525312531223207, 0.2493307085839405],
        [0.9948178602312368, 0.0031045930490308, 0.0072596864884744],
        [0.2503996532206045, 0.3817888472287123, 0.1174118463300076],
        [0.5094032634193653, 0.7314936206877007, 0.2496998524737108],
        [0.75, 0.125, 0.375],
        [0.9905967365806347, 0.5185063793122993, 0.5003001475262892],
        [0.2496003467793955, 0.8682111527712877, 0.6325881536699924],
        [0.5051821397687632, 0.2468954069509692, 0.7427403135115256],
        [0.75, 0.625, 0.875]
    ],
    "atom_properties": {
        "force": {
            "value": [
                [0.0, 0.013884, 0.008651],
                [0.0, 0.007174, -0.036383],
                [0.0, 0.037306, 0.012768],
                [-0.0, 0.0, -0.0],
                [-0.0, -0.037306, -0.012768],
                [-0.0, -0.007174, 0.036383],
                [-0.0, -0.013884, -0.008651],
                [0.0, 0.013496, 0.014284],
                [-0.0, -0.026682, -0.00304],
                [-0.0, -0.015282, -0.009947],
                [-0.0, 0.0, -0.0],
                [0.0, 0.015282, 0.009947],
                [0.0, 0.026682, 0.00304],
                [-0.0, -0.013496, -0.014284],
                [-0.0, 0.0, -0.0]
            ]
        }
    },
    "atom_type": [
        "N",
        "N",
        "N",
        "N",
        "N",
        "N",
        "N",
        "Zr",
        "Zr",
        "Zr",
        "Zr",
        "Zr",
        "Zr",
        "Zr",
        "Zr"
    ],
    "coordinate_mode": "Direct",
    "global_properties": {
        "energy": {
            "value": -151.46731
        }
    },
    "lattice_vectors": [
        [4.595899330603198, 2.10945e-11, 2.7701e-12],
        [2.2979496703370526, 4.60014053280948, -2.300697077467896],
        [2.297949670342552, 4.604998210004078, 6.91178521892618]
    ]
}