{
    "atom_coords": [
        [0.0, 0.626338448564816, 0.8726779537958436],
        [0.0, 0.8698259667745489, 0.6255223456293209],
        [0.5, 0.8782926205821084, 0.1244998134999449],
        [0.5, 0.1238569011536441, 0.8762085506409321],
        [0.0, 0.1221833671455812, 0.3752983971503525],
        [0.0, 0.9913818052030763, 0.9985606131090492],
        [0.5, 0.0029526884150357, 0.5005879994634199],
        [0.5, 0.2410391739685949, 0.2598145422837419],
        [0.0, 0.2424441143853002, 0.7572032986969717],
        [0.0, 0.5004200757328974, 0.4983779522316283],
        [0.5, 0.5064651823411666, 0.9930096076371768],
        [0.5, 0.7595767518342598, 0.7502405993905086],
        [0.0, 0.7602229038989847, 0.2429983264711097]
    ],
    "atom_properties": {
        "force": {
            "value": [
                [0.039479, -0.001453, -0.039479],
                [-0.005341, -0.020736, 0.005341],
                [0.039443, 0.071389, -0.039443],
                [-0.023875, -0.004054, 0.023875],
                [-0.054312, -0.086232, 0.054312],
                [0.017556, 0.055479, -0.017556],
                [0.006718, 0.031396, -0.006718],
                [-0.054858, 0.042131, 0.054858],
                [-0.018264, -0.029888, 0.018264],
                [-0.026642, -0.002801, 0.026642],
                [0.066345, 0.033077, -0.066345],
                [-0.021799, -0.023261, 0.021799],
                [0.03555, -0.065046, -0.03555]
            ]
        }
    },
    "atom_type": [
        "N",
        "N",
        "N",
        "N",
        "N",
        "Zr",
        "Zr",
        "Zr",
        "Zr",
        "Zr",
        "Zr",
        "Zr",
        "Zr"
    ],
    "coordinate_mode": "Direct",
    "global_properties": {
        "energy": {
            "value": -127.98198
        }
    },
    "lattice_vectors": [
        [2.3291946984121723, 0.0, 2.3291946984121723],
        [2.3157738924491515, 4.528657665316117, -2.3157738924491515],
        [-6.972428620042376, 4.553570056280567, 6.972428620042376]
    ]
}