{
    "atom_coords": [
        [0.3122474722375941, 0.3122474722375941, 0.0632575832872178],
        [0.1871030521381769, 0.1871030521381769, 0.4386908435854764],
        [0.9378969478618231, 0.9378969478618231, 0.1863091564145236],
        [0.8127525277624059, 0.8127525277624059, 0.5617424167127822],
        [9.1629505476e-06, 9.1629505476e-06, 0.9999725111483428],
        [0.8746472206962821, 0.8746472206962821, 0.3760583379111608],
        [0.7497127580714604, 0.7497127580714604, 0.7508617257856329],
        [0.6249887470980582, 0.6249887470980582, 0.1250337587058397],
        [0.5000112529019418, 0.5000112529019418, 0.4999662412941603],
        [0.3752872419285396, 0.3752872419285396, 0.8741382742143671],
        [0.2503527793037179, 0.2503527793037179, 0.2489416620888392],
        [0.1249908370494524, 0.1249908370494524, 0.6250274888516572]
    ],
    "atom_properties": {
        "force": {
            "value": [
                [0.020585, 0.020585, -0.020585],
                [-0.039445, -0.039445, 0.039445],
                [0.039445, 0.039445, -0.039445],
                [-0.020585, -0.020585, 0.020585],
                [0.013958, 0.013958, -0.013958],
                [-0.006662, -0.006662, 0.006662],
                [-0.020962, -0.020962, 0.020962],
                [0.008572, 0.008572, -0.008572],
                [-0.008572, -0.008572, 0.008572],
                [0.020962, 0.020962, -0.020962],
                [0.006662, 0.006662, -0.006662],
                [-0.013958, -0.013958, 0.013958]
            ]
        }
    },
    "atom_type": [
        "N",
        "N",
        "N",
        "N",
        "Zr",
        "Zr",
        "Zr",
        "Zr",
        "Zr",
        "Zr",
        "Zr",
        "Zr"
    ],
    "coordinate_mode": "Direct",
    "global_properties": {
        "energy": {
            "value": -115.37579
        }
    },
    "lattice_vectors": [
        [2.284990321243796, 0.0, 2.284990321243796],
        [0.0, 2.284990321243796, 2.284990321243796],
        [-11.52504301825986, -11.52504301825986, 13.810033339503654]
    ]
}