{
    "atom_coords": [
        [0.5625, 0.5625, 0.3125],
        [0.3123661280936645, 0.3123661280936645, 0.0629016157189994],
        [0.1873997470221767, 0.1873997470221767, 0.4378007589334771],
        [0.9376002529778233, 0.9376002529778233, 0.1871992410665229],
        [0.8126338719063355, 0.8126338719063355, 0.5620983842809935],
        [0.9995081627566194, 0.9995081627566194, 0.0014755117301277],
        [0.8754464243984756, 0.8754464243984756, 0.3736607268045731],
        [0.7494968428670461, 0.7494968428670461, 0.7515094713988688],
        [0.6257114478241732, 0.6257114478241732, 0.1228656565274875],
        [0.4992885521758268, 0.4992885521758268, 0.5021343434725125],
        [0.3755031571329539, 0.3755031571329539, 0.8734905286011312],
        [0.2495535756015244, 0.2495535756015244, 0.2513392731954269],
        [0.1254918372433806, 0.1254918372433806, 0.6235244882698723]
    ],
    "atom_properties": {
        "force": {
            "value": [
                [-0.0, -0.0, 0.0],
                [0.010063, 0.010063, -0.010063],
                [-0.008995, -0.008995, 0.008995],
                [0.008995, 0.008995, -0.008995],
                [-0.010063, -0.010063, 0.010063],
                [-0.018726, -0.018726, 0.018726],
                [-0.015788, -0.015788, 0.015788],
                [-0.060508, -0.060508, 0.060508],
                [0.001383, 0.001383, -0.001383],
                [-0.001383, -0.001383, 0.001383],
                [0.060508, 0.060508, -0.060508],
                [0.015788, 0.015788, -0.015788],
                [0.018726, 0.018726, -0.018726]
            ]
        }
    },
    "atom_type": [
        "N",
        "N",
        "N",
        "N",
        "N",
        "Zr",
        "Zr",
        "Zr",
        "Zr",
        "Zr",
        "Zr",
        "Zr",
        "Zr"
    ],
    "coordinate_mode": "Direct",
    "global_properties": {
        "energy": {
            "value": -127.37194
        }
    },
    "lattice_vectors": [
        [2.2993950404041414, 0.0, 2.2993950404041414],
        [0.0, 2.2993950404041414, 2.2993950404041414],
        [-11.45742130165069, -11.45742130165069, 13.756816342054831]
    ]
}