{
    "atom_coords": [
        [0.5, 0.0, 0.0],
        [0.0, 0.0, 0.0],
        [0.2622008856746518, 0.7622008856746518, 0.5244017713493889],
        [0.5, 0.5, 0.0],
        [0.7377991143253482, 0.2377991143253482, 0.4755982286506111]
    ],
    "atom_properties": {
        "force": {
            "value": [
                [0.0, 0.0, 0.0],
                [0.0, -0.0, 0.0],
                [-0.0, -0.0, 0.027452],
                [-0.0, -0.0, 0.0],
                [0.0, 0.0, -0.027452]
            ]
        }
    },
    "atom_type": [
        "N",
        "Zr",
        "Zr",
        "Zr",
        "Zr"
    ],
    "coordinate_mode": "Direct",
    "global_properties": {
        "energy": {
            "value": -46.123832
        }
    },
    "lattice_vectors": [
        [4.537372329708001, 0.0, -1.324841e-10],
        [0.0, 4.537372329708002, -1.324841e-10],
        [-2.2686861699380274, -2.268686169938028, 4.704661988997641]
    ]
}