{
    "atom_coords": [
        [0.5, 0.5, 0.0001140064003522],
        [0.0, 0.0, 0.1248859935996478],
        [0.0, 0.0, 0.3754339334746604],
        [0.5, 0.5, 0.5001596791478278],
        [0.0, 0.0, 0.6248403208521722],
        [0.5, 0.5, 0.7495660665253396],
        [0.0, 0.0, 0.0028439929603437],
        [0.5, 0.5, 0.1221560070396563],
        [0.0, 0.0, 0.250942548741854],
        [0.5, 0.5, 0.3754413956427101],
        [0.0, 0.0, 0.4973141370157563],
        [0.5, 0.5, 0.6276858629842437],
        [0.0, 0.0, 0.7495586043572899],
        [0.5, 0.5, 0.874057451258146]
    ],
    "atom_properties": {
        "force": {
            "value": [
                [-0.0, 0.0, 0.063662],
                [0.0, 0.0, -0.063662],
                [-0.0, -0.0, 0.005972],
                [0.0, 0.0, -0.015277],
                [-0.0, 0.0, 0.015277],
                [0.0, 0.0, -0.005972],
                [-0.0, -0.0, -0.055378],
                [0.0, 0.0, 0.055378],
                [0.0, 0.0, -0.017557],
                [-0.0, -0.0, 0.015379],
                [0.0, -0.0, 0.047824],
                [0.0, 0.0, -0.047824],
                [0.0, 0.0, -0.015379],
                [-0.0, -0.0, 0.017557]
            ]
        }
    },
    "atom_type": [
        "N",
        "N",
        "N",
        "N",
        "N",
        "N",
        "Zr",
        "Zr",
        "Zr",
        "Zr",
        "Zr",
        "Zr",
        "Zr",
        "Zr"
    ],
    "coordinate_mode": "Direct",
    "global_properties": {
        "energy": {
            "value": -139.72007
        }
    },
    "lattice_vectors": [
        [2.301392714892197, 2.301392714892197, 0.0],
        [2.301392714892197, -2.301392714892197, 0.0],
        [0.0, 0.0, -18.334960299974004]
    ]
}