{
    "atom_coords": [
        [0.75, 0.25, 0.0],
        [0.75, 0.75, 0.748898985483315],
        [0.25, 0.25, 0.748898985483315],
        [0.25, 0.75, 0.5],
        [0.75, 0.25, 0.5],
        [0.75, 0.75, 0.251101014516685],
        [0.25, 0.25, 0.251101014516685],
        [0.9913156324913501, 0.0086843675086499, 0.0],
        [0.5086843675086499, 0.4913156324913501, 0.0],
        [0.505402361234438, 0.005402361234438, 0.7453132491278467],
        [0.994597638765562, 0.494597638765562, 0.7453132491278467],
        [0.0021437534833666, 0.9978562465166334, 0.5],
        [0.4978562465166334, 0.5021437534833666, 0.5],
        [0.505402361234438, 0.005402361234438, 0.2546867508721533],
        [0.994597638765562, 0.494597638765562, 0.2546867508721533]
    ],
    "atom_properties": {
        "force": {
            "value": [
                [0.0, 0.0, 0.0],
                [-0.004811, 0.004811, 0.0],
                [-0.004811, 0.004811, 0.0],
                [0.0, 0.0, 0.0],
                [0.0, 0.0, 0.0],
                [0.004811, -0.004811, 0.0],
                [0.004811, -0.004811, 0.0],
                [-0.0, 0.0, 0.092198],
                [0.0, 0.0, -0.092198],
                [-0.008612, -0.002883, 0.0],
                [0.002883, 0.008612, 0.0],
                [0.0, 0.0, -0.06601],
                [-0.0, 0.0, 0.06601],
                [-0.002883, -0.008612, 0.0],
                [0.008612, 0.002883, 0.0]
            ]
        }
    },
    "atom_type": [
        "N",
        "N",
        "N",
        "N",
        "N",
        "N",
        "N",
        "Zr",
        "Zr",
        "Zr",
        "Zr",
        "Zr",
        "Zr",
        "Zr",
        "Zr"
    ],
    "coordinate_mode": "Direct",
    "global_properties": {
        "energy": {
            "value": -151.52226
        }
    },
    "lattice_vectors": [
        [-2.296410825819055, -2.296410825819055, -4.60723425950567],
        [-2.296410825819055, -2.296410825819055, 4.60723425950567],
        [-4.608370124859105, 4.608370124859105, 0.0]
    ]
}