{
    "atom_coords": [
        [0.0, 0.000364401369481, 0.7487370073213313],
        [0.5, 0.25, 0.5],
        [0.0, 0.499635598630519, 0.2512629926786687],
        [0.5, 0.75, 0.5],
        [0.5, 0.75, 0.0],
        [0.0, 0.9895808384067095, 0.9967651756072584],
        [0.0, 0.9994964334117142, 0.5071668741426976],
        [0.5, 0.2413406027230636, 0.7470831559745932],
        [0.5, 0.2586593972769364, 0.2529168440254068],
        [0.0, 0.5005035665882858, 0.4928331258573024],
        [0.0, 0.5104191615932905, 0.0032348243927416],
        [0.5, 0.7381965383621889, 0.2494826946233744],
        [0.5, 0.7618034616378111, 0.7505173053766256]
    ],
    "atom_properties": {
        "force": {
            "value": [
                [-0.065963, 0.065963, 0.05566],
                [-0.0, 0.0, -0.0],
                [0.065963, -0.065963, -0.05566],
                [-0.0, 0.0, -0.0],
                [-0.0, 0.0, -0.0],
                [0.055972, -0.055972, 0.035589],
                [0.008852, -0.008852, -0.03764],
                [-0.059604, 0.059604, -0.037604],
                [0.059604, -0.059604, 0.037604],
                [-0.008852, 0.008852, 0.03764],
                [-0.055972, 0.055972, -0.035589],
                [-0.000608, 0.000608, 0.104755],
                [0.000608, -0.000608, -0.104755]
            ]
        }
    },
    "atom_type": [
        "N",
        "N",
        "N",
        "N",
        "N",
        "Zr",
        "Zr",
        "Zr",
        "Zr",
        "Zr",
        "Zr",
        "Zr",
        "Zr"
    ],
    "coordinate_mode": "Direct",
    "global_properties": {
        "energy": {
            "value": -127.90255
        }
    },
    "lattice_vectors": [
        [2.315201021138999, 2.315201021138999, 0.0],
        [-4.5919958857922225, 4.5919958857922225, -0.0247682618328661],
        [0.024780462790316, -0.024780462790316, 9.18825407900497]
    ]
}