{
    "atom_coords": [
        [0.5, 0.5, 0.5001999940820383],
        [0.0, 0.0, 0.625],
        [0.5, 0.5, 0.7498000059179617],
        [0.0, 0.0, 0.0003950155567694],
        [0.5, 0.5, 0.125],
        [0.0, 0.0, 0.2496049844432306],
        [0.5, 0.5, 0.3736475448384127],
        [0.0, 0.0, 0.5001184317587786],
        [0.5, 0.5, 0.625],
        [0.0, 0.0, 0.7498815682412214],
        [0.5, 0.5, 0.8763524551615873]
    ],
    "atom_properties": {
        "force": {
            "value": [
                [-0.0, -0.0, 0.059583],
                [-0.0, -0.0, -0.0],
                [0.0, 0.0, -0.059583],
                [-0.0, -0.0, -0.131673],
                [-0.0, -0.0, -0.0],
                [-0.0, -0.0, 0.131673],
                [0.0, 0.0, 0.179595],
                [0.0, 0.0, -0.007072],
                [-0.0, -0.0, -0.0],
                [-0.0, -0.0, 0.007072],
                [-0.0, -0.0, -0.179595]
            ]
        }
    },
    "atom_type": [
        "N",
        "N",
        "N",
        "Zr",
        "Zr",
        "Zr",
        "Zr",
        "Zr",
        "Zr",
        "Zr",
        "Zr"
    ],
    "coordinate_mode": "Direct",
    "global_properties": {
        "energy": {
            "value": -103.5549
        }
    },
    "lattice_vectors": [
        [2.2913284313833033, 2.2913284313833033, 0.0],
        [2.2913284313833033, -2.2913284313833033, 0.0],
        [0.0, 0.0, -18.2600587102022]
    ]
}