{
    "atom_coords": [
        [0.0, 0.3756374120955854, 0.75151789374614],
        [0.5, 0.499398389976875, 0.4987967799537429],
        [0.5, 0.7484697488027265, 0.9969394976054602],
        [0.0, 0.8758804816505616, 0.75151789374614],
        [0.5, 0.9991107901159708, 0.4982215802319416],
        [0.0, 0.990084682931176, 0.002380592948839],
        [0.5, 0.1206111468911786, 0.7412222937823714],
        [0.0, 0.2519173591983588, 0.5046898733039313],
        [0.5, 0.3740908494405843, 0.2481816988811687],
        [0.0, 0.51229591001767, 0.0023805929488461],
        [0.5, 0.6255901289903889, 0.7511802579807707],
        [0.0, 0.7527725141055868, 0.5046898733039313],
        [0.5, 0.8741405857833442, 0.2482811715666955]
    ],
    "atom_properties": {
        "force": {
            "value": [
                [0.017395, -0.017395, 0.122078],
                [-0.0, 0.0, -0.081055],
                [-0.0, 0.0, -0.036127],
                [-0.017395, 0.017395, 0.122078],
                [-0.0, 0.0, -0.145079],
                [0.021266, -0.021266, -0.0076],
                [-0.0, 0.0, -0.041277],
                [-0.018285, 0.018285, 0.053494],
                [-0.0, 0.0, -0.015652],
                [-0.021266, 0.021266, -0.0076],
                [-0.0, 0.0, -0.048651],
                [0.018285, -0.018285, 0.053494],
                [0.0, -0.0, 0.031897]
            ]
        }
    },
    "atom_type": [
        "N",
        "N",
        "N",
        "N",
        "N",
        "Zr",
        "Zr",
        "Zr",
        "Zr",
        "Zr",
        "Zr",
        "Zr",
        "Zr"
    ],
    "coordinate_mode": "Direct",
    "global_properties": {
        "energy": {
            "value": -127.71919
        }
    },
    "lattice_vectors": [
        [2.3081432468054586, 2.3081432468054586, 0.0],
        [-4.603496550785405, 4.603496550785405, -3.9357e-12],
        [2.3017482804206266, -2.3017482804206266, 9.170440947728348]
    ]
}