{
    "atom_coords": [
        [0.7493814008911102, 0.127947826636202, 0.6866765874286784],
        [0.2506185991088898, 0.872052173363798, 0.8133234125713216],
        [0.2532862839818151, 0.3733698767277147, 0.0637617240592974],
        [0.7481468844194552, 0.1215320338114481, 0.1879311684648712],
        [0.2518531155805448, 0.8784679661885519, 0.3120688315351288],
        [0.7467137160181849, 0.6266301232722853, 0.4362382759407026],
        [0.0087072035331914, 0.0166969315505767, 0.0008731490581155],
        [0.4854388002499945, 0.748104209767007, 0.126556457521815],
        [0.0, 0.5, 0.25],
        [0.5145611997500055, 0.251895790232993, 0.373443542478185],
        [0.9912927964668086, 0.9833030684494233, 0.4991268509418845],
        [0.4978566680169436, 0.7666426344968968, 0.6178127148274086],
        [0.0, 0.5, 0.75],
        [0.5021433319830564, 0.2333573655031032, 0.8821872851725914]
    ],
    "atom_properties": {
        "force": {
            "value": [
                [-0.011094, 0.001462, -0.012737],
                [0.011094, -0.001462, 0.012737],
                [-0.016016, 0.004727, -0.010218],
                [0.057063, -0.041203, -0.007971],
                [-0.057063, 0.041203, 0.007971],
                [0.016016, -0.004727, 0.010218],
                [0.006899, 0.029603, -0.032779],
                [-0.051683, 0.016042, -0.013216],
                [0.0, 0.0, -0.0],
                [0.051683, -0.016042, 0.013216],
                [-0.006899, -0.029603, 0.032779],
                [-0.000299, 0.02368, 0.011968],
                [0.0, 0.0, -0.0],
                [0.000299, -0.02368, -0.011968]
            ]
        }
    },
    "atom_type": [
        "N",
        "N",
        "N",
        "N",
        "N",
        "N",
        "Zr",
        "Zr",
        "Zr",
        "Zr",
        "Zr",
        "Zr",
        "Zr",
        "Zr"
    ],
    "coordinate_mode": "Direct",
    "global_properties": {
        "energy": {
            "value": -139.87134
        }
    },
    "lattice_vectors": [
        [2.302262720448934, 2.3038083274933836, -4.57671194945189],
        [-2.317078439160795, 4.623518980695512, 2.2887849890266536],
        [4.620491148377894, -0.0083562602815153, 4.580632626512463]
    ]
}