{
    "atom_coords": [
        [0.7862451893755704, 0.7862451893755704, 0.5724903787511408],
        [0.5, 0.5, 0.0],
        [0.2137548106244296, 0.2137548106244296, 0.4275096212488592],
        [0.0, 0.0, 0.0],
        [0.8587413624718039, 0.8587413624718039, 0.7174826249435924],
        [0.7153595052107846, 0.7153595052107846, 0.4307190104215621],
        [0.5720178982716746, 0.5720178982716746, 0.1440356965433551],
        [0.4279821017283254, 0.4279821017283254, 0.8559643034566449],
        [0.2846404947892154, 0.2846404947892154, 0.5692809895784379],
        [0.1412586375281961, 0.1412586375281961, 0.2825173750564076]
    ],
    "atom_properties": {
        "force": {
            "value": [
                [-0.0, -0.0, 0.067863],
                [-0.0, 0.0, 0.0],
                [0.0, -0.0, -0.067863],
                [-0.0, -0.0, 0.0],
                [0.0, -0.0, 0.12563],
                [0.0, -0.0, 0.155842],
                [-0.0, -0.0, -0.030477],
                [0.0, -0.0, 0.030477],
                [0.0, -0.0, -0.155842],
                [-0.0, -0.0, -0.12563]
            ]
        }
    },
    "atom_type": [
        "N",
        "N",
        "N",
        "Zr",
        "Zr",
        "Zr",
        "Zr",
        "Zr",
        "Zr",
        "Zr"
    ],
    "coordinate_mode": "Direct",
    "global_properties": {
        "energy": {
            "value": -95.182587
        }
    },
    "lattice_vectors": [
        [2.3072761495870453, -2.3072761495870453, 0.0],
        [2.3072761495870453, 2.3072761495870453, 0.0],
        [-2.3072761495870453, 0.0, 15.87948061322578]
    ]
}