{
    "atom_coords": [
        [0.5, 0.5, 0.0],
        [0.5, 0.5, 0.3342170936936597],
        [0.0, 0.0, 0.5],
        [0.5, 0.5, 0.6657829063063403],
        [0.0, 0.0, 0.0],
        [0.5, 0.5, 0.1658967174061416],
        [0.0, 0.0, 0.3330649015977727],
        [0.5, 0.5, 0.5],
        [0.0, 0.0, 0.6669350984022273],
        [0.5, 0.5, 0.8341032825938584]
    ],
    "atom_properties": {
        "force": {
            "value": [
                [0.0, 0.0, 0.0],
                [0.0, 0.0, -0.155564],
                [0.0, 0.0, 0.0],
                [-0.0, 0.0, 0.155564],
                [0.0, 0.0, 0.0],
                [-0.0, -0.0, 0.08932],
                [0.0, 0.0, 0.142082],
                [-0.0, -0.0, 0.0],
                [0.0, 0.0, -0.142082],
                [0.0, -0.0, -0.08932]
            ]
        }
    },
    "atom_type": [
        "N",
        "N",
        "N",
        "N",
        "Zr",
        "Zr",
        "Zr",
        "Zr",
        "Zr",
        "Zr"
    ],
    "coordinate_mode": "Direct",
    "global_properties": {
        "energy": {
            "value": -98.585653
        }
    },
    "lattice_vectors": [
        [2.292630909540404, 2.292630909540404, 0.0],
        [2.292630909540404, -2.292630909540404, 0.0],
        [0.0, 0.0, -13.750777454551077]
    ]
}