{
    "atom_coords": [
        [0.498701183286137, 0.9974023665722598, 0.9999593825497968],
        [0.0727274167138603, 0.1454547334277407, 0.714326317450201],
        [0.0030836207973053, 0.0061672415946532, 0.9885535775636285],
        [0.568344979202692, 0.1366898584053473, 0.7257321224363693],
        [0.1447501521781689, 0.2895004043563603, 0.4416495109714731],
        [0.7082106797955987, 0.4164213595911335, 0.1507912839999932],
        [0.2857143000000022, 0.5714285999999973, 0.8571428999999995],
        [0.8632179202043986, 0.726435740408867, 0.5634944160000046],
        [0.4266783478218343, 0.8533567956436414, 0.2726361890285318]
    ],
    "atom_properties": {
        "force": {
            "value": [
                [0.0, -0.022341, 0.000687],
                [-0.0, 0.022341, -0.000687],
                [0.0, 0.003622, 0.021212],
                [-0.0, -0.003622, -0.021212],
                [0.0, -0.012187, 0.041556],
                [-0.0, 0.014618, 0.019355],
                [-0.0, -0.0, -0.0],
                [0.0, -0.014618, -0.019355],
                [-0.0, 0.012187, -0.041556]
            ]
        }
    },
    "atom_type": [
        "N",
        "N",
        "Zr",
        "Zr",
        "Zr",
        "Zr",
        "Zr",
        "Zr",
        "Zr"
    ],
    "coordinate_mode": "Direct",
    "global_properties": {
        "energy": {
            "value": -83.404886
        }
    },
    "lattice_vectors": [
        [4.512916933417851, -3.9983e-12, 2.98953e-11],
        [-2.2564584716528007, 4.587303594108225, -2.3389438240839726],
        [4.33062e-11, 2.2899187633760083, 7.009649289765273]
    ]
}