{
    "atom_coords": [
        [0.6246151109289002, 0.2492302218578146, 0.93598536091001],
        [0.1256780395830361, 0.251356079166051, 0.6877997908189073],
        [0.3756896387468416, 0.7513792774936974, 0.5636128659889224],
        [0.6237709854654128, 0.2475419709308113, 0.4373170574962657],
        [0.8747563532102447, 0.7495127064205107, 0.3111221586344683],
        [0.0072654302083279, 0.0145308604167909, 0.9983783410029048],
        [0.2413358371890624, 0.48267167437794, 0.877756223278098],
        [0.5066328319531976, 0.0132656639065445, 0.7470641743653417],
        [0.7459225945341075, 0.4918451890681226, 0.6197928059968802],
        [0.9990785742954884, 0.9981571485909413, 0.4989412794705359],
        [0.2552045141359329, 0.5104090282719795, 0.378500459650013],
        [0.495923476456241, 0.9918469529123897, 0.2565127881524063],
        [0.7491266132932068, 0.4982532265863995, 0.1247166942352465]
    ],
    "atom_properties": {
        "force": {
            "value": [
                [0.001621, -0.001621, 0.001513],
                [-0.029089, 0.029089, 0.015513],
                [-0.009072, 0.009072, 0.017626],
                [0.008965, -0.008965, 0.008073],
                [0.02292, -0.02292, 0.005494],
                [-0.002293, 0.002293, 0.012384],
                [-0.004152, 0.004152, -0.004705],
                [-0.031496, 0.031496, -0.038284],
                [-0.017623, 0.017623, -0.037546],
                [0.015099, -0.015099, -0.027587],
                [0.001555, -0.001555, 0.056848],
                [0.02965, -0.02965, 0.012969],
                [0.013913, -0.013913, -0.022297]
            ]
        }
    },
    "atom_type": [
        "N",
        "N",
        "N",
        "N",
        "N",
        "Zr",
        "Zr",
        "Zr",
        "Zr",
        "Zr",
        "Zr",
        "Zr",
        "Zr"
    ],
    "coordinate_mode": "Direct",
    "global_properties": {
        "energy": {
            "value": -127.76761
        }
    },
    "lattice_vectors": [
        [2.3193555343904353, 2.3193555344157692, 3.2639e-12],
        [-4.613001351871397, 2.2936458276344474, 2.2940337283334773],
        [4.603174573253466, -4.6031745732906275, 9.172492310964905]
    ]
}