{
    "atom_coords": [
        [0.0, 0.8741714004132106, 0.2483428008264212],
        [0.0, 0.1258285995867894, 0.7516571991735788],
        [0.0, 0.0, 0.0],
        [0.5, 0.1295493939131589, 0.7590987878263107],
        [0.0, 0.2384490356824784, 0.5],
        [0.5, 0.3799654274412489, 0.259930854882505],
        [0.0, 0.5, 0.0],
        [0.5, 0.620034572558751, 0.740069145117495],
        [0.0, 0.7615509643175216, 0.5],
        [0.5, 0.8704506060868411, 0.2409012121736893]
    ],
    "atom_properties": {
        "force": {
            "value": [
                [0.0, -0.011838, -0.011838],
                [-0.0, 0.011838, 0.011838],
                [-0.0, 0.0, 0.0],
                [-0.0, 0.007552, 0.007552],
                [0.0, -0.020011, 0.020011],
                [-0.0, 0.033652, 0.033652],
                [-0.0, 0.0, 0.0],
                [0.0, -0.033652, -0.033652],
                [-0.0, 0.020011, -0.020011],
                [-0.0, -0.007552, -0.007552]
            ]
        }
    },
    "atom_type": [
        "N",
        "N",
        "Zr",
        "Zr",
        "Zr",
        "Zr",
        "Zr",
        "Zr",
        "Zr",
        "Zr"
    ],
    "coordinate_mode": "Direct",
    "global_properties": {
        "energy": {
            "value": -91.958868
        }
    },
    "lattice_vectors": [
        [4.561271184362124, 0.0, 0.0],
        [0.0, 4.594211112708508, -4.594211112708508],
        [0.0, 2.272453653187004, 6.866664765895512]
    ]
}