{
    "atom_coords": [
        [0.5, 0.5, 8.2978611857e-06],
        [0.0, 0.0, 0.1252001244355725],
        [0.5, 0.5, 0.2489749979240372],
        [0.0, 0.0, 0.375],
        [0.5, 0.5, 0.5010250020759628],
        [0.0, 0.0, 0.6247998755644275],
        [0.5, 0.5, 0.7499917021388143],
        [0.0, 0.0, 0.0010190823731691],
        [0.5, 0.5, 0.1227610181323087],
        [0.0, 0.0, 0.2515129673318768],
        [0.5, 0.5, 0.375],
        [0.0, 0.0, 0.4984870326681232],
        [0.5, 0.5, 0.6272389818676913],
        [0.0, 0.0, 0.7489809176268309],
        [0.5, 0.5, 0.875]
    ],
    "atom_properties": {
        "force": {
            "value": [
                [0.0, 0.0, 0.053759],
                [0.0, 0.0, -0.029815],
                [-0.0, 0.0, 0.080108],
                [0.0, 0.0, 0.0],
                [0.0, 0.0, -0.080108],
                [0.0, 0.0, 0.029815],
                [-0.0, 0.0, -0.053759],
                [0.0, 0.0, 0.007235],
                [0.0, -0.0, 0.051087],
                [0.0, 0.0, -0.046607],
                [-0.0, -0.0, 0.0],
                [0.0, 0.0, 0.046607],
                [0.0, -0.0, -0.051087],
                [0.0, 0.0, -0.007235],
                [-0.0, -0.0, 0.0]
            ]
        }
    },
    "atom_type": [
        "N",
        "N",
        "N",
        "N",
        "N",
        "N",
        "N",
        "Zr",
        "Zr",
        "Zr",
        "Zr",
        "Zr",
        "Zr",
        "Zr",
        "Zr"
    ],
    "coordinate_mode": "Direct",
    "global_properties": {
        "energy": {
            "value": -151.33412
        }
    },
    "lattice_vectors": [
        [2.299236926883637, 2.299236926883637, 0.0],
        [2.299236926883637, -2.299236926883637, 0.0],
        [0.0, 0.0, -18.346844954596275]
    ]
}