{
    "atom_coords": [
        [0.0, 0.3330338727864017, 0.832229014411638],
        [0.5, 0.5002994272135979, 0.5011042855883616],
        [0.0, 0.0021977715918879, 0.0043879521957919],
        [0.5, 0.1815583788723103, 0.6723174080984577],
        [0.0, 0.3367536488976128, 0.3379549958432975],
        [0.5, 0.4965796511023868, 0.9953783041567021],
        [0.0, 0.6517750211276905, 0.661015991901543],
        [0.5, 0.8311355284081117, 0.3289453478042077]
    ],
    "atom_properties": {
        "force": {
            "value": [
                [0.028499, -0.022141, 0.028499],
                [-0.028499, 0.022141, -0.028499],
                [0.068195, -0.090126, 0.068195],
                [0.007581, -0.106656, 0.007581],
                [-0.001132, -0.026551, -0.001132],
                [0.001132, 0.026551, 0.001132],
                [-0.007581, 0.106656, -0.007581],
                [-0.068195, 0.090126, -0.068195]
            ]
        }
    },
    "atom_type": [
        "N",
        "N",
        "Zr",
        "Zr",
        "Zr",
        "Zr",
        "Zr",
        "Zr"
    ],
    "coordinate_mode": "Direct",
    "global_properties": {
        "energy": {
            "value": -74.749074
        }
    },
    "lattice_vectors": [
        [2.308869134573928, 0.0, -2.308869134573928],
        [2.28591002290641, 4.587675953786104, 2.28591002290641],
        [4.595322736856097, -4.611084829209371, 4.595322736856097]
    ]
}