{
    "atom_coords": [
        [0.750815450919994, 0.7526808626216948, 0.5016309018399809],
        [0.4167488863524866, 0.0842642891279581, 0.833497672704965],
        [0.2500790482320667, 0.2502512150146856, 0.5001580964641406],
        [0.9968614201481643, 0.9993412986060264, 0.9937228402963214],
        [0.8313535369464233, 0.1539741449775036, 0.6627071738928407],
        [0.6712593814160073, 0.3396902916967193, 0.3425186628320134],
        [0.5016594216689398, 0.4987161779034466, 0.0033188433378726],
        [0.3297683173536825, 0.6695761779034157, 0.6595367347073662],
        [0.16812123696225, 0.8348388421485424, 0.3362423739244917]
    ],
    "atom_properties": {
        "force": {
            "value": [
                [0.018472, 0.011524, -0.018472],
                [-0.007321, -0.028851, 0.007321],
                [-0.011795, 0.011472, 0.011795],
                [0.051285, -0.063337, -0.051285],
                [-0.002539, 0.025516, 0.002539],
                [-0.005219, 0.048293, 0.005219],
                [-0.044222, -0.014487, 0.044222],
                [-0.042868, -0.030896, 0.042868],
                [0.044206, 0.040765, -0.044206]
            ]
        }
    },
    "atom_type": [
        "N",
        "N",
        "N",
        "Zr",
        "Zr",
        "Zr",
        "Zr",
        "Zr",
        "Zr"
    ],
    "coordinate_mode": "Direct",
    "global_properties": {
        "energy": {
            "value": -86.767575
        }
    },
    "lattice_vectors": [
        [2.3031643211588646, 0.0, 2.3031643211588646],
        [2.293182321379436, 4.612114020282677, -2.293182321379436],
        [-6.884570590422997, 2.3060650660706616, 4.581406269264131]
    ]
}