{
    "atom_coords": [
        [0.0006924622390514, 0.24785226026885, 0.7507628152530543],
        [0.2488214940278581, 0.6246382863203479, 0.8777187256239287],
        [0.5, 0.0, 0.0],
        [0.7511785059721419, 0.3753617136796521, 0.1222812743760713],
        [0.9993075377609486, 0.75214773973115, 0.2492371847469457],
        [0.0, 0.0, 0.0],
        [0.2445342182362822, 0.3886144173566208, 0.1223171461707651],
        [0.5054066564642454, 0.7448672604384257, 0.2443194266331332],
        [0.7559213216191196, 0.1189451695972892, 0.3692121871645355],
        [0.0, 0.5, 0.5],
        [0.2440786783808804, 0.8810548304027108, 0.6307878128354645],
        [0.4945933435357546, 0.2551327395615743, 0.7556805733668668],
        [0.7554657817637178, 0.6113855826433792, 0.8776828538292349]
    ],
    "atom_properties": {
        "force": {
            "value": [
                [0.0, 0.012688, -0.004339],
                [0.0, 0.071555, -0.013948],
                [0.0, 0.0, 0.0],
                [-0.0, -0.071555, 0.013948],
                [-0.0, -0.012688, 0.004339],
                [0.0, 0.0, 0.0],
                [0.0, 0.022697, 0.044098],
                [-0.0, -0.043328, -0.084074],
                [-0.0, -0.069531, -0.059501],
                [0.0, 0.0, 0.0],
                [0.0, 0.069531, 0.059501],
                [0.0, 0.043328, 0.084074],
                [-0.0, -0.022697, -0.044098]
            ]
        }
    },
    "atom_type": [
        "N",
        "N",
        "N",
        "N",
        "N",
        "Zr",
        "Zr",
        "Zr",
        "Zr",
        "Zr",
        "Zr",
        "Zr",
        "Zr"
    ],
    "coordinate_mode": "Direct",
    "global_properties": {
        "energy": {
            "value": -127.74606
        }
    },
    "lattice_vectors": [
        [4.589933304755478, 2.71117e-11, 3.9144e-12],
        [2.2949666574119987, 4.604591187748894, -2.301532094649619],
        [2.2949666574198107, 4.611784548114156, 6.918940364640865]
    ]
}