{
    "atom_coords": [
        [0.0, 0.626885832817571, 0.8762988700821523],
        [0.5, 0.875, 0.125],
        [0.0, 0.123114167182429, 0.3737011299178477],
        [0.0, 0.9865320349320967, 0.0015852485121073],
        [0.5, 0.0029766226433949, 0.5001526601319952],
        [0.5, 0.2386470299340075, 0.2547545400844413],
        [0.0, 0.2539903314237719, 0.7501918138462074],
        [0.0, 0.4960096685762281, 0.4998081861537926],
        [0.5, 0.5113529700659925, 0.9952454599155587],
        [0.5, 0.7470233773566051, 0.7498473398680048],
        [0.0, 0.7634679650679033, 0.2484147514878927]
    ],
    "atom_properties": {
        "force": {
            "value": [
                [0.046681, 0.036144, -0.046681],
                [0.0, -0.0, -0.0],
                [-0.046681, -0.036144, 0.046681],
                [0.037183, -0.019756, -0.037183],
                [-0.06678, 0.022837, 0.06678],
                [0.032541, 0.008559, -0.032541],
                [-0.006392, 0.042735, 0.006392],
                [0.006392, -0.042735, -0.006392],
                [-0.032541, -0.008559, 0.032541],
                [0.06678, -0.022837, -0.06678],
                [-0.037183, 0.019756, 0.037183]
            ]
        }
    },
    "atom_type": [
        "N",
        "N",
        "N",
        "Zr",
        "Zr",
        "Zr",
        "Zr",
        "Zr",
        "Zr",
        "Zr",
        "Zr"
    ],
    "coordinate_mode": "Direct",
    "global_properties": {
        "energy": {
            "value": -103.75541
        }
    },
    "lattice_vectors": [
        [2.2991940498453722, 0.0, 2.2991940498453722],
        [2.265283318081616, 4.619720848254725, -2.265283318081616],
        [-6.858715619692123, 4.6829766559577966, 6.858715619692123]
    ]
}