{
    "atom_coords": [
        [0.875, 0.875, 0.25],
        [0.2487894492625102, 0.7487894492625173, 0.9975788985250276],
        [0.0012105507374898, 0.5012105507374827, 0.5024211014749724],
        [0.375, 0.375, 0.25],
        [0.016015735187338, 0.9962266452786253, 0.0122423804659562],
        [0.3725947845226543, 0.8725947845226543, 0.75],
        [0.7537733547213747, 0.733984264812662, 0.4877576195340438],
        [0.125, 0.625, 0.25],
        [0.4962266452786253, 0.516015735187338, 0.0122423804659562],
        [0.8774052154773457, 0.3774052154773457, 0.75],
        [0.233984264812662, 0.2537733547213747, 0.4877576195340438],
        [0.625, 0.125, 0.25]
    ],
    "atom_properties": {
        "force": {
            "value": [
                [-0.0, 0.0, -0.0],
                [-0.0, -0.004301, 0.004301],
                [-0.0, 0.004301, -0.004301],
                [-0.0, 0.0, -0.0],
                [0.083467, 0.056309, -0.056309],
                [-0.0, 0.086609, 0.086609],
                [0.083467, -0.056309, 0.056309],
                [-0.0, 0.0, -0.0],
                [-0.083467, 0.056309, -0.056309],
                [-0.0, -0.086609, -0.086609],
                [-0.083467, -0.056309, 0.056309],
                [0.0, 0.0, -0.0]
            ]
        }
    },
    "atom_type": [
        "N",
        "N",
        "N",
        "N",
        "Zr",
        "Zr",
        "Zr",
        "Zr",
        "Zr",
        "Zr",
        "Zr",
        "Zr"
    ],
    "coordinate_mode": "Direct",
    "global_properties": {
        "energy": {
            "value": -115.72631
        }
    },
    "lattice_vectors": [
        [4.677846280688555, 2.2831630712313093, 2.283163071238906],
        [-4.677846280688555, 2.2831630712313093, 2.283163071238906],
        [0.0, -6.871842322431943, 2.305516189943718]
    ]
}