{
    "atom_coords": [
        [0.1878715478472586, 0.0633878568038355, 0.37574309569451],
        [0.3121284521527414, 0.4366121431961645, 0.62425690430549],
        [0.5621546407337092, 0.1895018867008105, 0.1243092814674114],
        [0.6880671864745764, 0.5635119543900942, 0.3761343729491529],
        [0.8119328135254236, 0.9364880456099058, 0.6238656270508471],
        [0.9378453592662908, 0.3104981132991895, 0.8756907185325886],
        [0.0024077956879722, 0.0123184596301726, 0.0048155913759373],
        [0.1251581862071447, 0.3668130627858304, 0.2503163724142894],
        [0.25, 0.75, 0.5],
        [0.3748418137928553, 0.1331869372141696, 0.7496836275857106],
        [0.4975922043120278, 0.4876815403698274, 0.9951844086240627],
        [0.6263575202107461, 0.8812728339435552, 0.2527150404214922],
        [0.75, 0.25, 0.5],
        [0.8736424797892539, 0.6187271660564448, 0.7472849595785078]
    ],
    "atom_properties": {
        "force": {
            "value": [
                [0.061181, -0.049575, 0.061181],
                [-0.061181, 0.049575, -0.061181],
                [0.055463, 0.016156, 0.055463],
                [0.007685, 0.009589, 0.007685],
                [-0.007685, -0.009589, -0.007685],
                [-0.055463, -0.016156, -0.055463],
                [0.063963, -0.097328, 0.063963],
                [0.033095, 0.008965, 0.033095],
                [0.0, -0.0, -0.0],
                [-0.033095, -0.008965, -0.033095],
                [-0.063963, 0.097328, -0.063963],
                [0.066469, -0.04778, 0.066469],
                [0.0, -0.0, -0.0],
                [-0.066469, 0.04778, -0.066469]
            ]
        }
    },
    "atom_type": [
        "N",
        "N",
        "N",
        "N",
        "N",
        "N",
        "Zr",
        "Zr",
        "Zr",
        "Zr",
        "Zr",
        "Zr",
        "Zr",
        "Zr"
    ],
    "coordinate_mode": "Direct",
    "global_properties": {
        "energy": {
            "value": -139.64938
        }
    },
    "lattice_vectors": [
        [2.3066196881424443, 0.0, -2.3066196881424443],
        [2.302903302579952, 4.57314657903242, 2.302903302579952],
        [4.633581890087343, -6.889347842466524, 6.9402015782297894]
    ]
}