{
    "atom_coords": [
        [0.75, 0.75, 0.7491758060310616],
        [0.25, 0.25, 0.7491758060310616],
        [0.75, 0.25, 0.5],
        [0.75, 0.75, 0.2508241939689384],
        [0.25, 0.25, 0.2508241939689384],
        [0.0023772475303403, 0.9976227524696597, 0.0],
        [0.4976227524696597, 0.5023772475303403, 0.0],
        [0.5055277212581402, 0.0055277212581402, 0.7443918963899847],
        [0.9944722787418598, 0.4944722787418598, 0.7443918963899847],
        [0.9945512294546859, 0.0054487705453141, 0.5],
        [0.5054487705453141, 0.4945512294546859, 0.5],
        [0.5055277212581402, 0.0055277212581402, 0.2556081036100153],
        [0.9944722787418598, 0.4944722787418598, 0.2556081036100153]
    ],
    "atom_properties": {
        "force": {
            "value": [
                [-0.025483, 0.025483, 0.0],
                [-0.025483, 0.025483, 0.0],
                [0.0, -0.0, 0.0],
                [0.025483, -0.025483, 0.0],
                [0.025483, -0.025483, 0.0],
                [0.0, -0.0, -0.155409],
                [0.0, -0.0, 0.155409],
                [-0.003499, -0.037881, 0.0],
                [0.037881, 0.003499, 0.0],
                [0.0, -0.0, -0.042367],
                [0.0, -0.0, 0.042367],
                [-0.037881, -0.003499, 0.0],
                [0.003499, 0.037881, 0.0]
            ]
        }
    },
    "atom_type": [
        "N",
        "N",
        "N",
        "N",
        "N",
        "Zr",
        "Zr",
        "Zr",
        "Zr",
        "Zr",
        "Zr",
        "Zr",
        "Zr"
    ],
    "coordinate_mode": "Direct",
    "global_properties": {
        "energy": {
            "value": -127.58909
        }
    },
    "lattice_vectors": [
        [-2.3128546352226107, -2.3128546352226107, -4.524852235610879],
        [-2.3128546352226107, -2.3128546352226107, 4.524852235610879],
        [-4.6312205477070005, 4.6312205477070005, 0.0]
    ]
}