{
    "atom_coords": [
        [0.8740898221702622, 0.7481796443405173, 0.8117031051561554],
        [0.6236696663988042, 0.2473393327975302, 0.4387035764300506],
        [0.8769113636728108, 0.7538227273456783, 0.3124155196599361],
        [0.0027501820909208, 0.0055003641817919, 0.9993775781886072],
        [0.2572023243787243, 0.5144046487575196, 0.8733375749997947],
        [0.4912579483236001, 0.9825158966471363, 0.7533370173206393],
        [0.7508520122573614, 0.5017040245147371, 0.6257758995734903],
        [0.0063654677491272, 0.0127309354982827, 0.4931081245727],
        [0.2499757571400139, 0.4999515142799922, 0.3751661464338341],
        [0.4949393464628571, 0.9898786929257497, 0.2553942432358483],
        [0.746986109355511, 0.4939722187110647, 0.1241812144289582]
    ],
    "atom_properties": {
        "force": {
            "value": [
                [0.000551, -0.000551, 0.015609],
                [-0.054059, 0.054059, 0.036252],
                [0.058892, -0.058892, -0.068919],
                [-0.030316, 0.030316, 0.153123],
                [0.010634, -0.010634, 0.022406],
                [-0.009872, 0.009872, -0.055031],
                [-0.039275, 0.039275, -0.027402],
                [-0.016133, 0.016133, 0.114251],
                [-0.012494, 0.012494, -0.006568],
                [0.024267, -0.024267, -0.075222],
                [0.067806, -0.067806, -0.108499]
            ]
        }
    },
    "atom_type": [
        "N",
        "N",
        "N",
        "Zr",
        "Zr",
        "Zr",
        "Zr",
        "Zr",
        "Zr",
        "Zr",
        "Zr"
    ],
    "coordinate_mode": "Direct",
    "global_properties": {
        "energy": {
            "value": -103.77916
        }
    },
    "lattice_vectors": [
        [2.3212520314209386, 2.3212520314181595, -1.50087e-11],
        [-4.595626365309849, 2.2743743440039164, 2.2756258692309284],
        [4.590047591768568, -4.590047591821471, 9.132439483192515]
    ]
}