{
    "atom_coords": [
        [0.0, 0.7461022058825151, 0.75],
        [0.5, 0.0, 0.5],
        [0.5, 0.0, 0.0],
        [0.0, 0.2538977941174849, 0.25],
        [0.0, 0.0, 0.0],
        [0.0, 0.0, 0.5],
        [0.5, 0.2367721803831913, 0.25],
        [0.5, 0.240644487769103, 0.75],
        [0.0, 0.5, 0.5],
        [0.0, 0.5, 0.0],
        [0.5, 0.7632278196168087, 0.75],
        [0.5, 0.759355512230897, 0.25]
    ],
    "atom_properties": {
        "force": {
            "value": [
                [0.0, -0.044933, -0.044933],
                [0.0, -0.0, 0.0],
                [0.0, -0.0, 0.0],
                [-0.0, 0.044933, 0.044933],
                [0.0, -0.0, 0.0],
                [0.0, -0.0, -0.0],
                [0.0, -0.021792, -0.021792],
                [0.0, -0.008025, -0.008025],
                [0.0, -0.0, 0.0],
                [0.0, -0.0, 0.0],
                [-0.0, 0.021792, 0.021792],
                [0.0, 0.008025, 0.008025]
            ]
        }
    },
    "atom_type": [
        "N",
        "N",
        "N",
        "N",
        "Zr",
        "Zr",
        "Zr",
        "Zr",
        "Zr",
        "Zr",
        "Zr",
        "Zr"
    ],
    "coordinate_mode": "Direct",
    "global_properties": {
        "energy": {
            "value": -115.76206
        }
    },
    "lattice_vectors": [
        [-4.625741488828062, 0.0, 0.0],
        [0.0, 4.57112755740406, 4.57112755740406],
        [0.0, 4.583592038080186, -4.583592038080186]
    ]
}