{
    "atom_coords": [
        [0.5, 0.5, 0.4992605646590249],
        [0.5, 0.5, 0.7507394353409751],
        [0.0, 0.0, 0.0003742087256597],
        [0.5, 0.5, 0.125],
        [0.0, 0.0, 0.2496257912743403],
        [0.5, 0.5, 0.3742141676735429],
        [0.0, 0.0, 0.500233137067049],
        [0.5, 0.5, 0.625],
        [0.0, 0.0, 0.749766862932951],
        [0.5, 0.5, 0.8757858323264571]
    ],
    "atom_properties": {
        "force": {
            "value": [
                [-0.0, -0.0, 0.127378],
                [0.0, 0.0, -0.127378],
                [-0.0, -0.0, -0.04568],
                [0.0, 0.0, 0.0],
                [-0.0, -0.0, 0.04568],
                [0.0, 0.0, 0.074131],
                [-0.0, -0.0, -0.004953],
                [0.0, 0.0, -0.0],
                [-0.0, -0.0, 0.004953],
                [-0.0, -0.0, -0.074131]
            ]
        }
    },
    "atom_type": [
        "N",
        "N",
        "Zr",
        "Zr",
        "Zr",
        "Zr",
        "Zr",
        "Zr",
        "Zr",
        "Zr"
    ],
    "coordinate_mode": "Direct",
    "global_properties": {
        "energy": {
            "value": -91.716304
        }
    },
    "lattice_vectors": [
        [2.298685736498149, 2.298685736498149, 0.0],
        [2.298685736498149, -2.298685736498149, 0.0],
        [0.0, 0.0, -18.113269838761475]
    ]
}