{
    "atom_coords": [
        [0.25, 0.25, 0.7479472136468459],
        [0.75, 0.25, 0.5],
        [0.25, 0.25, 0.2520527863531541],
        [0.0097397497312173, 0.0033111096658445, 0.0],
        [0.4902602502687827, 0.4966888903341555, 0.0],
        [0.5000725851809378, 0.0096603141598806, 0.7481023034067675],
        [0.9999274148190622, 0.4903396858401194, 0.7481023034067675],
        [0.0032536321311909, 0.0176627059488652, 0.5],
        [0.4967463678688091, 0.4823372940511348, 0.5],
        [0.5000725851809378, 0.0096603141598806, 0.2518976965932325],
        [0.9999274148190622, 0.4903396858401194, 0.2518976965932325]
    ],
    "atom_properties": {
        "force": {
            "value": [
                [0.026312, -0.026312, -0.0],
                [-0.0, 0.0, -0.0],
                [-0.026312, 0.026312, -0.0],
                [-0.004387, -0.004387, -0.166789],
                [0.004387, 0.004387, 0.166789],
                [0.010091, 0.042901, 0.024799],
                [-0.042901, -0.010091, -0.024799],
                [0.060945, 0.060945, 0.032143],
                [-0.060945, -0.060945, -0.032143],
                [0.042901, 0.010091, 0.024799],
                [-0.010091, -0.042901, -0.024799]
            ]
        }
    },
    "atom_type": [
        "N",
        "N",
        "N",
        "Zr",
        "Zr",
        "Zr",
        "Zr",
        "Zr",
        "Zr",
        "Zr",
        "Zr"
    ],
    "coordinate_mode": "Direct",
    "global_properties": {
        "energy": {
            "value": -103.69996
        }
    },
    "lattice_vectors": [
        [-2.30728202022045, -2.30728202022045, -4.641662538288459],
        [-2.264600102789307, -2.264600102789307, 4.598786243139101],
        [-4.614050391161408, 4.614050391161408, 0.0]
    ]
}