{
    "atom_coords": [
        [0.4988564686285528, 0.9977129372570914, 0.4995609828094487],
        [0.1678102313714476, 0.3356203627429082, 0.3337723171905509],
        [0.0020451547053142, 0.0040903094106355, 0.0008506991272341],
        [0.6646215452946862, 0.3292429905893641, 0.8324826008727655],
        [0.3380391974414962, 0.6760784948830292, 0.6574612030973412],
        [0.0091287052102942, 0.0182574104206381, 0.4928392349286028],
        [0.6575379947897062, 0.3150758895793615, 0.3404940650713968],
        [0.328627402558503, 0.6572549051169716, 0.1758721969026595]
    ],
    "atom_properties": {
        "force": {
            "value": [
                [0.0, -0.016902, -0.042015],
                [-0.0, 0.016902, 0.042015],
                [0.0, 0.037206, -0.065356],
                [-0.0, -0.037206, 0.065356],
                [-0.0, 0.203881, 0.020346],
                [0.0, -0.064862, -0.020747],
                [-0.0, 0.064862, 0.020747],
                [0.0, -0.203881, -0.020346]
            ]
        }
    },
    "atom_type": [
        "N",
        "N",
        "Zr",
        "Zr",
        "Zr",
        "Zr",
        "Zr",
        "Zr"
    ],
    "coordinate_mode": "Direct",
    "global_properties": {
        "energy": {
            "value": -74.734021
        }
    },
    "lattice_vectors": [
        [4.5411273610460645, -6.54796e-11, 2.57838e-11],
        [-2.2705636855309503, 4.687135998857597, 2.258315423817902],
        [9.1035e-11, -4.732355352969896, 4.606731995257771]
    ]
}