{
    "atom_coords": [
        [0.0, 0.0, 0.1234768765528571],
        [0.5, 0.5, 0.2496186347591589],
        [0.0, 0.0, 0.3749806393282995],
        [0.5, 0.5, 0.5000193606717005],
        [0.0, 0.0, 0.6253813652408411],
        [0.5, 0.5, 0.7515231234471429],
        [0.0, 0.0, 0.9978501942424884],
        [0.5, 0.5, 0.1264858638377078],
        [0.0, 0.0, 0.2489613058419309],
        [0.5, 0.5, 0.3744129814360448],
        [0.0, 0.0, 0.5005870185639552],
        [0.5, 0.5, 0.6260386941580691],
        [0.0, 0.0, 0.7485141361622922],
        [0.5, 0.5, 0.8771498057575116]
    ],
    "atom_properties": {
        "force": {
            "value": [
                [-0.0, 0.0, 0.005094],
                [-0.0, 0.0, 0.028908],
                [-0.0, -0.0, -0.071748],
                [0.0, 0.0, 0.071748],
                [0.0, -0.0, -0.028908],
                [0.0, -0.0, -0.005094],
                [0.0, -0.0, 0.0117],
                [0.0, 0.0, -0.107722],
                [-0.0, -0.0, 0.180169],
                [0.0, 0.0, -0.05669],
                [-0.0, -0.0, 0.05669],
                [0.0, 0.0, -0.180169],
                [-0.0, -0.0, 0.107722],
                [-0.0, 0.0, -0.0117]
            ]
        }
    },
    "atom_type": [
        "N",
        "N",
        "N",
        "N",
        "N",
        "N",
        "Zr",
        "Zr",
        "Zr",
        "Zr",
        "Zr",
        "Zr",
        "Zr",
        "Zr"
    ],
    "coordinate_mode": "Direct",
    "global_properties": {
        "energy": {
            "value": -139.309
        }
    },
    "lattice_vectors": [
        [2.298960844718829, 2.298960844718829, 0.0],
        [2.298960844718829, -2.298960844718829, 0.0],
        [0.0, 0.0, -18.349875324390066]
    ]
}