{
    "atom_coords": [
        [0.8765465002251318, 0.8765465002251318, 0.2530930004502565],
        [0.625, 0.625, 0.75],
        [0.3734534997748682, 0.3734534997748682, 0.2469069995497435],
        [0.9973274195907607, 0.9973274195907607, 0.0056283127155794],
        [0.3829222911529513, 0.8670777088470487, 0.75],
        [0.7416991068751457, 0.7416991068751457, 0.4943716872843993],
        [0.125, 0.625, 0.25],
        [0.5083008931248543, 0.5083008931248543, 0.0056283127156007],
        [0.8670777088470487, 0.3829222911529513, 0.75],
        [0.2526725804092393, 0.2526725804092393, 0.4943716872844206],
        [0.625, 0.125, 0.25]
    ],
    "atom_properties": {
        "force": {
            "value": [
                [-0.0, -0.072947, 0.072947],
                [-0.0, 0.0, -0.0],
                [-0.0, 0.072947, -0.072947],
                [-0.0, 0.011118, -0.008949],
                [0.048269, 0.0, -0.0],
                [-0.0, -0.008949, 0.011118],
                [-0.0, 0.0, -0.0],
                [-0.0, 0.008949, -0.011118],
                [-0.048269, 0.0, -0.0],
                [-0.0, -0.011118, 0.008949],
                [-0.0, 0.0, -0.0]
            ]
        }
    },
    "atom_type": [
        "N",
        "N",
        "N",
        "Zr",
        "Zr",
        "Zr",
        "Zr",
        "Zr",
        "Zr",
        "Zr",
        "Zr"
    ],
    "coordinate_mode": "Direct",
    "global_properties": {
        "energy": {
            "value": -103.88994
        }
    },
    "lattice_vectors": [
        [4.602459811457906, 2.2823521103046946, 2.282352110301488],
        [-4.602459811457906, 2.2823521103046946, 2.282352110301488],
        [0.0, -6.86134681967846, 2.29664260902921]
    ]
}