{
    "atom_coords": [
        [0.6003747470702976, 0.7003145960912107, 0.0989359097682225],
        [0.1996252529297067, 0.8996854039087907, 0.7010640902317817],
        [0.0086874487755537, 0.9816722443110351, 0.0009528581377864],
        [0.6065518257281326, 0.1856930173764439, 0.6012033311672837],
        [0.1934481742718717, 0.4143069826235575, 0.1987966688327205],
        [0.7913125512244434, 0.6183277556889664, 0.7990471418622107],
        [0.3999999999999986, 0.7999999999999972, 0.3999999999999986]
    ],
    "atom_properties": {
        "force": {
            "value": [
                [0.003457, -0.003457, -0.00761],
                [-0.003457, 0.003457, 0.00761],
                [0.003584, -0.003584, 0.117543],
                [0.015786, -0.015786, -0.063319],
                [-0.015786, 0.015786, 0.063319],
                [-0.003584, 0.003584, -0.117543],
                [0.0, -0.0, 0.0]
            ]
        }
    },
    "atom_type": [
        "N",
        "N",
        "Zr",
        "Zr",
        "Zr",
        "Zr",
        "Zr"
    ],
    "coordinate_mode": "Direct",
    "global_properties": {
        "energy": {
            "value": -66.427919
        }
    },
    "lattice_vectors": [
        [2.3229082200446998, 2.322908220046423, 3.99001e-11],
        [-2.265653425955996, 4.588561635905111, 2.245686350315557],
        [2.3544374781987476, -0.0315292580336889, 6.8869253020920445]
    ]
}