{
    "atom_coords": [
        [0.499997756544154, 0.9999977565441611, 0.4999955130883222],
        [0.8755212839964059, 0.8755212839964059, 0.251042567992819],
        [0.2497401015611018, 0.7497401015611018, 0.9994802031221965],
        [0.6252598984388982, 0.6252598984388982, 0.7505197968778035],
        [0.9994787160035941, 0.4994787160035941, 0.498957432007181],
        [0.375002243455846, 0.3750022434558389, 0.2500044869116778],
        [0.0091434732733546, 0.9877085905750249, 0.0062368244509159],
        [0.3779066488224458, 0.8564717661241232, 0.7437631755490912],
        [0.7411870197707913, 0.7417579813152315, 0.4938282880220868],
        [0.1338129802292087, 0.6332420186847685, 0.2561717119779132],
        [0.4970933511775542, 0.5185282338758768, 0.0062368244509088],
        [0.8658565267266454, 0.3872914094249751, 0.7437631755490841],
        [0.2526412682513026, 0.2520703067068695, 0.4938282880220868],
        [0.6223587317486974, 0.1229296932931305, 0.2561717119779132]
    ],
    "atom_properties": {
        "force": {
            "value": [
                [0.0, 0.014095, -0.014095],
                [-0.0, -0.007731, 0.007731],
                [0.0, 0.006992, -0.006992],
                [-0.0, -0.006992, 0.006992],
                [0.0, 0.007731, -0.007731],
                [-0.0, -0.014095, 0.014095],
                [0.033415, 0.026375, 0.01162],
                [0.033415, 0.01162, 0.026375],
                [-0.00296, -0.003105, -0.001491],
                [0.00296, 0.003105, 0.001491],
                [-0.033415, -0.01162, -0.026375],
                [-0.033415, -0.026375, -0.01162],
                [0.00296, 0.001491, 0.003105],
                [-0.00296, -0.001491, -0.003105]
            ]
        }
    },
    "atom_type": [
        "N",
        "N",
        "N",
        "N",
        "N",
        "N",
        "Zr",
        "Zr",
        "Zr",
        "Zr",
        "Zr",
        "Zr",
        "Zr",
        "Zr"
    ],
    "coordinate_mode": "Direct",
    "global_properties": {
        "energy": {
            "value": -140.03701
        }
    },
    "lattice_vectors": [
        [4.63568908303701, 2.2827574716137002, 2.282757471639201],
        [-4.650602341537995, 2.297596002000872, 2.297596002026598],
        [0.0074566292341662, -6.895258906755921, 2.3149054431642]
    ]
}