{
    "atom_coords": [
        [0.9995976699228422, 0.2488910953591983, 0.7519135647951103],
        [0.7509998280001113, 0.373890043573823, 0.1241103004259472],
        [0.9981820186451245, 0.7529276812037438, 0.2507082815060144],
        [0.9871812156703754, 0.0211504770338777, 0.0044870916253785],
        [0.2332665774135236, 0.400408542145577, 0.1330583030274184],
        [0.5109718351080019, 0.7296961095970858, 0.2483602201868962],
        [0.763902226901152, 0.1088551203446997, 0.363340425852968],
        [0.9960309297002325, 0.5029135910742042, 0.5050245495253378],
        [0.2376017697574042, 0.8928363387560836, 0.6319601217291364],
        [0.5078649459188469, 0.2439062072274183, 0.7403639009348737],
        [0.7644009829623926, 0.5995247936842887, 0.8716732403908978]
    ],
    "atom_properties": {
        "force": {
            "value": [
                [-0.0, -0.015058, 0.027703],
                [0.0, 0.023858, 0.001038],
                [-0.0, -0.023536, -0.015305],
                [0.0, 0.08901, -0.029388],
                [-0.0, -0.033305, -0.009535],
                [-0.0, -0.05596, 0.000897],
                [0.0, 0.019718, 0.012547],
                [-0.0, -0.026337, 0.013813],
                [0.0, 0.054211, 0.019408],
                [0.0, 0.001965, -0.01366],
                [-0.0, -0.034566, -0.007519]
            ]
        }
    },
    "atom_type": [
        "N",
        "N",
        "N",
        "Zr",
        "Zr",
        "Zr",
        "Zr",
        "Zr",
        "Zr",
        "Zr",
        "Zr"
    ],
    "coordinate_mode": "Direct",
    "global_properties": {
        "energy": {
            "value": -104.23856
        }
    },
    "lattice_vectors": [
        [4.539828845923914, 1.661491e-10, 4.0311e-12],
        [2.2699144280790664, 4.732762989627265, -2.283307797480486],
        [2.2699144280874304, 4.740670786625173, 6.8651481098208995]
    ]
}