{
    "atom_coords": [
        [0.5620211012200969, 0.1894400206051046, 0.1240422024401937],
        [0.8125193755478648, 0.9356466545440014, 0.6250387510957296],
        [0.9378549956036153, 0.3143508761000717, 0.8757099912072235],
        [0.0028367344172722, 0.0171705560102069, 0.0056734688345514],
        [0.1248728455441466, 0.3715820573411861, 0.2497456910882931],
        [0.252093405603226, 0.7544128006182831, 0.5041868112064449],
        [0.3737245910988065, 0.1217014188625427, 0.747449182197613],
        [0.4974753332350517, 0.4856818206198596, 0.9949506664700962],
        [0.6252780660438972, 0.8784795459353347, 0.2505561320878016],
        [0.7497521117290162, 0.2453179932442922, 0.4995042234580325],
        [0.8740714399570138, 0.6237162561191099, 0.7481428799140346]
    ],
    "atom_properties": {
        "force": {
            "value": [
                [0.048956, 0.080937, 0.048956],
                [0.012223, -0.03823, 0.012223],
                [-0.057409, 0.020056, -0.057409],
                [0.039258, -0.001416, 0.039258],
                [0.038601, 0.009391, 0.038601],
                [-0.015879, -0.060327, -0.015879],
                [-0.005666, -0.051654, -0.005666],
                [-0.023183, 0.057373, -0.023183],
                [0.042643, -0.036965, 0.042643],
                [-0.037963, 0.028046, -0.037963],
                [-0.041582, -0.007211, -0.041582]
            ]
        }
    },
    "atom_type": [
        "N",
        "N",
        "N",
        "Zr",
        "Zr",
        "Zr",
        "Zr",
        "Zr",
        "Zr",
        "Zr",
        "Zr"
    ],
    "coordinate_mode": "Direct",
    "global_properties": {
        "energy": {
            "value": -103.7041
        }
    },
    "lattice_vectors": [
        [2.3064174472645593, 0.0, -2.3064174472645593],
        [2.280607392786864, 4.5553731706707525, 2.280607392786864],
        [4.6013472595003675, -6.886045887617683, 6.907764706764927]
    ]
}