{
    "atom_coords": [
        [0.5, 0.6258748183959497, 0.3741410896964794],
        [0.0, 0.6269891170407575, 0.8766139025194519],
        [0.5, 0.875, 0.125],
        [0.5, 0.1241251816040503, 0.8758589103035206],
        [0.0, 0.1230108829592425, 0.3733860974805481],
        [0.0, 0.9920202945288352, 0.9959063724373252],
        [0.5, 0.9981028513071166, 0.4957511461401367],
        [0.5, 0.2450495564079205, 0.2574187153090648],
        [0.0, 0.2508790583738474, 0.7545330086908706],
        [0.0, 0.4991209416261526, 0.4954669913091294],
        [0.5, 0.5049504435920795, 0.9925812846909352],
        [0.5, 0.7518971486928834, 0.7542488538598633],
        [0.0, 0.7579797054711648, 0.2540936275626748]
    ],
    "atom_properties": {
        "force": {
            "value": [
                [0.042188, -0.02055, -0.042188],
                [0.032055, 0.003337, -0.032055],
                [0.0, -0.0, -0.0],
                [-0.042188, 0.02055, 0.042188],
                [-0.032055, -0.003337, 0.032055],
                [-0.001298, 0.037564, 0.001298],
                [-0.015551, 0.021683, 0.015551],
                [-0.006494, 0.003259, 0.006494],
                [-0.028305, -0.001659, 0.028305],
                [0.028305, 0.001659, -0.028305],
                [0.006494, -0.003259, -0.006494],
                [0.015551, -0.021683, -0.015551],
                [0.001298, -0.037564, -0.001298]
            ]
        }
    },
    "atom_type": [
        "N",
        "N",
        "N",
        "N",
        "N",
        "Zr",
        "Zr",
        "Zr",
        "Zr",
        "Zr",
        "Zr",
        "Zr",
        "Zr"
    ],
    "coordinate_mode": "Direct",
    "global_properties": {
        "energy": {
            "value": -127.88004
        }
    },
    "lattice_vectors": [
        [2.3082938002456292, 0.0, 2.3082938002456292],
        [2.3077301236564014, 4.596947077850176, -2.3077301236564014],
        [-6.886044663337047, 4.559866813623256, 6.886044663337047]
    ]
}