{
    "atom_coords": [
        [0.875629688887777, 0.875629688887777, 0.7512593777755399],
        [0.9995854721204154, 0.4995854721204154, 0.9991709442408307],
        [0.1234246132944747, 0.1234246132944818, 0.246849226588985],
        [0.2515753867055253, 0.7515753867055182, 0.5031507734110221],
        [0.3754145278795846, 0.3754145278795846, 0.7508290557591693],
        [0.499370311112223, 0.999370311112223, 0.9987406222244601],
        [0.0023890693061972, 0.0023890693061972, 0.0047781386123518],
        [0.127775434889891, 0.627775434889891, 0.2555508697797393],
        [0.247224565110109, 0.247224565110109, 0.4944491302202607],
        [0.3726109306938028, 0.8726109306938028, 0.7452218613876482],
        [0.4965135636263298, 0.4965135636263369, 0.9930271272527236],
        [0.6234796119668786, 0.1234796119668786, 0.2469592239337715],
        [0.7515203880331214, 0.7515203880331214, 0.5030407760662285],
        [0.8784864363736702, 0.3784864363736631, 0.7569728727472764]
    ],
    "atom_properties": {
        "force": {
            "value": [
                [-0.0, -0.0, 0.073101],
                [-0.0, -0.0, 0.057526],
                [0.0, 0.0, -0.03357],
                [-0.0, -0.0, 0.03357],
                [0.0, 0.0, -0.057526],
                [0.0, 0.0, -0.073101],
                [-0.0, -0.0, 0.05417],
                [-0.0, -0.0, 0.035496],
                [0.0, 0.0, -0.035496],
                [0.0, 0.0, -0.05417],
                [0.0, 0.0, -0.078088],
                [0.0, 0.0, -0.051597],
                [-0.0, -0.0, 0.051597],
                [-0.0, -0.0, 0.078088]
            ]
        }
    },
    "atom_type": [
        "N",
        "N",
        "N",
        "N",
        "N",
        "N",
        "Zr",
        "Zr",
        "Zr",
        "Zr",
        "Zr",
        "Zr",
        "Zr",
        "Zr"
    ],
    "coordinate_mode": "Direct",
    "global_properties": {
        "energy": {
            "value": -139.57841
        }
    },
    "lattice_vectors": [
        [4.6059067157404465, 0.0, -1.51656e-11],
        [0.0, 4.582528856315387, -1.50782e-11],
        [-2.302953362927046, -2.291264433188899, 9.218673083483395]
    ]
}