{
    "atom_coords": [
        [0.5, 0.5, 0.75],
        [0.0, 0.0, 0.0004261897808178],
        [0.5, 0.5, 0.1247928191001364],
        [0.0, 0.0, 0.25],
        [0.5, 0.5, 0.3752071808998636],
        [0.0, 0.0, 0.4995738102191822],
        [0.5, 0.5, 0.6234863052184849],
        [0.0, 0.0, 0.75],
        [0.5, 0.5, 0.8765136947815151]
    ],
    "atom_properties": {
        "force": {
            "value": [
                [-0.0, -0.0, 0.0],
                [-0.0, 0.0, -0.048466],
                [0.0, 0.0, -0.025928],
                [-0.0, 0.0, 0.0],
                [-0.0, -0.0, 0.025928],
                [-0.0, 0.0, 0.048466],
                [0.0, -0.0, -0.023743],
                [-0.0, 0.0, 0.0],
                [0.0, -0.0, 0.023743]
            ]
        }
    },
    "atom_type": [
        "N",
        "Zr",
        "Zr",
        "Zr",
        "Zr",
        "Zr",
        "Zr",
        "Zr",
        "Zr"
    ],
    "coordinate_mode": "Direct",
    "global_properties": {
        "energy": {
            "value": -79.765696
        }
    },
    "lattice_vectors": [
        [2.2941554293161177, 2.2941554293161177, 0.0],
        [2.2941554293161177, -2.2941554293161177, 0.0],
        [0.0, 0.0, -17.994035617117984]
    ]
}