{
    "atom_coords": [
        [0.0, 0.6275089440364425, 0.8732130138018164],
        [0.0, 0.875, 0.625],
        [0.5, 0.875, 0.125],
        [0.0, 0.1224910559635575, 0.3767869861981836],
        [0.0, 0.9880625823736793, 0.0064748784086177],
        [0.5, 0.0002831767944542, 0.5029796777329949],
        [0.5, 0.2442907062610686, 0.2624739820452149],
        [0.0, 0.2484152519823724, 0.74958315283763],
        [0.0, 0.5015847480176276, 0.50041684716237],
        [0.5, 0.5057092937389314, 0.9875260179547851],
        [0.5, 0.7497168232055458, 0.7470203222670051],
        [0.0, 0.7619374176263207, 0.2435251215913823]
    ],
    "atom_properties": {
        "force": {
            "value": [
                [0.006349, 0.071429, -0.006349],
                [0.0, -0.0, 0.0],
                [0.0, -0.0, 0.0],
                [-0.006349, -0.071429, 0.006349],
                [-0.033078, 0.070391, 0.033078],
                [-0.014799, -0.063668, 0.014799],
                [-0.038099, -0.031594, 0.038099],
                [0.027245, 0.01921, -0.027245],
                [-0.027245, -0.01921, 0.027245],
                [0.038099, 0.031594, -0.038099],
                [0.014799, 0.063668, -0.014799],
                [0.033078, -0.070391, -0.033078]
            ]
        }
    },
    "atom_type": [
        "N",
        "N",
        "N",
        "N",
        "Zr",
        "Zr",
        "Zr",
        "Zr",
        "Zr",
        "Zr",
        "Zr",
        "Zr"
    ],
    "coordinate_mode": "Direct",
    "global_properties": {
        "energy": {
            "value": -115.83968
        }
    },
    "lattice_vectors": [
        [2.3412366637479085, 0.0, 2.3412366637479085],
        [2.3210806334494145, 4.458978613615572, -2.3210806334494145],
        [-7.032967913857633, 4.527198887343976, 7.032967913857633]
    ]
}