{
    "atom_coords": [
        [0.3558554456563101, 0.2131234202300902, 0.9259779264564969],
        [0.9298588543436921, 0.3583051797699071, 0.2168791735435036],
        [0.0088387549257547, 0.0156860282149367, 0.0047148102968748],
        [0.57894099210489, 0.1439274628328135, 0.274356140506562],
        [0.1428571000000005, 0.2857143000000022, 0.5714285999999973],
        [0.7067733078951051, 0.4275010371671897, 0.8685010594934397],
        [0.2768755450742475, 0.5557425717850606, 0.1381422897031257],
        [0.8578575506789221, 0.7061036796443503, 0.4305528021887142],
        [0.4278567493210801, 0.865324920355647, 0.7123042978112863]
    ],
    "atom_properties": {
        "force": {
            "value": [
                [-0.022821, -0.048325, -0.051153],
                [0.022821, 0.048325, 0.051153],
                [-0.028731, -0.016538, -0.049467],
                [0.10322, -0.076958, -0.01439],
                [-0.0, 0.0, 0.0],
                [-0.10322, 0.076958, 0.01439],
                [0.028731, 0.016538, 0.049467],
                [-0.041677, 0.020293, -0.07378],
                [0.041677, -0.020293, 0.07378]
            ]
        }
    },
    "atom_type": [
        "N",
        "N",
        "Zr",
        "Zr",
        "Zr",
        "Zr",
        "Zr",
        "Zr",
        "Zr"
    ],
    "coordinate_mode": "Direct",
    "global_properties": {
        "energy": {
            "value": -83.293272
        }
    },
    "lattice_vectors": [
        [2.314942078418636, -4.615824824656572, -2.3023611494008556],
        [-4.623603681610356, -2.283731679028299, 2.260897548980454],
        [-2.322746666627275, 2.276421964131433, -4.550485351173499]
    ]
}