{
    "atom_coords": [
        [0.1877356659322089, 0.063583311582704, 0.3754713318644178],
        [0.3124056090355296, 0.4367598021240013, 0.6248112180710592],
        [0.4372704920522423, 0.8131435467483925, 0.8745409841044918],
        [0.5625, 0.1875, 0.125],
        [0.6877295079477577, 0.5618564532516075, 0.3754590158955082],
        [0.8125943909644704, 0.9382401978759987, 0.6251887819289408],
        [0.9372643340677911, 0.311416688417296, 0.8745286681355822],
        [0.9989597090210651, 0.0064858865903759, 0.9979194180421445],
        [0.1260402909789349, 0.3685141134096241, 0.2520805819578555],
        [0.2485531613370497, 0.7482463726124919, 0.4971063226741066],
        [0.3759749485014794, 0.1234030556388532, 0.7519498970029588],
        [0.4974013710789222, 0.4925045383747175, 0.9948027421578374],
        [0.6275986289210778, 0.8824954616252825, 0.2551972578421626],
        [0.7490250514985206, 0.2515969443611468, 0.4980501029970412],
        [0.8764468386629503, 0.6267536273875081, 0.7528936773258934]
    ],
    "atom_properties": {
        "force": {
            "value": [
                [0.044997, -0.003336, 0.044997],
                [0.007476, -0.008142, 0.007476],
                [-0.007727, 0.021749, -0.007727],
                [0.0, -0.0, 0.0],
                [0.007727, -0.021749, 0.007727],
                [-0.007476, 0.008142, -0.007476],
                [-0.044997, 0.003336, -0.044997],
                [0.005392, 0.057907, 0.005392],
                [-0.005392, -0.057907, -0.005392],
                [-0.017531, -0.015833, -0.017531],
                [0.005343, -0.052009, 0.005343],
                [-0.023154, -0.047279, -0.023154],
                [0.023154, 0.047279, 0.023154],
                [-0.005343, 0.052009, -0.005343],
                [0.017531, 0.015833, 0.017531]
            ]
        }
    },
    "atom_type": [
        "N",
        "N",
        "N",
        "N",
        "N",
        "N",
        "N",
        "Zr",
        "Zr",
        "Zr",
        "Zr",
        "Zr",
        "Zr",
        "Zr",
        "Zr"
    ],
    "coordinate_mode": "Direct",
    "global_properties": {
        "energy": {
            "value": -151.49604
        }
    },
    "lattice_vectors": [
        [2.3051393188812024, 0.0, -2.3051393188812024],
        [2.302099731678941, 4.598086163160288, 2.302099731678941],
        [4.583981905449588, -6.87839029594683, 6.889121224330789]
    ]
}