{
    "atom_coords": [
        [0.25, 0.120741643318361, 0.629258356681639],
        [0.75, 0.875, 0.875],
        [0.25, 0.629258356681639, 0.120741643318361],
        [0.0027925879360922, 0.9929855259156213, 0.9929855259156213],
        [0.9978533746313403, 0.5082170268511987, 0.0032327216917167],
        [0.4884541996148926, 0.2550889671113197, 0.2550889671113197],
        [0.5021466253686597, 0.7467672783082833, 0.2417829731488013],
        [0.0115458003851074, 0.4949110328886803, 0.4949110328886803],
        [0.9978533746313403, 0.0032327216917167, 0.5082170268511987],
        [0.4972074120639078, 0.7570144740843787, 0.7570144740843787],
        [0.5021466253686597, 0.2417829731488013, 0.7467672783082833]
    ],
    "atom_properties": {
        "force": {
            "value": [
                [-0.0, -0.059812, 0.059812],
                [-0.0, -0.0, -0.0],
                [-0.0, 0.059812, -0.059812],
                [0.000125, 0.041604, 0.041604],
                [0.002626, -0.01422, 0.02348],
                [-0.10913, 0.013092, 0.013092],
                [-0.002626, -0.02348, 0.01422],
                [0.10913, -0.013092, -0.013092],
                [0.002626, 0.02348, -0.01422],
                [-0.000125, -0.041604, -0.041604],
                [-0.002626, 0.01422, -0.02348]
            ]
        }
    },
    "atom_type": [
        "N",
        "N",
        "N",
        "Zr",
        "Zr",
        "Zr",
        "Zr",
        "Zr",
        "Zr",
        "Zr",
        "Zr"
    ],
    "coordinate_mode": "Direct",
    "global_properties": {
        "energy": {
            "value": -103.67456
        }
    },
    "lattice_vectors": [
        [4.627336308173262, -2.314103629455032, -2.314103629455032],
        [4.567928030172254, 4.579165902048593, -0.0698864579950879],
        [4.567928030172254, -0.0698864579950879, 4.579165902048593]
    ]
}