{
    "atom_coords": [
        [0.3759527220163648, 0.7519054440327295, 0.0623433043315273],
        [0.6240472779836352, 0.2480945559672705, 0.9376566956684727],
        [0.1261217863876425, 0.2522435727752779, 0.6877969914375299],
        [0.3750662625630881, 0.7501325251261761, 0.5626935171097287],
        [0.6249337374369119, 0.2498674748738239, 0.4373064828902713],
        [0.8738782136123575, 0.7477564272247221, 0.3122030085624701],
        [0.0, 0.0, 0.0],
        [0.2411640298188473, 0.4823280596376236, 0.8796425943789075],
        [0.5064683666379111, 0.012936733275879, 0.7455880908023431],
        [0.7453821623286672, 0.4907643246572775, 0.6208185633666474],
        [0.0, 0.0, 0.5],
        [0.2546178376713328, 0.5092356753427225, 0.3791814366333526],
        [0.4935316333620889, 0.987063266724121, 0.2544119091976569],
        [0.7588359701811527, 0.5176719403623764, 0.1203574056210925]
    ],
    "atom_properties": {
        "force": {
            "value": [
                [-0.025825, 0.025825, 0.009644],
                [0.025825, -0.025825, -0.009644],
                [-0.038878, 0.038878, 0.018217],
                [0.010854, -0.010854, -0.008753],
                [-0.010854, 0.010854, 0.008753],
                [0.038878, -0.038878, -0.018217],
                [0.0, 0.0, 0.0],
                [0.020327, -0.020327, -0.010458],
                [0.008169, -0.008169, -0.011839],
                [-0.03646, 0.03646, 0.039495],
                [0.0, 0.0, 0.0],
                [0.03646, -0.03646, -0.039495],
                [-0.008169, 0.008169, 0.011839],
                [-0.020327, 0.020327, 0.010458]
            ]
        }
    },
    "atom_type": [
        "N",
        "N",
        "N",
        "N",
        "N",
        "N",
        "Zr",
        "Zr",
        "Zr",
        "Zr",
        "Zr",
        "Zr",
        "Zr",
        "Zr"
    ],
    "coordinate_mode": "Direct",
    "global_properties": {
        "energy": {
            "value": -139.85262
        }
    },
    "lattice_vectors": [
        [2.3079924049825324, 2.3079924050297795, 1.7424e-12],
        [-4.621263906123122, 2.3132715112650595, 2.2947132700539083],
        [4.610376921768244, -4.6103769218545985, 9.141686672171339]
    ]
}