{
    "atom_coords": [
        [0.5, 0.0, 0.5],
        [0.0, 0.0, 0.0],
        [0.7166745464542927, 0.4333490929086068, 0.8623276947930378],
        [0.4271251999932275, 0.8542504999864491, 0.7169352646905196],
        [0.1362828358057371, 0.2725657716114256, 0.5709979866792665],
        [0.8637171641942629, 0.7274342283885744, 0.4290020133207335],
        [0.5728748000067725, 0.1457495000135509, 0.2830647353094804],
        [0.2833254535457073, 0.5666509070914003, 0.1376723052069622]
    ],
    "atom_properties": {
        "force": {
            "value": [
                [0.0, -0.0, 0.0],
                [0.0, -0.0, 0.0],
                [0.021663, 0.021663, 0.035129],
                [-0.029046, -0.029046, 0.058594],
                [-0.120424, -0.120424, 0.064694],
                [0.120424, 0.120424, -0.064694],
                [0.029046, 0.029046, -0.058594],
                [-0.021663, -0.021663, -0.035129]
            ]
        }
    },
    "atom_type": [
        "N",
        "Zr",
        "Zr",
        "Zr",
        "Zr",
        "Zr",
        "Zr",
        "Zr"
    ],
    "coordinate_mode": "Direct",
    "global_properties": {
        "energy": {
            "value": -71.327043
        }
    },
    "lattice_vectors": [
        [2.2895178305719748, -2.28951783059261, 1.14167e-11],
        [2.279086408824001, 4.568604229454718, -2.274949530112208],
        [2.2923123527320013, 2.2923123527068276, 9.128686155275492]
    ]
}