{
    "atom_coords": [
        [0.0057280715635599, 0.4905948787835115, 0.4979489780893971],
        [0.6000000000000014, 0.7000000000000028, 0.1000000000000014],
        [0.1942719284364429, 0.9094051212164871, 0.7020510219106058],
        [0.005226919013829, 0.9788167004051047, 0.0107294615669673],
        [0.6000000000000014, 0.2000000000000028, 0.6000000000000014],
        [0.1947730809861739, 0.4211832995948939, 0.1892705384330355],
        [0.7921945797213823, 0.6254812687024796, 0.7901295718550259],
        [0.4078054202786134, 0.774518731297519, 0.4098704281449699]
    ],
    "atom_properties": {
        "force": {
            "value": [
                [-0.023202, 0.023202, -0.052009],
                [-0.0, 0.0, -0.0],
                [0.023202, -0.023202, 0.052009],
                [-0.030026, 0.030026, 0.05389],
                [-0.0, 0.0, -0.0],
                [0.030026, -0.030026, -0.05389],
                [-0.01606, 0.01606, 0.007351],
                [0.01606, -0.01606, -0.007351]
            ]
        }
    },
    "atom_type": [
        "N",
        "N",
        "N",
        "Zr",
        "Zr",
        "Zr",
        "Zr",
        "Zr"
    ],
    "coordinate_mode": "Direct",
    "global_properties": {
        "energy": {
            "value": -78.588467
        }
    },
    "lattice_vectors": [
        [2.3314400486133167, 2.331440048461498, 5.13958e-11],
        [-2.350895214601625, 4.682335252787376, 2.209165528572867],
        [2.3746507316900862, -0.0432106829253704, 6.737307507130259]
    ]
}