{
    "atom_coords": [
        [0.838389435473907, 0.6767789709478436, 0.6684747656298953],
        [0.161610564526093, 0.3232210290521564, 0.3315252343701047],
        [0.0, 0.0, 0.0],
        [0.6785925488516824, 0.3571849977034063, 0.836621623479104],
        [0.3300833469773607, 0.6601667939547227, 0.6539855781806097],
        [0.0, 0.0, 0.5],
        [0.6699166530226393, 0.3398332060452773, 0.3460144218193903],
        [0.3214074511483176, 0.6428150022965937, 0.163378376520896]
    ],
    "atom_properties": {
        "force": {
            "value": [
                [0.0, -0.001478, 0.000202],
                [-0.0, 0.001478, -0.000202],
                [0.0, -0.0, 0.0],
                [-0.0, 0.065114, 0.043019],
                [-0.0, 0.013966, 0.021983],
                [0.0, -0.0, 0.0],
                [0.0, -0.013966, -0.021983],
                [0.0, -0.065114, -0.043019]
            ]
        }
    },
    "atom_type": [
        "N",
        "N",
        "Zr",
        "Zr",
        "Zr",
        "Zr",
        "Zr",
        "Zr"
    ],
    "coordinate_mode": "Direct",
    "global_properties": {
        "energy": {
            "value": -74.997401
        }
    },
    "lattice_vectors": [
        [4.550098397880341, -1.71015e-11, -1.0748e-12],
        [-2.275049203923651, 4.615116403735479, 2.2823228365493327],
        [1.66013e-11, -4.6433761887612635, 4.6205098758249505]
    ]
}