{
    "atom_coords": [
        [0.4367854655140633, 0.8157429739210542, 0.8735709310281266],
        [0.6875, 0.5625, 0.375],
        [0.9382145344859367, 0.3092570260789458, 0.8764290689718734],
        [0.9973125464647268, 0.9993959126636156, 0.9946250929294536],
        [0.129035345197849, 0.3821282503683818, 0.258070690395698],
        [0.245964654802151, 0.7428717496316182, 0.491929309604302],
        [0.3776874535352732, 0.1256040873363844, 0.7553749070705464],
        [0.4964942119279598, 0.5032470920609029, 0.9929884238559339],
        [0.6263653353203509, 0.8739643551428031, 0.2527306706407089],
        [0.7486346646796491, 0.2510356448571969, 0.4972693293592911],
        [0.8785057880720402, 0.6217529079390971, 0.7570115761440661]
    ],
    "atom_properties": {
        "force": {
            "value": [
                [-0.043468, 0.031341, -0.043468],
                [-0.0, 0.0, 0.0],
                [0.043468, -0.031341, 0.043468],
                [0.006096, -0.00688, 0.006096],
                [-0.023003, 0.002669, -0.023003],
                [0.023003, -0.002669, 0.023003],
                [-0.006096, 0.00688, -0.006096],
                [0.032086, 0.086263, 0.032086],
                [-0.01611, 0.05197, -0.01611],
                [0.01611, -0.05197, 0.01611],
                [-0.032086, -0.086263, -0.032086]
            ]
        }
    },
    "atom_type": [
        "N",
        "N",
        "N",
        "Zr",
        "Zr",
        "Zr",
        "Zr",
        "Zr",
        "Zr",
        "Zr",
        "Zr"
    ],
    "coordinate_mode": "Direct",
    "global_properties": {
        "energy": {
            "value": -103.7906
        }
    },
    "lattice_vectors": [
        [2.3000334490869103, 0.0, -2.3000334490869103],
        [2.306260659691419, 4.672019027725215, 2.306260659691419],
        [4.517079222102785, -6.909576870070033, 6.817112671189696]
    ]
}