{
    "atom_coords": [
        [0.75, 0.125, 0.6875],
        [0.7485013920513026, 0.6273283178711182, 0.9361226631710124],
        [0.2501136964121358, 0.3772930608342477, 0.0617349473804296],
        [0.2498863035878642, 0.8727069391657523, 0.3132650526195704],
        [0.7514986079486974, 0.6226716821288818, 0.4388773368289876],
        [0.0044642915393496, 0.0080277836756295, 0.0047530864450991],
        [0.4969891091120644, 0.7275145868329176, 0.1311652346984786],
        [0.0030108908879356, 0.5224854131670824, 0.2438347653015214],
        [0.4955357084606504, 0.2419722163243705, 0.3702469135549009],
        [0.9994651295223491, 0.9851213693402272, 0.503424158648798],
        [0.5225336321343548, 0.7689020879767767, 0.6246171502053315],
        [0.9774663678656452, 0.4810979120232233, 0.7503828497946685],
        [0.5005348704776509, 0.2648786306597728, 0.871575841351202]
    ],
    "atom_properties": {
        "force": {
            "value": [
                [0.0, 0.0, 0.0],
                [0.045687, 0.016688, 0.035884],
                [-0.023449, 0.028515, -0.020787],
                [0.023449, -0.028515, 0.020787],
                [-0.045687, -0.016688, -0.035884],
                [0.002709, -0.01079, 0.072378],
                [0.007649, -0.03083, -0.017999],
                [-0.007649, 0.03083, 0.017999],
                [-0.002709, 0.01079, -0.072378],
                [0.088142, -0.015901, -0.035203],
                [-0.060175, 0.022613, -0.005372],
                [0.060175, -0.022613, 0.005372],
                [-0.088142, 0.015901, 0.035203]
            ]
        }
    },
    "atom_type": [
        "N",
        "N",
        "N",
        "N",
        "N",
        "Zr",
        "Zr",
        "Zr",
        "Zr",
        "Zr",
        "Zr",
        "Zr",
        "Zr"
    ],
    "coordinate_mode": "Direct",
    "global_properties": {
        "energy": {
            "value": -128.14607
        }
    },
    "lattice_vectors": [
        [2.3282662728814394, 2.341255338739027, -4.572967106035673],
        [-2.321751478492276, 4.681344365388228, 2.289116289784789],
        [4.585178148800308, -0.0066250949870976, 4.533238102075633]
    ]
}