{
    "atom_coords": [
        [0.7496477137794457, 0.2496477137794457, 0.4992954275588843],
        [0.0003522862205543, 0.5003522862205543, 0.0007045724411157],
        [0.2496477137794457, 0.7496477137794457, 0.4992954275588843],
        [0.375, 0.375, 0.75],
        [0.5003522862205543, 0.0003522862205543, 0.0007045724411157],
        [0.0027234194892856, 0.0027234194892856, 0.0054468389785285],
        [0.125, 0.625, 0.25],
        [0.2532723841020186, 0.2532723841020186, 0.5065447682039945],
        [0.375, 0.875, 0.75],
        [0.4967276158979814, 0.4967276158979814, 0.9934552317960055],
        [0.625, 0.125, 0.25],
        [0.7472765805107144, 0.7472765805107144, 0.4945531610214715],
        [0.875, 0.375, 0.75]
    ],
    "atom_properties": {
        "force": {
            "value": [
                [0.0, 0.0, -0.024645],
                [-0.0, -0.0, 0.024645],
                [0.0, 0.0, -0.024645],
                [0.0, -0.0, -0.0],
                [-0.0, -0.0, 0.024645],
                [-0.0, -0.0, 0.015175],
                [-0.0, 0.0, -0.0],
                [-0.0, -0.0, 0.038935],
                [0.0, -0.0, -0.0],
                [0.0, 0.0, -0.038935],
                [0.0, -0.0, -0.0],
                [0.0, 0.0, -0.015175],
                [0.0, -0.0, -0.0]
            ]
        }
    },
    "atom_type": [
        "N",
        "N",
        "N",
        "N",
        "N",
        "Zr",
        "Zr",
        "Zr",
        "Zr",
        "Zr",
        "Zr",
        "Zr",
        "Zr"
    ],
    "coordinate_mode": "Direct",
    "global_properties": {
        "energy": {
            "value": -127.40125
        }
    },
    "lattice_vectors": [
        [4.592107953346007, 0.0, -6.4307e-12],
        [0.0, 4.592107953346007, -6.4307e-12],
        [-2.2960539816974292, -2.2960539816974292, 9.186761388466486]
    ]
}