{
    "atom_coords": [
        [0.25, 0.25, 0.7495473254889049],
        [0.75, 0.25, 0.5005515148294322],
        [0.75, 0.75, 0.2500999777591417],
        [0.25, 0.25, 0.2531272592607365],
        [0.008488762872787, 0.0012350634879041, 0.0051686586624555],
        [0.491511237127213, 0.4987649365120959, 0.0051686586624555],
        [0.4956295935973785, 0.0135077960598338, 0.7456195879517509],
        [0.0043704064026215, 0.4864922039401662, 0.7456195879517509],
        [0.9996813611780411, 0.0122791233091064, 0.4927832476207286],
        [0.5003186388219589, 0.4877208766908936, 0.4927832476207286],
        [0.5099214589229035, 0.0030775036479653, 0.2547654670959574],
        [0.9900785410770965, 0.4969224963520347, 0.2547654670959574]
    ],
    "atom_properties": {
        "force": {
            "value": [
                [0.017852, -0.017852, 0.0],
                [-0.038941, 0.038941, 0.0],
                [0.039706, -0.039706, 0.0],
                [0.004892, -0.004892, 0.0],
                [-0.028273, -0.002406, -0.176467],
                [0.002406, 0.028273, 0.176467],
                [-0.007667, 0.04251, 0.053818],
                [-0.04251, 0.007667, -0.053818],
                [0.030657, 0.034125, -0.036166],
                [-0.034125, -0.030657, 0.036166],
                [0.055632, -0.00037, -0.062076],
                [0.00037, -0.055632, 0.062076]
            ]
        }
    },
    "atom_type": [
        "N",
        "N",
        "N",
        "N",
        "Zr",
        "Zr",
        "Zr",
        "Zr",
        "Zr",
        "Zr",
        "Zr",
        "Zr"
    ],
    "coordinate_mode": "Direct",
    "global_properties": {
        "energy": {
            "value": -115.839
        }
    },
    "lattice_vectors": [
        [-2.3119656755073, -2.3119656755073, -4.589443836891628],
        [-2.2930896687503814, -2.2930896687503814, 4.570446488045641],
        [-4.615278202822897, 4.615278202822897, 0.0]
    ]
}