{
    "atom_coords": [
        [0.0, 0.5, 0.25],
        [0.5, 0.0, 0.6239685558774255],
        [0.0, 0.5, 0.75],
        [0.5, 0.0, 0.8760314441225745],
        [0.0, 0.0, 0.9955247940172782],
        [0.5, 0.5, 0.132897952946152],
        [0.0, 0.0, 0.25],
        [0.5, 0.5, 0.367102047053848],
        [0.0, 0.0, 0.5044752059827218],
        [0.5, 0.5, 0.628589230353036],
        [0.0, 0.0, 0.75],
        [0.5, 0.5, 0.871410769646964]
    ],
    "atom_properties": {
        "force": {
            "value": [
                [-0.0, 0.0, 0.0],
                [0.027254, 0.0, -0.027254],
                [-0.0, 0.0, 0.0],
                [-0.027254, 0.0, 0.027254],
                [0.061844, 0.0, -0.061844],
                [0.026151, 0.0, -0.026151],
                [-0.0, 0.0, 0.0],
                [-0.026151, 0.0, 0.026151],
                [-0.061844, 0.0, 0.061844],
                [-0.048257, 0.0, 0.048257],
                [0.0, 0.0, 0.0],
                [0.048257, 0.0, -0.048257]
            ]
        }
    },
    "atom_type": [
        "N",
        "N",
        "N",
        "N",
        "Zr",
        "Zr",
        "Zr",
        "Zr",
        "Zr",
        "Zr",
        "Zr",
        "Zr"
    ],
    "coordinate_mode": "Direct",
    "global_properties": {
        "energy": {
            "value": -115.72395
        }
    },
    "lattice_vectors": [
        [2.322847439269253, 0.0, 2.322847439269253],
        [0.0, 4.574879835312724, 0.0],
        [-9.169874789473775, 0.0, 9.169874789473775]
    ]
}