{
    "atom_coords": [
        [0.7857077496694203, 0.7857077496694203, 0.6428767509917321],
        [0.0714351503305792, 0.0714351503305792, 0.7856946490082706],
        [0.3573326740729641, 0.3573326740729641, 0.9280020777811018],
        [0.4998102259270354, 0.4998102259270354, 0.5005693222189009],
        [0.0003287794102533, 0.0003287794102533, 0.9990136617692329],
        [0.1434664681566247, 0.1434664681566247, 0.5696004955301248],
        [0.2853296362057947, 0.2853296362057947, 0.1440110913826445],
        [0.4285714000000027, 0.4285714000000027, 0.7142856999999978],
        [0.5718132637942048, 0.5718132637942048, 0.2845603086173583],
        [0.7136763318433736, 0.7136763318433736, 0.858971004469872],
        [0.8568141205897462, 0.8568141205897462, 0.4295577382307698]
    ],
    "atom_properties": {
        "force": {
            "value": [
                [0.019113, -0.019113, -0.019113],
                [-0.019113, 0.019113, 0.019113],
                [-0.022366, 0.022366, 0.022366],
                [0.022366, -0.022366, -0.022366],
                [0.014453, -0.014453, -0.014453],
                [-0.016682, 0.016682, 0.016682],
                [-0.070954, 0.070954, 0.070954],
                [0.0, -0.0, -0.0],
                [0.070954, -0.070954, -0.070954],
                [0.016682, -0.016682, -0.016682],
                [-0.014453, 0.014453, 0.014453]
            ]
        }
    },
    "atom_type": [
        "N",
        "N",
        "N",
        "N",
        "Zr",
        "Zr",
        "Zr",
        "Zr",
        "Zr",
        "Zr",
        "Zr"
    ],
    "coordinate_mode": "Direct",
    "global_properties": {
        "energy": {
            "value": -106.94404
        }
    },
    "lattice_vectors": [
        [2.291689352990655, -1.2097e-12, 2.291689352988235],
        [2.291689352990655, 2.291689352988235, -1.2097e-12],
        [-9.18064620389294, 11.47233554686141, 11.47233554686141]
    ]
}