{
    "atom_coords": [
        [0.0, 0.7464406083837432, 0.75],
        [0.5, 0.0001716870929798, 0.4992842646107434],
        [0.5, 0.0001716870929798, 0.0007157353892566],
        [0.0, 0.2499580586165422, 0.75],
        [0.0, 0.2493247550675193, 0.25],
        [0.0, 0.0064213800932293, 0.9944728473063478],
        [0.0, 0.0064213800932293, 0.5055271526936522],
        [0.5, 0.239812090908309, 0.25],
        [0.5, 0.2365331168608051, 0.75],
        [0.0, 0.4967376064631139, 0.5037390514377762],
        [0.0, 0.4967376064631139, 0.9962609485622238],
        [0.5, 0.7633885641838845, 0.75],
        [0.5, 0.7578814586805294, 0.25]
    ],
    "atom_properties": {
        "force": {
            "value": [
                [0.0, -0.026034, -0.026034],
                [0.0, -0.036782, -0.011475],
                [0.0, -0.011475, -0.036782],
                [0.0, 0.036324, 0.036324],
                [0.0, 0.068232, 0.068232],
                [0.0, -0.006595, -0.016677],
                [0.0, -0.016677, -0.006595],
                [0.0, -0.050885, -0.050885],
                [0.0, 0.006912, 0.006912],
                [0.0, 0.014782, -0.009419],
                [0.0, -0.009419, 0.014782],
                [0.0, 0.017058, 0.017058],
                [0.0, 0.014559, 0.014559]
            ]
        }
    },
    "atom_type": [
        "N",
        "N",
        "N",
        "N",
        "N",
        "Zr",
        "Zr",
        "Zr",
        "Zr",
        "Zr",
        "Zr",
        "Zr",
        "Zr"
    ],
    "coordinate_mode": "Direct",
    "global_properties": {
        "energy": {
            "value": -127.94909
        }
    },
    "lattice_vectors": [
        [-4.58460620793415, 0.0, 0.0],
        [0.0, 4.603400490662754, 4.603400490662754],
        [0.0, 4.61636890788886, -4.61636890788886]
    ]
}