{
    "atom_coords": [
        [0.5, 0.9972721753975762, 0.0],
        [0.0, 0.2498223894995562, 0.749139920020724],
        [0.0, 0.2498223894995562, 0.250860079979276],
        [0.0, 0.0141448874950356, 0.0],
        [0.0, 0.00826951048154, 0.5],
        [0.5, 0.244256567839237, 0.2428956913322438],
        [0.5, 0.244256567839237, 0.7571043086677562],
        [0.0, 0.492861132622707, 0.5],
        [0.0, 0.4917549930772509, 0.0],
        [0.5, 0.7537696931241413, 0.751755188349172],
        [0.5, 0.7537696931241413, 0.248244811650828]
    ],
    "atom_properties": {
        "force": {
            "value": [
                [0.0, -0.057667, -0.057667],
                [-0.0, 0.024726, 0.030834],
                [0.0, 0.030834, 0.024726],
                [0.0, 0.037051, 0.037051],
                [0.0, -0.020998, -0.020998],
                [0.0, -0.034721, -0.008378],
                [0.0, -0.008378, -0.034721],
                [0.0, -0.003227, -0.003227],
                [0.0, 0.014714, 0.014714],
                [0.0, -0.019231, 0.036896],
                [0.0, 0.036896, -0.019231]
            ]
        }
    },
    "atom_type": [
        "N",
        "N",
        "N",
        "Zr",
        "Zr",
        "Zr",
        "Zr",
        "Zr",
        "Zr",
        "Zr",
        "Zr"
    ],
    "coordinate_mode": "Direct",
    "global_properties": {
        "energy": {
            "value": -103.62349
        }
    },
    "lattice_vectors": [
        [-4.597029100147952, 0.0, 0.0],
        [0.0, 4.58162906477358, 4.58162906477358],
        [0.0, 4.599620428384055, -4.599620428384055]
    ]
}