{
    "atom_coords": [
        [0.5, 0.7495179837185475, 0.9985081484154819],
        [0.0, 0.875, 0.75],
        [0.5, 0.0004820162814525, 0.5014918515845181],
        [0.0, 0.9900924020306974, 0.0002162164913173],
        [0.5, 0.1114612186511934, 0.7442238982788822],
        [0.0, 0.2396144121434247, 0.4939155092547978],
        [0.5, 0.375, 0.25],
        [0.0, 0.5103855878565753, 0.0060844907452022],
        [0.5, 0.6385387813488066, 0.7557761017211178],
        [0.0, 0.7599075979693026, 0.4997837835086827],
        [0.5, 0.875, 0.25]
    ],
    "atom_properties": {
        "force": {
            "value": [
                [0.015232, -0.015232, 0.002164],
                [-0.0, 0.0, 0.0],
                [-0.015232, 0.015232, -0.002164],
                [-0.005627, 0.005627, 0.078394],
                [-0.024719, 0.024719, 0.030962],
                [-0.048076, 0.048076, -0.09725],
                [-0.0, 0.0, 0.0],
                [0.048076, -0.048076, 0.09725],
                [0.024719, -0.024719, -0.030962],
                [0.005627, -0.005627, -0.078394],
                [-0.0, 0.0, 0.0]
            ]
        }
    },
    "atom_type": [
        "N",
        "N",
        "N",
        "Zr",
        "Zr",
        "Zr",
        "Zr",
        "Zr",
        "Zr",
        "Zr",
        "Zr"
    ],
    "coordinate_mode": "Direct",
    "global_properties": {
        "energy": {
            "value": -103.80148
        }
    },
    "lattice_vectors": [
        [2.3096146508285424, 2.3096146508285424, 0.0],
        [-4.5781334675097085, 4.5781334675097085, -0.026574987589607],
        [2.3157180860903135, -2.3157180860903135, 9.196641951381936]
    ]
}