{
    "atom_coords": [
        [0.75, 0.0, 0.75],
        [0.9943706319258325, 7.1e-15, 0.994781347852232],
        [0.1635612436083562, 0.6726087370190612, 0.4958112099468295],
        [0.3364387563916438, 0.3273912629809388, 0.0041887900531705],
        [0.5056293680741675, 0.9999999999999929, 0.505218652147768],
        [0.6638301193725908, 0.6726087370190683, 0.0041887900531563],
        [0.8361698806274092, 0.3273912629809317, 0.4958112099468437]
    ],
    "atom_properties": {
        "force": {
            "value": [
                [0.0, 0.0, 0.0],
                [-0.122089, -0.008096, 0.008096],
                [-0.01738, 0.024627, 0.0356],
                [0.01738, -0.024627, -0.0356],
                [0.122089, 0.008096, -0.008096],
                [0.01738, 0.0356, 0.024627],
                [-0.01738, -0.0356, -0.024627]
            ]
        }
    },
    "atom_type": [
        "N",
        "Zr",
        "Zr",
        "Zr",
        "Zr",
        "Zr",
        "Zr"
    ],
    "coordinate_mode": "Direct",
    "global_properties": {
        "energy": {
            "value": -62.836765
        }
    },
    "lattice_vectors": [
        [4.599530747632906, 2.2706927272918853, -2.2706927272923525],
        [2.2997653788343513, 4.550078839087609, 2.279386121705384],
        [4.618338742356819, -2.2894072604425264, 2.2894072603572218]
    ]
}