{
    "atom_coords": [
        [0.0646541171028403, 0.5587463243187045, 0.3119454414756149],
        [0.686981171448366, 0.185192115535969, 0.4408455415672918],
        [0.3119256478709644, 0.8097752029007452, 0.566373501357333],
        [0.9380743521290356, 0.4402247970992548, 0.683626498642667],
        [0.563018828551634, 0.064807884464031, 0.8091544584327082],
        [0.1853458828971597, 0.6912536756812955, 0.9380545585243851],
        [0.0005155196589897, 0.0093488161776207, 0.9896201445043928],
        [0.625, 0.625, 0.125],
        [0.2494844803410103, 0.2406511838223793, 0.2603798554956072],
        [0.8730736567336024, 0.8704373965324237, 0.3834152900003787],
        [0.5029699303763593, 0.4994141634399725, 0.4946459758073019],
        [0.125, 0.125, 0.625],
        [0.7470300696236407, 0.7505858365600275, 0.7553540241926981],
        [0.3769263432663976, 0.3795626034675763, 0.8665847099996213]
    ],
    "atom_properties": {
        "force": {
            "value": [
                [-0.013659, -0.108401, 0.013659],
                [-0.005092, -0.051596, 0.005092],
                [-0.001257, -0.039557, 0.001257],
                [0.001257, 0.039557, -0.001257],
                [0.005092, 0.051596, -0.005092],
                [0.013659, 0.108401, -0.013659],
                [-0.045428, 0.044404, 0.045428],
                [-0.0, -0.0, -0.0],
                [0.045428, -0.044404, -0.045428],
                [0.008651, -0.02489, -0.008651],
                [0.012566, -0.060664, -0.012566],
                [-0.0, -0.0, -0.0],
                [-0.012566, 0.060664, 0.012566],
                [-0.008651, 0.02489, 0.008651]
            ]
        }
    },
    "atom_type": [
        "N",
        "N",
        "N",
        "N",
        "N",
        "N",
        "Zr",
        "Zr",
        "Zr",
        "Zr",
        "Zr",
        "Zr",
        "Zr",
        "Zr"
    ],
    "coordinate_mode": "Direct",
    "global_properties": {
        "energy": {
            "value": -139.51493
        }
    },
    "lattice_vectors": [
        [2.308392057127345, 0.0, 2.308392057127345],
        [2.323948407149698, 6.818991308726919, -0.0155563500223532],
        [-4.646974384973347, 2.2566894545714478, 6.955366442100693]
    ]
}