{
    "atom_coords": [
        [0.0, 0.5, 0.2506659403605624],
        [0.5, 0.0, 0.3760492216761335],
        [0.0, 0.5, 0.5003007466824698],
        [0.5, 0.0, 0.6246992533175302],
        [0.0, 0.5, 0.7489507783238665],
        [0.5, 0.0, 0.8743340596394376],
        [0.0, 0.0, 0.9959371314982022],
        [0.5, 0.5, 0.1290628685017978],
        [0.0, 0.0, 0.2528100256454024],
        [0.5, 0.5, 0.3706545713406868],
        [0.0, 0.0, 0.4991633437673499],
        [0.5, 0.5, 0.6258366562326501],
        [0.0, 0.0, 0.7543454286593132],
        [0.5, 0.5, 0.8721899743545976]
    ],
    "atom_properties": {
        "force": {
            "value": [
                [-0.012717, 0.0, 0.012717],
                [-0.063308, 0.0, 0.063308],
                [0.001756, 0.0, -0.001756],
                [-0.001756, 0.0, 0.001756],
                [0.063308, 0.0, -0.063308],
                [0.012717, 0.0, -0.012717],
                [0.07836, 0.0, -0.07836],
                [-0.07836, 0.0, 0.07836],
                [-0.069961, 0.0, 0.069961],
                [0.006344, 0.0, -0.006344],
                [-0.038189, 0.0, 0.038189],
                [0.038189, 0.0, -0.038189],
                [-0.006344, 0.0, 0.006344],
                [0.069961, 0.0, -0.069961]
            ]
        }
    },
    "atom_type": [
        "N",
        "N",
        "N",
        "N",
        "N",
        "N",
        "Zr",
        "Zr",
        "Zr",
        "Zr",
        "Zr",
        "Zr",
        "Zr",
        "Zr"
    ],
    "coordinate_mode": "Direct",
    "global_properties": {
        "energy": {
            "value": -139.48382
        }
    },
    "lattice_vectors": [
        [2.304808620283929, 0.0, 2.304808620283929],
        [0.0, 4.588450366631686, 0.0],
        [-9.211683320663088, 0.0, 9.211683320663088]
    ]
}