{
    "atom_coords": [
        [0.6666667000000004, 0.3333332999999996, 0.9171619244741933],
        [0.3333332999999996, 0.6666667000000004, 0.5826156698478826],
        [0.6666667000000004, 0.3333332999999996, 0.4174496114316923],
        [0.0, 0.0, 0.9958660060477769],
        [0.3333332999999996, 0.6666667000000004, 0.8378553152102981],
        [0.6666667000000004, 0.3333332999999996, 0.6644321631830081],
        [0.0, 0.0, 0.5004576072288103],
        [0.3333332999999996, 0.6666667000000004, 0.3331193949031075],
        [0.6666667000000004, 0.3333332999999996, 0.1677090076732455]
    ],
    "atom_properties": {
        "force": {
            "value": [
                [0.017694, 0.017694, 0.017694],
                [-0.029026, -0.029026, -0.029026],
                [0.026478, 0.026478, 0.026478],
                [-0.008664, -0.008664, -0.008664],
                [0.00064, 0.00064, 0.00064],
                [-0.036863, -0.036863, -0.036863],
                [-0.024097, -0.024097, -0.024097],
                [0.026552, 0.026552, 0.026552],
                [0.027285, 0.027285, 0.027285]
            ]
        }
    },
    "atom_type": [
        "N",
        "N",
        "N",
        "Zr",
        "Zr",
        "Zr",
        "Zr",
        "Zr",
        "Zr"
    ],
    "coordinate_mode": "Direct",
    "global_properties": {
        "energy": {
            "value": -86.612446
        }
    },
    "lattice_vectors": [
        [2.299475638532212, 0.0, -2.299475638532212],
        [-2.299475638532212, 2.299475638532212, 0.0],
        [9.203877876325809, 9.203877876325809, 9.203877876325809]
    ]
}