{
    "atom_coords": [
        [0.0, 0.5, 0.0],
        [0.0, 0.0, 0.0],
        [0.2049774531204847, 0.2049774531204775, 0.4099549062409693],
        [0.4037153535705258, 0.4037153535705258, 0.8074307071410658],
        [0.5962846464294742, 0.5962846464294813, 0.1925692928589342],
        [0.7950225468795153, 0.7950225468795225, 0.5900450937590307]
    ],
    "atom_properties": {
        "force": {
            "value": [
                [0.0, -0.0, 0.0],
                [0.0, -0.0, 0.0],
                [0.045973, -0.0, 0.045973],
                [0.042163, -0.0, 0.042163],
                [-0.042163, 0.0, -0.042163],
                [-0.045973, 0.0, -0.045973]
            ]
        }
    },
    "atom_type": [
        "N",
        "Zr",
        "Zr",
        "Zr",
        "Zr",
        "Zr"
    ],
    "coordinate_mode": "Direct",
    "global_properties": {
        "energy": {
            "value": -54.496839
        }
    },
    "lattice_vectors": [
        [2.289362181085948, 0.0, -2.289362181085948],
        [6.7582e-12, 4.5795282512356605, 6.7582e-12],
        [4.563350279055304, -2.28976413059818, 6.852712460141253]
    ]
}