{
    "atom_coords": [
        [0.1430525922715091, 0.2861052845430265, 0.927131143993364],
        [0.7140902077284892, 0.4281804154569784, 0.6442973560066392],
        [0.0012929538662334, 0.002585907732481, 0.0052327170190765],
        [0.5761252464867752, 0.1522503929735564, 0.7229338007121342],
        [0.145114310993911, 0.2902287219878303, 0.4350173873745149],
        [0.7120284890060873, 0.4240569780121746, 0.1364111126254883],
        [0.2810176535132243, 0.5620353070264414, 0.8484947992878631],
        [0.8558499461337661, 0.7116997922675168, 0.5661958829809208],
        [0.4285714000000027, 0.8571428999999995, 0.2857143000000022]
    ],
    "atom_properties": {
        "force": {
            "value": [
                [0.011015, 0.018204, 0.011015],
                [-0.011015, -0.018204, -0.011015],
                [0.044986, -0.114192, 0.044986],
                [0.022548, -0.040525, 0.022548],
                [0.013324, -0.004982, 0.013324],
                [-0.013324, 0.004982, -0.013324],
                [-0.022548, 0.040525, -0.022548],
                [-0.044986, 0.114192, -0.044986],
                [0.0, 0.0, -0.0]
            ]
        }
    },
    "atom_type": [
        "N",
        "N",
        "Zr",
        "Zr",
        "Zr",
        "Zr",
        "Zr",
        "Zr",
        "Zr"
    ],
    "coordinate_mode": "Direct",
    "global_properties": {
        "energy": {
            "value": -83.18708
        }
    },
    "lattice_vectors": [
        [2.2922408712316105, 0.0, -2.2922408712316105],
        [0.0060451268377461, 6.896864400780951, 2.2982859980693564],
        [4.586204684667565, -4.5905505543561445, 4.586204684667565]
    ]
}