{
    "atom_coords": [
        [0.254965988777009, 0.1223626770379198, 0.6267807765947708],
        [0.7470368919557373, 0.8772831590233352, 0.8755830445088861],
        [0.748860386081283, 0.3749041836154632, 0.87429764189352],
        [0.2518652119644216, 0.1232714728825783, 0.1244761362585152],
        [0.249193051271682, 0.6272887886317875, 0.123729084090634],
        [0.005883534503937, 0.0059279225484872, 0.9901069723219891],
        [0.9950261260643813, 0.4993299745122428, 0.0007876563176836],
        [0.4799249381021298, 0.2584692386793677, 0.2442637709020303],
        [0.4892540804627927, 0.7581128106405544, 0.2374316796022953],
        [0.00299012449765, 0.4917183877035143, 0.5030636893558338],
        [0.0112295033185106, 0.002126296475339, 0.5039876301324568],
        [0.5088826473780301, 0.7458425187404316, 0.7609106573433237],
        [0.5048875156224426, 0.2383625695089648, 0.759581260678047]
    ],
    "atom_properties": {
        "force": {
            "value": [
                [0.008249, -0.013551, -0.000152],
                [0.009561, -8.2e-05, 0.014175],
                [-0.000754, -0.008048, -0.006141],
                [-0.001833, 0.017617, -0.012116],
                [-0.03086, 0.025442, -0.010606],
                [0.006569, 0.00066, 0.043629],
                [0.004681, -0.002651, 0.027922],
                [-0.039491, 0.033304, -0.011869],
                [-0.050004, 0.038224, 0.027525],
                [0.004631, -0.038073, -0.009021],
                [0.068593, -0.033821, 0.001443],
                [0.032156, -0.001512, -0.027922],
                [-0.011497, -0.017509, -0.036866]
            ]
        }
    },
    "atom_type": [
        "N",
        "N",
        "N",
        "N",
        "N",
        "Zr",
        "Zr",
        "Zr",
        "Zr",
        "Zr",
        "Zr",
        "Zr",
        "Zr"
    ],
    "coordinate_mode": "Direct",
    "global_properties": {
        "energy": {
            "value": -127.89814
        }
    },
    "lattice_vectors": [
        [4.635902107506202, -2.3154722821002243, -2.286641680456413],
        [4.642778409332797, 4.6480950813197435, -0.0034669447723818],
        [4.629378504667215, 0.0099579706903794, 4.550322612350965]
    ]
}