{
    "atom_coords": [
        [0.3578940229494307, 0.7157879458988106, 0.9272073956416662],
        [0.7864672040366187, 0.5729344080732801, 0.6428421297547615],
        [0.498935424880429, 0.9978708497608437, 0.5012936104360719],
        [0.9938818667817202, 0.9877637335633835, 0.9997501209120045],
        [0.7257345510950017, 0.4514691021901385, 0.8594559948509612],
        [0.4194926285668288, 0.838985357133545, 0.709576127910239],
        [0.1402116148961383, 0.280423329792292, 0.5692241113101701],
        [0.863813398124357, 0.7276266962487199, 0.4336091163662843],
        [0.5738479591674519, 0.1476958183349026, 0.285234324723632],
        [0.2825785295020324, 0.5651570590040791, 0.1432355680942123]
    ],
    "atom_properties": {
        "force": {
            "value": [
                [0.081996, 0.081996, -0.004811],
                [-0.130394, -0.130394, -0.009888],
                [0.072919, 0.072919, -0.034318],
                [-0.006926, -0.006926, -0.043276],
                [-0.026305, -0.026305, 0.070765],
                [-0.004008, -0.004008, -0.048123],
                [-0.032839, -0.032839, 0.007846],
                [0.03098, 0.03098, -0.063277],
                [0.048134, 0.048134, -0.047203],
                [-0.033556, -0.033556, 0.172286]
            ]
        }
    },
    "atom_type": [
        "N",
        "N",
        "N",
        "Zr",
        "Zr",
        "Zr",
        "Zr",
        "Zr",
        "Zr",
        "Zr"
    ],
    "coordinate_mode": "Direct",
    "global_properties": {
        "energy": {
            "value": -95.327215
        }
    },
    "lattice_vectors": [
        [2.3128964074466385, -2.312896407435944, 7.537e-12],
        [2.285359931097412, 4.59825632843373, -2.282044046764484],
        [2.3084786447188157, 2.3084786446785723, 9.169658757435174]
    ]
}