{
    "atom_coords": [
        [0.5, 0.5, 0.2489297732645213],
        [0.0, 0.0, 0.3753596954275125],
        [0.0, 0.0, 0.6246403045724875],
        [0.5, 0.5, 0.7510702267354787],
        [0.0, 0.0, 0.0],
        [0.5, 0.5, 0.1218752841756867],
        [0.0, 0.0, 0.2534252827479619],
        [0.5, 0.5, 0.3724466181154611],
        [0.0, 0.0, 0.5],
        [0.5, 0.5, 0.6275533818845389],
        [0.0, 0.0, 0.7465747172520381],
        [0.5, 0.5, 0.8781247158243133]
    ],
    "atom_properties": {
        "force": {
            "value": [
                [0.0, 0.0, 0.167645],
                [0.0, 0.0, -0.033538],
                [0.0, 0.0, 0.033538],
                [-0.0, -0.0, -0.167645],
                [0.0, 0.0, -0.0],
                [0.0, 0.0, 0.106424],
                [-0.0, 0.0, 0.000219],
                [0.0, 0.0, -0.010171],
                [0.0, 0.0, -0.0],
                [-0.0, -0.0, 0.010171],
                [0.0, 0.0, -0.000219],
                [-0.0, -0.0, -0.106424]
            ]
        }
    },
    "atom_type": [
        "N",
        "N",
        "N",
        "N",
        "Zr",
        "Zr",
        "Zr",
        "Zr",
        "Zr",
        "Zr",
        "Zr",
        "Zr"
    ],
    "coordinate_mode": "Direct",
    "global_properties": {
        "energy": {
            "value": -115.78735
        }
    },
    "lattice_vectors": [
        [2.299450956904777, 2.299450956904777, 0.0],
        [2.299450956904777, -2.299450956904777, 0.0],
        [0.0, 0.0, -18.22644832597148]
    ]
}