{
    "atom_coords": [
        [0.75, 0.25, 0.75],
        [0.25, 0.75, 0.75],
        [0.75, 0.75, 0.75],
        [0.0014508129345856, 0.0014508129345856, 0.9897952200160631],
        [0.5073031541147728, 0.0014508129345856, 0.9897952200160631],
        [0.0014508129345856, 0.5073031541147728, 0.9897952200160631],
        [0.5037985143634955, 0.5037985143634955, 0.9886044569095205],
        [0.9962014856365045, 0.9962014856365045, 0.5113955430904795],
        [0.4985491870654144, 0.9926968458852272, 0.5102047799839369],
        [0.9926968458852272, 0.4985491870654144, 0.5102047799839369],
        [0.4985491870654144, 0.4985491870654144, 0.5102047799839369]
    ],
    "atom_properties": {
        "force": {
            "value": [
                [0.0, -0.0, 0.0],
                [-0.0, -0.0, 0.0],
                [0.0, -0.0, 0.0],
                [-0.031843, -0.031843, 0.007165],
                [-0.031843, -0.007165, 0.031843],
                [-0.007165, -0.031843, 0.031843],
                [0.015218, 0.015218, -0.015218],
                [-0.015218, -0.015218, 0.015218],
                [0.007165, 0.031843, -0.031843],
                [0.031843, 0.007165, -0.031843],
                [0.031843, 0.031843, -0.007165]
            ]
        }
    },
    "atom_type": [
        "N",
        "N",
        "N",
        "Zr",
        "Zr",
        "Zr",
        "Zr",
        "Zr",
        "Zr",
        "Zr",
        "Zr"
    ],
    "coordinate_mode": "Direct",
    "global_properties": {
        "energy": {
            "value": -103.7519
        }
    },
    "lattice_vectors": [
        [0.0, 4.631717671244945, 4.631717671244945],
        [4.631717671244945, 0.0, 4.631717671244945],
        [4.577857059173363, 4.577857059173363, 0.0538606120715822]
    ]
}