{
    "atom_coords": [
        [0.2999999999999972, 0.2999999999999972, 0.6000000000000014],
        [0.0003423776555422, 0.0003423776555422, 0.0006847553110845],
        [0.7999999999999972, 0.7999999999999972, 0.6000000000000014],
        [0.5996576223444592, 0.5996576223444592, 0.1993152446889184],
        [0.400718796791935, 0.400718796791935, 0.80143759358387],
        [0.1992812032080664, 0.1992812032080664, 0.3985624064161257]
    ],
    "atom_properties": {
        "force": {
            "value": [
                [-0.0, -0.0, 0.0],
                [0.0, 0.0, 0.013149],
                [0.0, 0.0, 0.0],
                [-0.0, 0.0, -0.013149],
                [-0.0, 0.0, 0.090232],
                [0.0, 0.0, -0.090232]
            ]
        }
    },
    "atom_type": [
        "N",
        "Zr",
        "Zr",
        "Zr",
        "Zr",
        "Zr"
    ],
    "coordinate_mode": "Direct",
    "global_properties": {
        "energy": {
            "value": -54.324277
        }
    },
    "lattice_vectors": [
        [2.3005296609646027, -2.3005296609646027, 0.0],
        [2.3005296609646027, 2.3005296609646027, 0.0],
        [-2.3005296609646027, 0.0, 11.286005815068085]
    ]
}