{
    "atom_coords": [
        [0.2510549937622528, 0.7510549937622528, 0.5021099875245199],
        [0.4989450062377472, 0.9989450062377472, 0.9978900124754801],
        [0.9981809495368523, 0.9981809495368523, 0.9963618990737046],
        [0.1301401082099787, 0.6301401082099787, 0.2602802164199716],
        [0.2518190504631477, 0.2518190504631477, 0.5036381009262954],
        [0.375, 0.875, 0.75],
        [0.4981809495368523, 0.4981809495368523, 0.9963618990737046],
        [0.6198598917900213, 0.1198598917900213, 0.2397197835800284],
        [0.7518190504631477, 0.7518190504631477, 0.5036381009262954],
        [0.875, 0.375, 0.75]
    ],
    "atom_properties": {
        "force": {
            "value": [
                [0.0, 0.0, -0.013346],
                [-0.0, -0.0, 0.013346],
                [0.0, 0.0, -0.017332],
                [-0.0, -0.0, 0.059401],
                [-0.0, -0.0, 0.017332],
                [0.0, -0.0, 0.0],
                [0.0, 0.0, -0.017332],
                [0.0, 0.0, -0.059401],
                [-0.0, -0.0, 0.017332],
                [0.0, -0.0, 0.0]
            ]
        }
    },
    "atom_type": [
        "N",
        "N",
        "Zr",
        "Zr",
        "Zr",
        "Zr",
        "Zr",
        "Zr",
        "Zr",
        "Zr"
    ],
    "coordinate_mode": "Direct",
    "global_properties": {
        "energy": {
            "value": -92.163233
        }
    },
    "lattice_vectors": [
        [4.555477791203169, 0.0, -1.45266e-11],
        [0.0, 4.555477791203169, -1.45266e-11],
        [-2.2777389006022157, -2.2777389006022157, 9.218241336374666]
    ]
}