{
    "atom_coords": [
        [0.1242542589726199, 0.1242542589726199, 0.7485085179452327],
        [0.499150420001186, 0.999150420001186, 0.4983008400023721],
        [0.8757457410273801, 0.8757457410273801, 0.2514914820547673],
        [0.25, 0.75, 0.0],
        [0.6242542589726199, 0.6242542589726199, 0.7485085179452327],
        [0.000849579998814, 0.500849579998814, 0.5016991599976279],
        [0.3757457410273801, 0.3757457410273801, 0.2514914820547673],
        [0.0085202622873197, 0.9914797377126803, 0.0],
        [0.3676815507395546, 0.8676815507395546, 0.7459067487263056],
        [0.75, 0.75, 0.5],
        [0.1323184492604454, 0.6323184492604454, 0.2540932512736944],
        [0.4914797377126803, 0.5085202622873197, 0.0],
        [0.8782251979867581, 0.3782251979867581, 0.7459067487262843],
        [0.25, 0.25, 0.5],
        [0.6217748020132419, 0.1217748020132419, 0.2540932512737157]
    ],
    "atom_properties": {
        "force": {
            "value": [
                [-0.0, 0.005482, -0.005482],
                [-0.0, -0.021895, 0.021895],
                [-0.0, -0.005482, 0.005482],
                [-0.0, -0.0, -0.0],
                [-0.0, 0.005482, -0.005482],
                [-0.0, 0.021895, -0.021895],
                [-0.0, -0.005482, 0.005482],
                [0.122571, -0.0, -0.0],
                [-0.0, 0.0052, -0.01601],
                [-0.0, -0.0, -0.0],
                [-0.0, -0.0052, 0.01601],
                [-0.122571, -0.0, -0.0],
                [-0.0, 0.01601, -0.0052],
                [-0.0, -0.0, -0.0],
                [-0.0, -0.01601, 0.0052]
            ]
        }
    },
    "atom_type": [
        "N",
        "N",
        "N",
        "N",
        "N",
        "N",
        "N",
        "Zr",
        "Zr",
        "Zr",
        "Zr",
        "Zr",
        "Zr",
        "Zr",
        "Zr"
    ],
    "coordinate_mode": "Direct",
    "global_properties": {
        "energy": {
            "value": -151.57669
        }
    },
    "lattice_vectors": [
        [4.612401105362448, 2.2958885817576724, 2.2958885817784576],
        [-4.612401105362448, 2.2958885817576724, 2.2958885817784576],
        [0.0, -6.8966418740222615, 2.3048647205500488]
    ]
}