{
    "atom_coords": [
        [0.9986607114708619, 0.2516539655705685, 0.7510246114876793],
        [0.2455760173759671, 0.6327115747787033, 0.8761363904693908],
        [0.7544239826240329, 0.3672884252212967, 0.1238636095306092],
        [0.0013392885291381, 0.7483460344294315, 0.2489753885123207],
        [0.0, 0.0, 0.0],
        [0.2361748368802594, 0.4042792410629801, 0.1233710851766574],
        [0.5080978747636067, 0.7221710558909891, 0.2616331945817549],
        [0.7650717122897461, 0.1071771677657765, 0.3626794076545892],
        [0.0, 0.5, 0.5],
        [0.2349282877102539, 0.8928228322342235, 0.6373205923454108],
        [0.4919021252363933, 0.2778289441090109, 0.7383668054182451],
        [0.7638251631197406, 0.5957207589370199, 0.8766289148233426]
    ],
    "atom_properties": {
        "force": {
            "value": [
                [0.0, 0.065142, 0.023204],
                [-0.0, -0.008565, -0.043776],
                [0.0, 0.008565, 0.043776],
                [-0.0, -0.065142, -0.023204],
                [-0.0, -0.0, -0.0],
                [-0.0, -0.051098, 0.065689],
                [-0.0, -0.035479, 0.016555],
                [-0.0, -0.0461, 0.023664],
                [-0.0, -0.0, 0.0],
                [0.0, 0.0461, -0.023664],
                [0.0, 0.035479, -0.016555],
                [0.0, 0.051098, -0.065689]
            ]
        }
    },
    "atom_type": [
        "N",
        "N",
        "N",
        "N",
        "Zr",
        "Zr",
        "Zr",
        "Zr",
        "Zr",
        "Zr",
        "Zr",
        "Zr"
    ],
    "coordinate_mode": "Direct",
    "global_properties": {
        "energy": {
            "value": -116.04097
        }
    },
    "lattice_vectors": [
        [4.53276446330401, 1.517418e-10, -1.12088e-11],
        [2.2663822367563498, 4.727428024769365, -2.30776673258207],
        [2.2663822367334165, 4.7060522580890805, 6.88142691319808]
    ]
}