{
    "atom_coords": [
        [0.8567326399286017, 0.3567326399286017, 0.7134651798572023],
        [0.0004102600713978, 0.5004102600713978, 0.0008205201427955],
        [0.0008404228632841, 0.0008404228632841, 0.0016808457265682],
        [0.1465731360242586, 0.1465731360242515, 0.2931463720485183],
        [0.2887682554918101, 0.2887682554917959, 0.5775365109836059],
        [0.4285714000000027, 0.4285714000000027, 0.8571428999999995],
        [0.5683746445081894, 0.5683746445082036, 0.1367491890163848],
        [0.7105696639757397, 0.7105696639757468, 0.4211393279514866],
        [0.8563024771367154, 0.8563024771367154, 0.7126048542734225]
    ],
    "atom_properties": {
        "force": {
            "value": [
                [0.000365, -0.0, 0.000365],
                [-0.000365, 0.0, -0.000365],
                [-0.045638, 0.0, -0.045638],
                [0.042286, -0.0, 0.042286],
                [0.033924, -0.0, 0.033924],
                [0.0, 0.0, -0.0],
                [-0.033924, 0.0, -0.033924],
                [-0.042286, 0.0, -0.042286],
                [0.045638, -0.0, 0.045638]
            ]
        }
    },
    "atom_type": [
        "N",
        "N",
        "Zr",
        "Zr",
        "Zr",
        "Zr",
        "Zr",
        "Zr",
        "Zr"
    ],
    "coordinate_mode": "Direct",
    "global_properties": {
        "energy": {
            "value": -83.39212
        }
    },
    "lattice_vectors": [
        [2.2932307109688437, 0.0, -2.2932307109688437],
        [3.0723e-12, 4.5884810004993755, 3.0723e-12],
        [6.855151398868001, -2.2942405052462127, 9.148382109836843]
    ]
}