{
    "atom_coords": [
        [0.6428571000000005, 0.2857143000000022, 0.0714285999999973],
        [0.7873903001637998, 0.574780600327685, 0.6441611756500265],
        [0.4983239998362023, 0.9966479996723123, 0.498695924349974],
        [0.0096542814146829, 0.019308562829714, 0.0046356554719225],
        [0.7138750580857831, 0.4277501161715733, 0.8580326300620627],
        [0.4202228748388279, 0.8404458496774581, 0.7061490178123648],
        [0.1428571000000005, 0.2857143000000022, 0.5714285999999973],
        [0.8654914251611743, 0.7309827503225392, 0.4367080821876357],
        [0.571839241914212, 0.1436783838284299, 0.284824569937939],
        [0.2760600185853193, 0.5521200371702832, 0.1382214445280781]
    ],
    "atom_properties": {
        "force": {
            "value": [
                [0.0, -0.0, 0.0],
                [-0.052916, -0.052916, 0.090022],
                [0.052916, 0.052916, -0.090022],
                [-0.023045, -0.023045, -0.027279],
                [-0.065421, -0.065421, -0.043262],
                [-0.030986, -0.030986, 0.14016],
                [0.0, -0.0, 0.0],
                [0.030986, 0.030986, -0.14016],
                [0.065421, 0.065421, 0.043262],
                [0.023045, 0.023045, 0.027279]
            ]
        }
    },
    "atom_type": [
        "N",
        "N",
        "N",
        "Zr",
        "Zr",
        "Zr",
        "Zr",
        "Zr",
        "Zr",
        "Zr"
    ],
    "coordinate_mode": "Direct",
    "global_properties": {
        "energy": {
            "value": -95.480807
        }
    },
    "lattice_vectors": [
        [2.344215281142355, -2.3442152811129917, 3.5752e-12],
        [2.282057301140255, 4.62627257199547, -2.2805173839551274],
        [2.2800152368585236, 2.280015236816503, 9.054257495168141]
    ]
}