{
    "atom_coords": [
        [0.0623593829623772, 0.0623593829623772, 0.8129218511128755],
        [0.8126406170376228, 0.8126406170376228, 0.5620781488871245],
        [0.9989801226102628, 0.9989801226102628, 0.0030596321692116],
        [0.8760198773897372, 0.8760198773897372, 0.3719403678307884],
        [0.7489801305261494, 0.7489801305261494, 0.7530596084215517],
        [0.6249478495627656, 0.6249478495627656, 0.1251564513117103],
        [0.4992742332486984, 0.4992742332486984, 0.502177300253905],
        [0.3757257667513016, 0.3757257667513016, 0.872822699746095],
        [0.2500521504372344, 0.2500521504372344, 0.2498435486882897],
        [0.1260198694738506, 0.1260198694738506, 0.6219403915784483]
    ],
    "atom_properties": {
        "force": {
            "value": [
                [-0.033532, -0.033532, 0.033532],
                [0.033532, 0.033532, -0.033532],
                [-0.036456, -0.036456, 0.036456],
                [0.036456, 0.036456, -0.036456],
                [-0.006997, -0.006997, 0.006997],
                [-0.025627, -0.025627, 0.025627],
                [0.036972, 0.036972, -0.036972],
                [-0.036972, -0.036972, 0.036972],
                [0.025627, 0.025627, -0.025627],
                [0.006997, 0.006997, -0.006997]
            ]
        }
    },
    "atom_type": [
        "N",
        "N",
        "Zr",
        "Zr",
        "Zr",
        "Zr",
        "Zr",
        "Zr",
        "Zr",
        "Zr"
    ],
    "coordinate_mode": "Direct",
    "global_properties": {
        "energy": {
            "value": -91.752579
        }
    },
    "lattice_vectors": [
        [2.297655325607144, 0.0, 2.297655325607144],
        [0.0, 2.297655325607144, 2.297655325607144],
        [-11.33242498934653, -11.33242498934653, 13.630080314953675]
    ]
}