{
    "atom_coords": [
        [0.3333332999999996, 0.6666667000000004, 0.0825660616488975],
        [0.6666667000000004, 0.3333332999999996, 0.9166656129903359],
        [0.0, 0.0, 0.75],
        [0.3333332999999996, 0.6666667000000004, 0.5833343870096641],
        [0.6666667000000004, 0.3333332999999996, 0.4174339383511025],
        [0.0, 0.0, 0.0030105740853443],
        [0.3333332999999996, 0.6666667000000004, 0.8313936359667267],
        [0.6666667000000004, 0.3333332999999996, 0.6686063640332733],
        [0.0, 0.0, 0.4969894259146557],
        [0.3333332999999996, 0.6666667000000004, 0.335826530422473],
        [0.6666667000000004, 0.3333332999999996, 0.164173469577527]
    ],
    "atom_properties": {
        "force": {
            "value": [
                [-0.036458, -0.036458, -0.036458],
                [0.017057, 0.017057, 0.017057],
                [0.0, -0.0, -0.0],
                [-0.017057, -0.017057, -0.017057],
                [0.036458, 0.036458, 0.036458],
                [-0.020348, -0.020348, -0.020348],
                [0.029103, 0.029103, 0.029103],
                [-0.029103, -0.029103, -0.029103],
                [0.020348, 0.020348, 0.020348],
                [0.019754, 0.019754, 0.019754],
                [-0.019754, -0.019754, -0.019754]
            ]
        }
    },
    "atom_type": [
        "N",
        "N",
        "N",
        "N",
        "N",
        "Zr",
        "Zr",
        "Zr",
        "Zr",
        "Zr",
        "Zr"
    ],
    "coordinate_mode": "Direct",
    "global_properties": {
        "energy": {
            "value": -110.47141
        }
    },
    "lattice_vectors": [
        [2.2999256455132415, 0.0, -2.2999256455132415],
        [-2.2999256455132415, 2.2999256455132415, 0.0],
        [9.1829470362385, 9.1829470362385, 9.1829470362385]
    ]
}