{
    "atom_coords": [
        [0.5, 0.0, 0.3730758418197908],
        [0.0, 0.5, 0.5015600500052884],
        [0.0, 0.5, 0.7484399499947116],
        [0.5, 0.0, 0.8769241581802092],
        [0.0, 0.0, 0.9988490897914417],
        [0.5, 0.5, 0.125],
        [0.0, 0.0, 0.2511509102085583],
        [0.5, 0.5, 0.3818769605304055],
        [0.0, 0.0, 0.4893883217911679],
        [0.5, 0.5, 0.625],
        [0.0, 0.0, 0.7606116782088321],
        [0.5, 0.5, 0.8681230394695945]
    ],
    "atom_properties": {
        "force": {
            "value": [
                [0.02336, 0.0, -0.02336],
                [-0.036049, 0.0, 0.036049],
                [0.036049, 0.0, -0.036049],
                [-0.02336, 0.0, 0.02336],
                [0.002158, 0.0, -0.002158],
                [-0.0, 0.0, 0.0],
                [-0.002158, 0.0, 0.002158],
                [0.000787, 0.0, -0.000787],
                [-0.001275, 0.0, 0.001275],
                [-0.0, 0.0, 0.0],
                [0.001275, 0.0, -0.001275],
                [-0.000787, 0.0, 0.000787]
            ]
        }
    },
    "atom_type": [
        "N",
        "N",
        "N",
        "N",
        "Zr",
        "Zr",
        "Zr",
        "Zr",
        "Zr",
        "Zr",
        "Zr",
        "Zr"
    ],
    "coordinate_mode": "Direct",
    "global_properties": {
        "energy": {
            "value": -115.87663
        }
    },
    "lattice_vectors": [
        [2.3039102677245444, 0.0, 2.3039102677245444],
        [0.0, 4.5581494628462345, 0.0],
        [-9.288868791447866, 0.0, 9.288868791447866]
    ]
}