{
    "atom_coords": [
        [0.8354206884355477, 0.9178670753945326, 0.6708414768710895],
        [0.4979126115644519, 0.7487996246054678, 0.9958252231289109],
        [0.9989427048307462, 0.9891103756546826, 0.9978854096614995],
        [0.6666667000000004, 0.8333332999999996, 0.3333332999999996],
        [0.3343905951692534, 0.6775563243453178, 0.6687812903385009],
        [0.0042261512923574, 0.5096864785211395, 0.0084523025847218],
        [0.6666667000000004, 0.3333332999999996, 0.3333332999999996],
        [0.3291071487076422, 0.1569802214788609, 0.6582143974152785]
    ],
    "atom_properties": {
        "force": {
            "value": [
                [0.018686, 0.018686, 0.044723],
                [-0.018686, -0.018686, -0.044723],
                [-0.013363, -0.013363, 0.047215],
                [-0.0, 0.0, 0.0],
                [0.013363, 0.013363, -0.047215],
                [-0.033691, -0.033691, 0.084512],
                [-0.0, 0.0, -0.0],
                [0.033691, 0.033691, -0.084512]
            ]
        }
    },
    "atom_type": [
        "N",
        "N",
        "Zr",
        "Zr",
        "Zr",
        "Zr",
        "Zr",
        "Zr"
    ],
    "coordinate_mode": "Direct",
    "global_properties": {
        "energy": {
            "value": -74.823564
        }
    },
    "lattice_vectors": [
        [2.2978678328410487, -2.2978678328410487, 0.0],
        [4.578791938176817, 4.578791938176817, -0.0264078451825647],
        [-2.3134799169343894, -0.0156120840933411, 6.9095895248522865]
    ]
}