{
    "atom_coords": [
        [0.2142856999999978, 0.2142856999999978, 0.4285714000000027],
        [4.41522996653e-05, 4.41522996653e-05, 8.83045993305e-05],
        [0.8574281149769689, 0.8574281149769689, 0.7148561299539367],
        [0.7142856999999978, 0.7142856999999978, 0.4285714000000027],
        [0.5711433850230279, 0.5711433850230279, 0.1422866700460688],
        [0.4285272477003375, 0.4285272477003375, 0.857054595400669],
        [0.2865784563684599, 0.2865784563684599, 0.5731569127369127],
        [0.1419929436315428, 0.1419929436315428, 0.2839859872630868]
    ],
    "atom_properties": {
        "force": {
            "value": [
                [-0.0, -0.0, 0.0],
                [-0.0, 0.0, -0.024508],
                [-0.0, 0.0, 0.051609],
                [-0.0, 0.0, 0.0],
                [0.0, 0.0, -0.051609],
                [0.0, 0.0, 0.024508],
                [-0.0, 0.0, 0.008104],
                [0.0, -0.0, -0.008104]
            ]
        }
    },
    "atom_type": [
        "N",
        "Zr",
        "Zr",
        "Zr",
        "Zr",
        "Zr",
        "Zr",
        "Zr"
    ],
    "coordinate_mode": "Direct",
    "global_properties": {
        "energy": {
            "value": -71.295462
        }
    },
    "lattice_vectors": [
        [2.296492570566218, -2.296492570566218, 0.0],
        [2.296492570566218, 2.296492570566218, 0.0],
        [-2.296492570566218, 0.0, 15.740533918002422]
    ]
}