{
    "atom_coords": [
        [0.4267057583432887, 0.9267057583433029, 0.8534116166865786],
        [0.7142856999999978, 0.2142856999999978, 0.4285714000000027],
        [0.001865641656714, 0.5018656416566998, 0.0037312833134209],
        [0.9954379605156305, 0.9954379605156234, 0.9908759210312681],
        [0.1477630239198717, 0.1477630239198859, 0.2955261478397588],
        [0.280808376080131, 0.2808083760801168, 0.5616167521602407],
        [0.4331334394843722, 0.4331334394843793, 0.8662669789687314],
        [0.568741003989004, 0.5687410039889969, 0.1374819079779996],
        [0.7142856999999978, 0.7142856999999978, 0.4285714000000027],
        [0.8598304960109999, 0.8598304960109999, 0.7196608920219987]
    ],
    "atom_properties": {
        "force": {
            "value": [
                [-0.019359, 0.0, -0.019359],
                [-0.0, 0.0, -0.0],
                [0.019359, -0.0, 0.019359],
                [-0.0234, 0.0, -0.0234],
                [0.001561, -0.0, 0.001561],
                [-0.001561, 0.0, -0.001561],
                [0.0234, -0.0, 0.0234],
                [-0.001107, 0.0, -0.001107],
                [-0.0, 0.0, -0.0],
                [0.001107, -0.0, 0.001107]
            ]
        }
    },
    "atom_type": [
        "N",
        "N",
        "N",
        "Zr",
        "Zr",
        "Zr",
        "Zr",
        "Zr",
        "Zr",
        "Zr"
    ],
    "coordinate_mode": "Direct",
    "global_properties": {
        "energy": {
            "value": -95.464818
        }
    },
    "lattice_vectors": [
        [2.3380840804216985, 0.0, -2.338084080421698],
        [-1.34476e-11, 4.552442550507102, -1.34476e-11],
        [6.921643362197446, -2.2762212802679636, 9.259727442619141]
    ]
}