{
    "atom_coords": [
        [0.5, 0.25, 0.25],
        [0.0, 0.0025317868050649, 0.0025317868050649],
        [0.5, 0.0053585840875598, 0.4946414159124402],
        [0.0, 0.4974682131949351, 0.4974682131949351],
        [0.5, 0.4946414159124402, 0.0053585840875598]
    ],
    "atom_properties": {
        "force": {
            "value": [
                [-0.0, 0.0, 0.0],
                [0.068588, 0.0, 0.068588],
                [0.0, 0.073184, 0.0],
                [-0.068588, 0.0, -0.068588],
                [0.0, -0.073184, 0.0]
            ]
        }
    },
    "atom_type": [
        "N",
        "Zr",
        "Zr",
        "Zr",
        "Zr"
    ],
    "coordinate_mode": "Direct",
    "global_properties": {
        "energy": {
            "value": -45.920238
        }
    },
    "lattice_vectors": [
        [2.265421434065629, 0.0, -2.265421434065629],
        [2.2481031265847706, 4.7181734900108445, 2.2481031265847706],
        [2.2481031265847706, -4.7181734900108445, 2.2481031265847706]
    ]
}