{
    "atom_coords": [
        [0.75, 0.25, 0.5],
        [0.0, 0.5, 0.0],
        [0.1256867020368659, 0.1256867020368659, 0.2513734040737248],
        [0.25, 0.75, 0.5],
        [0.3743132979631341, 0.3743132979631341, 0.7486265959262752],
        [0.5, 0.0, 0.0],
        [0.0048003025028649, 0.0048003025028649, 0.0096006050056587],
        [0.1245748823170629, 0.6245748823170629, 0.2491497646341259],
        [0.25, 0.25, 0.5],
        [0.3754251176829371, 0.8754251176829371, 0.7508502353658741],
        [0.4951996974971351, 0.4951996974971351, 0.9903993949943413],
        [0.6245748823170629, 0.1245748823170629, 0.2491497646341259],
        [0.75, 0.75, 0.5],
        [0.8754251176829371, 0.3754251176829371, 0.7508502353658741]
    ],
    "atom_properties": {
        "force": {
            "value": [
                [-0.0, -0.0, -0.0],
                [0.0, 0.0, -0.0],
                [-0.0, -0.0, 0.048031],
                [-0.0, -0.0, -0.0],
                [0.0, 0.0, -0.048031],
                [0.0, -0.0, -0.0],
                [-0.0, -0.0, 0.127022],
                [0.0, 0.0, -0.030289],
                [-0.0, -0.0, -0.0],
                [-0.0, -0.0, 0.030289],
                [0.0, 0.0, -0.127022],
                [0.0, 0.0, -0.030289],
                [-0.0, -0.0, -0.0],
                [-0.0, -0.0, 0.030289]
            ]
        }
    },
    "atom_type": [
        "N",
        "N",
        "N",
        "N",
        "N",
        "N",
        "Zr",
        "Zr",
        "Zr",
        "Zr",
        "Zr",
        "Zr",
        "Zr",
        "Zr"
    ],
    "coordinate_mode": "Direct",
    "global_properties": {
        "energy": {
            "value": -139.24205
        }
    },
    "lattice_vectors": [
        [4.591886119706599, 0.0, -1.62698e-11],
        [0.0, 4.591886119706599, -1.62698e-11],
        [-2.295943064897063, -2.295943064897063, 9.222891998574644]
    ]
}