{
    "atom_coords": [
        [0.0, 0.0, 0.1670544185670479],
        [0.5, 0.5, 0.333070688428073],
        [0.0, 0.0, 0.5002626115719266],
        [0.5, 0.5, 0.6662789814329528],
        [0.0, 0.0, 0.9986917344018167],
        [0.5, 0.5, 0.1676890811897351],
        [0.0, 0.0, 0.3311822463781198],
        [0.5, 0.5, 0.5021510536218798],
        [0.0, 0.0, 0.6656443188102656],
        [0.5, 0.5, 0.8346415655981829]
    ],
    "atom_properties": {
        "force": {
            "value": [
                [0.0, -0.0, 0.071885],
                [0.0, 0.0, 0.011507],
                [-0.0, -0.0, -0.011507],
                [-0.0, 0.0, -0.071885],
                [0.0, 0.0, 0.107131],
                [0.0, 0.0, -0.002591],
                [0.0, 0.0, 0.074434],
                [-0.0, -0.0, -0.074434],
                [-0.0, -0.0, 0.002591],
                [-0.0, -0.0, -0.107131]
            ]
        }
    },
    "atom_type": [
        "N",
        "N",
        "N",
        "N",
        "Zr",
        "Zr",
        "Zr",
        "Zr",
        "Zr",
        "Zr"
    ],
    "coordinate_mode": "Direct",
    "global_properties": {
        "energy": {
            "value": -98.564489
        }
    },
    "lattice_vectors": [
        [2.297972772637175, 2.297972772637175, 0.0],
        [2.297972772637175, -2.297972772637175, 0.0],
        [0.0, 0.0, -13.717783291638433]
    ]
}