{
    "atom_coords": [
        [0.5, 0.2495474625125667, 0.9974299830964242],
        [0.0, 0.3745538170775333, 0.7491076341550595],
        [0.5, 0.5021174794161567, 0.5025700169035829],
        [0.0, 0.625, 0.25],
        [0.5, 0.7478825205838433, 0.9974299830964171],
        [0.0, 0.8754461829224667, 0.7508923658449405],
        [0.5, 0.0004525374874333, 0.5025700169035758],
        [0.0, 0.0002653055507196, 0.0005306111014463],
        [0.5, 0.125, 0.75],
        [0.0, 0.2497346944492804, 0.4994693888985537],
        [0.5, 0.3846786926862578, 0.2500000000000142],
        [0.0, 0.5016628696737513, 0.0033257393475026],
        [0.5, 0.625, 0.75],
        [0.0, 0.7483371303262487, 0.4966742606524974],
        [0.5, 0.8653213073137422, 0.2499999999999858]
    ],
    "atom_properties": {
        "force": {
            "value": [
                [-0.010986, 0.010986, 0.016863],
                [-0.0, 0.0, -0.047051],
                [-0.010986, 0.010986, -0.016863],
                [0.0, -0.0, 0.0],
                [0.010986, -0.010986, 0.016863],
                [0.0, -0.0, 0.047051],
                [0.010986, -0.010986, -0.016863],
                [0.0, -0.0, 0.052627],
                [0.0, -0.0, 0.0],
                [-0.0, 0.0, -0.052627],
                [-0.064407, 0.064407, -0.0],
                [0.0, -0.0, 0.012117],
                [0.0, -0.0, 0.0],
                [-0.0, 0.0, -0.012117],
                [0.064407, -0.064407, 0.0]
            ]
        }
    },
    "atom_type": [
        "N",
        "N",
        "N",
        "N",
        "N",
        "N",
        "N",
        "Zr",
        "Zr",
        "Zr",
        "Zr",
        "Zr",
        "Zr",
        "Zr",
        "Zr"
    ],
    "coordinate_mode": "Direct",
    "global_properties": {
        "energy": {
            "value": -151.35717
        }
    },
    "lattice_vectors": [
        [2.3015699586525784, 2.3015699586525784, 0.0],
        [-4.601518509926047, 4.601518509926047, -9.6959e-12],
        [2.300759259994594, -2.300759259994594, 9.181542310666972]
    ]
}