{
    "atom_coords": [
        [0.6851821919910464, 0.1904092511991493, 0.439226364818758],
        [0.9375, 0.4375, 0.6875],
        [0.1898178080089536, 0.6845907488008507, 0.935773635181242],
        [0.0001790554275587, 0.9967483521570415, 0.0028935369878411],
        [0.6227166072895756, 0.6334767151432601, 0.1210900702775959],
        [0.2522833927104244, 0.241523284856747, 0.2539099297224041],
        [0.8748209445724413, 0.8782516478429585, 0.3721064630121589],
        [0.5009957402631215, 0.4943206433120864, 0.5036878761616848],
        [0.12528473233683, 0.1333801399509085, 0.6160503953754315],
        [0.74971526766317, 0.7416198600490915, 0.7589496046245685],
        [0.3740042597368785, 0.3806793566879136, 0.8713121238383152]
    ],
    "atom_properties": {
        "force": {
            "value": [
                [0.022912, 0.053784, -0.022912],
                [0.0, 0.0, 0.0],
                [-0.022912, -0.053784, 0.022912],
                [-0.004881, -0.032972, 0.004881],
                [-0.012757, 0.067027, 0.012757],
                [0.012757, -0.067027, -0.012757],
                [0.004881, 0.032972, -0.004881],
                [0.019782, 0.04931, -0.019782],
                [-0.0223, -0.008698, 0.0223],
                [0.0223, 0.008698, -0.0223],
                [-0.019782, -0.04931, 0.019782]
            ]
        }
    },
    "atom_type": [
        "N",
        "N",
        "N",
        "Zr",
        "Zr",
        "Zr",
        "Zr",
        "Zr",
        "Zr",
        "Zr",
        "Zr"
    ],
    "coordinate_mode": "Direct",
    "global_properties": {
        "energy": {
            "value": -103.76326
        }
    },
    "lattice_vectors": [
        [2.3100688283085207, 0.0, 2.3100688283085207],
        [2.257146264136584, 6.9297154599933855, 0.0529225641719362],
        [-4.558799070449514, 2.3777415865669256, 6.868867898758034]
    ]
}