{
    "atom_coords": [
        [0.7857143000000022, 0.7857143000000022, 0.5714285999999973],
        [0.357108483125252, 0.357108483125252, 0.7142168662505028],
        [0.2143201168747453, 0.2143201168747453, 0.4286402337494977],
        [0.0005352128959899, 0.0005352128959899, 0.0010704257919798],
        [0.856833697291215, 0.856833697291215, 0.7136672945824429],
        [0.7145949027087823, 0.7145949027087823, 0.4291898054175576],
        [0.5708933871040074, 0.5708933871040074, 0.1417866742080207],
        [0.4296201459941855, 0.4296201459941855, 0.859240391988358],
        [0.2857143000000022, 0.2857143000000022, 0.5714285999999973],
        [0.1418083540058177, 0.1418083540058177, 0.2836168080116437]
    ],
    "atom_properties": {
        "force": {
            "value": [
                [-0.0, 0.0, -0.0],
                [0.0, -0.0, 0.131005],
                [-0.0, -0.0, -0.131005],
                [0.0, -0.0, 0.10951],
                [-0.0, -0.0, -0.000857],
                [-0.0, -0.0, 0.000857],
                [-0.0, -0.0, -0.10951],
                [-0.0, -0.0, 0.156582],
                [-0.0, -0.0, -0.0],
                [0.0, -0.0, -0.156582]
            ]
        }
    },
    "atom_type": [
        "N",
        "N",
        "N",
        "Zr",
        "Zr",
        "Zr",
        "Zr",
        "Zr",
        "Zr",
        "Zr"
    ],
    "coordinate_mode": "Direct",
    "global_properties": {
        "energy": {
            "value": -95.088966
        }
    },
    "lattice_vectors": [
        [2.294231125318173, -2.294231125318173, 0.0],
        [2.294231125318173, 2.294231125318173, 0.0],
        [-2.294231125318173, 0.0, 15.956295845830416]
    ]
}