{
    "atom_coords": [
        [0.7856827872487955, 0.7856827872487955, 0.571365574497591],
        [0.6429747395725656, 0.6429747395725656, 0.2859495791451394],
        [0.5, 0.5, 0.0],
        [0.3570252604274344, 0.3570252604274344, 0.7140504208548606],
        [0.2143172127512045, 0.2143172127512045, 0.428634425502409],
        [0.0, 0.0, 0.0],
        [0.8567117878400623, 0.8567117878400623, 0.7134234756801092],
        [0.7129939348228902, 0.7129939348228902, 0.4259878696457946],
        [0.5712055376046976, 0.5712055376046976, 0.1424109752093941],
        [0.4287944623953024, 0.4287944623953024, 0.857589024790606],
        [0.2870060651771098, 0.2870060651771098, 0.5740121303542054],
        [0.1432882121599377, 0.1432882121599377, 0.2865765243198908]
    ],
    "atom_properties": {
        "force": {
            "value": [
                [0.0, -0.0, -0.023862],
                [-0.0, -0.0, -0.075888],
                [0.0, -0.0, -0.0],
                [0.0, -0.0, 0.075888],
                [-0.0, -0.0, 0.023862],
                [0.0, -0.0, -0.0],
                [0.0, -0.0, 0.034392],
                [-0.0, -0.0, -0.117715],
                [0.0, -0.0, 0.001153],
                [0.0, 0.0, -0.001153],
                [0.0, -0.0, 0.117715],
                [-0.0, -0.0, -0.034392]
            ]
        }
    },
    "atom_type": [
        "N",
        "N",
        "N",
        "N",
        "N",
        "Zr",
        "Zr",
        "Zr",
        "Zr",
        "Zr",
        "Zr",
        "Zr"
    ],
    "coordinate_mode": "Direct",
    "global_properties": {
        "energy": {
            "value": -119.15332
        }
    },
    "lattice_vectors": [
        [2.2985743451128213, -2.2985743451128213, 0.0],
        [2.2985743451128213, 2.2985743451128213, 0.0],
        [-2.2985743451128213, 0.0, 15.991930966800952]
    ]
}