{
    "atom_coords": [
        [0.876476951011135, 0.876476951011135, 0.25295390202227],
        [0.6248013172686981, 0.6248013172686981, 0.7496026345374034],
        [0.0003401757284323, 0.5003401757284323, 0.5006803514568574],
        [0.3748592269047109, 0.3748592269047109, 0.2497184538094359],
        [0.997792351085927, 0.9973149441541551, 0.004744849719188],
        [0.3779015871912321, 0.8603710010935686, 0.7453399921836237],
        [0.7458886160600642, 0.7326602223659222, 0.4931001211947432],
        [0.1205805445067583, 0.6230863058164502, 0.2553373659894973],
        [0.5069524986332397, 0.5074299055650116, 0.0047448497191667],
        [0.8674384049923987, 0.3849689910900693, 0.7453399921836095],
        [0.2472115051346861, 0.260439898828821, 0.4931001211947148],
        [0.6347568214827035, 0.1322510601730187, 0.2553373659894831]
    ],
    "atom_properties": {
        "force": {
            "value": [
                [0.0, -0.086436, 0.086436],
                [-0.0, 0.011563, -0.011563],
                [0.0, -0.056688, 0.056688],
                [-0.0, 0.135246, -0.135246],
                [0.040581, -0.010333, 0.025842],
                [0.089191, 0.063854, 0.037667],
                [-0.010245, 0.044932, 0.026035],
                [-0.030513, 0.025928, 0.03852],
                [-0.040581, -0.025842, 0.010333],
                [-0.089191, -0.037667, -0.063854],
                [0.010245, -0.026035, -0.044932],
                [0.030513, -0.03852, -0.025928]
            ]
        }
    },
    "atom_type": [
        "N",
        "N",
        "N",
        "N",
        "Zr",
        "Zr",
        "Zr",
        "Zr",
        "Zr",
        "Zr",
        "Zr",
        "Zr"
    ],
    "coordinate_mode": "Direct",
    "global_properties": {
        "energy": {
            "value": -115.7393
        }
    },
    "lattice_vectors": [
        [4.581042298704193, 2.3122429007733003, 2.312242900809596],
        [-4.576153237347631, 2.3073178413507653, 2.30731784138704],
        [-0.0024445306730047, -6.924561848652433, 2.305001116647449]
    ]
}