{
    "atom_coords": [
        [0.0, 0.749952313974596, 0.7498372130657671],
        [0.5, 0.8764405371948527, 0.125517389728536],
        [0.0, 0.9985594628051473, 0.499482610271464],
        [0.5, 0.1250476860254039, 0.8751627869342329],
        [0.0, 0.9926104875670845, 0.9940064423681889],
        [0.5, 0.1184510730589494, 0.377339532447067],
        [0.0, 0.2441448975056986, 0.751595300984512],
        [0.5, 0.3769645260849401, 0.1279297147042513],
        [0.0, 0.4980354739150599, 0.4970702852957487],
        [0.5, 0.6308551024943014, 0.873404699015488],
        [0.0, 0.7565489269410506, 0.247660467552933],
        [0.5, 0.8823895124329155, 0.6309935576318111]
    ],
    "atom_properties": {
        "force": {
            "value": [
                [-0.051376, 0.051376, -0.112774],
                [-0.050683, 0.050683, 0.00664],
                [0.050683, -0.050683, -0.00664],
                [0.051376, -0.051376, 0.112774],
                [-0.011048, 0.011048, 0.0368],
                [0.035643, -0.035643, 0.070312],
                [0.040191, -0.040191, 0.077944],
                [0.00956, -0.00956, 0.085913],
                [-0.00956, 0.00956, -0.085913],
                [-0.040191, 0.040191, -0.077944],
                [-0.035643, 0.035643, -0.070312],
                [0.011048, -0.011048, -0.0368]
            ]
        }
    },
    "atom_type": [
        "N",
        "N",
        "N",
        "N",
        "Zr",
        "Zr",
        "Zr",
        "Zr",
        "Zr",
        "Zr",
        "Zr",
        "Zr"
    ],
    "coordinate_mode": "Direct",
    "global_properties": {
        "energy": {
            "value": -115.65301
        }
    },
    "lattice_vectors": [
        [2.304454513398886, 2.304454513398886, 0.0],
        [-4.614821185057728, 4.614821185057728, 4.569037510697915],
        [4.616015115304574, -4.616015115304574, 4.5711971793036135]
    ]
}