{
    "atom_coords": [
        [0.0, 0.3743065742245619, 0.7497236789057595],
        [0.0, 0.6250825266239346, 0.25],
        [0.5, 0.749111562450608, 0.9981430199878076],
        [0.0, 0.8745828953188024, 0.7502763210942405],
        [0.5, 0.0009685424628074, 0.5018569800121924],
        [0.0, 0.9895468396514531, 0.9969608901789115],
        [0.5, 0.1217134041879575, 0.7427427271873981],
        [0.0, 0.2425859494725344, 0.5030391098210885],
        [0.5, 0.3820573553044184, 0.25],
        [0.0, 0.5118206563100429, 0.0016471675678957],
        [0.5, 0.6289706770005594, 0.7572572728126019],
        [0.0, 0.7601734887421472, 0.4983528324321114],
        [0.5, 0.864079528250187, 0.25]
    ],
    "atom_properties": {
        "force": {
            "value": [
                [-0.008238, 0.008238, 0.032249],
                [0.072687, -0.072687, 0.0],
                [-0.029593, 0.029593, 0.052286],
                [-0.008238, 0.008238, -0.032249],
                [-0.029593, 0.029593, -0.052286],
                [0.002408, -0.002408, -0.044522],
                [-0.006771, 0.006771, 0.045225],
                [0.002408, -0.002408, 0.044522],
                [-0.008653, 0.008653, -0.0],
                [-0.006906, 0.006906, -0.061967],
                [-0.006771, 0.006771, -0.045225],
                [-0.006906, 0.006906, 0.061967],
                [0.034169, -0.034169, 0.0]
            ]
        }
    },
    "atom_type": [
        "N",
        "N",
        "N",
        "N",
        "N",
        "Zr",
        "Zr",
        "Zr",
        "Zr",
        "Zr",
        "Zr",
        "Zr",
        "Zr"
    ],
    "coordinate_mode": "Direct",
    "global_properties": {
        "energy": {
            "value": -127.93984
        }
    },
    "lattice_vectors": [
        [2.3115968285883177, 2.3115968285883177, 0.0],
        [-4.592680746706579, 4.592680746706579, -1.06709e-11],
        [2.2963403783761938, -2.2963403783761938, 9.182682767690611]
    ]
}