{
    "atom_coords": [
        [0.25, 0.25, 0.7550207303937597],
        [0.25, 0.75, 0.5],
        [0.75, 0.25, 0.5],
        [0.75, 0.75, 0.2449792696062403],
        [0.0, 0.0, 0.0],
        [0.5, 0.5, 0.0],
        [0.4893557431586686, 0.0106442568413314, 0.7371684138564873],
        [0.0106442568413314, 0.4893557431586686, 0.7371684138564873],
        [0.0, 0.0, 0.5],
        [0.5, 0.5, 0.5],
        [0.5106442568413314, 0.9893557431586686, 0.2628315861435127],
        [0.9893557431586686, 0.5106442568413314, 0.2628315861435127]
    ],
    "atom_properties": {
        "force": {
            "value": [
                [-0.000951, 0.000951, 0.0],
                [0.0, -0.0, 0.0],
                [0.0, -0.0, 0.0],
                [0.000951, -0.000951, 0.0],
                [0.0, 0.0, 0.0],
                [0.0, 0.0, 0.0],
                [-0.055748, 0.055748, 0.058832],
                [-0.055748, 0.055748, -0.058832],
                [0.0, -0.0, 0.0],
                [0.0, 0.0, 0.0],
                [0.055748, -0.055748, -0.058832],
                [0.055748, -0.055748, 0.058832]
            ]
        }
    },
    "atom_type": [
        "N",
        "N",
        "N",
        "N",
        "Zr",
        "Zr",
        "Zr",
        "Zr",
        "Zr",
        "Zr",
        "Zr",
        "Zr"
    ],
    "coordinate_mode": "Direct",
    "global_properties": {
        "energy": {
            "value": -115.92781
        }
    },
    "lattice_vectors": [
        [-2.2922795391482866, -2.2922795391482866, -4.667087022732438],
        [-2.2922795391482866, -2.2922795391482866, 4.667087022732438],
        [-4.577458922239526, 4.577458922239526, 0.0]
    ]
}