{
    "atom_coords": [
        [0.6427398893949174, 0.2854798787898218, 0.0705673344207369],
        [0.0710536258774184, 0.1421071517548498, 0.7852913376770374],
        [0.7864187634728452, 0.5728375269457047, 0.6437613746473971],
        [0.50009997729817, 0.0001999545963258, 0.4994003377194147],
        [0.0100027070071746, 0.0200054140144346, 0.0032660297511384],
        [0.7079654122383303, 0.4159308244765896, 0.8554785858016061],
        [0.4297447703941515, 0.8594896407883468, 0.7073172553124678],
        [0.1397017878315481, 0.2794036756630547, 0.5751808914019776],
        [0.8620066317603019, 0.7240131635206453, 0.4343558591830359],
        [0.5711195246796237, 0.1422389493592533, 0.2843418688070685],
        [0.2791469100455259, 0.5582938200909737, 0.1410391252781267]
    ],
    "atom_properties": {
        "force": {
            "value": [
                [0.051547, 0.051547, -0.023012],
                [-0.10509, -0.10509, 0.049955],
                [0.006482, 0.006482, 0.064107],
                [0.026929, 0.026929, -0.092631],
                [0.013107, 0.013107, -0.027007],
                [-0.033845, -0.033845, -0.115523],
                [-0.053896, -0.053896, 0.066537],
                [0.022262, 0.022262, -0.055763],
                [0.04596, 0.04596, 0.035825],
                [0.037258, 0.037258, 0.076811],
                [-0.010714, -0.010714, 0.020702]
            ]
        }
    },
    "atom_type": [
        "N",
        "N",
        "N",
        "N",
        "Zr",
        "Zr",
        "Zr",
        "Zr",
        "Zr",
        "Zr",
        "Zr"
    ],
    "coordinate_mode": "Direct",
    "global_properties": {
        "energy": {
            "value": -107.50647
        }
    },
    "lattice_vectors": [
        [2.3195167544560293, -2.3195167544420907, 8.9983e-12],
        [2.2840788762416775, 4.603595620553347, -2.279223959410703],
        [2.3084213195146486, 2.3084213194649004, 9.154476864613885]
    ]
}