{
    "atom_coords": [
        [0.6673378169390105, 0.7493062834245023, 0.9160181826974707],
        [0.0, 0.25, 0.75],
        [0.3326621830609895, 0.7506937165754977, 0.5839818173025293],
        [0.0054805901509596, 0.9925825253884142, 0.9964562943096524],
        [0.3330779408390967, 0.5054423923755067, 0.8284016259463058],
        [0.6669220591609033, 0.9945576076244933, 0.6715983740536942],
        [0.9945194098490404, 0.5074174746115858, 0.5035437056903476],
        [0.3327388121889072, 0.0041465934909724, 0.3303756821312049],
        [0.6672611878110928, 0.4958534065090276, 0.169624317868788]
    ],
    "atom_properties": {
        "force": {
            "value": [
                [-0.071245, -0.071245, -0.028433],
                [-0.0, 0.0, 0.0],
                [0.071245, 0.071245, 0.028433],
                [-0.07344, -0.07344, 0.068257],
                [0.082872, 0.082872, -0.097262],
                [-0.082872, -0.082872, 0.097262],
                [0.07344, 0.07344, -0.068257],
                [-0.024573, -0.024573, -0.022771],
                [0.024573, 0.024573, 0.022771]
            ]
        }
    },
    "atom_type": [
        "N",
        "N",
        "N",
        "Zr",
        "Zr",
        "Zr",
        "Zr",
        "Zr",
        "Zr"
    ],
    "coordinate_mode": "Direct",
    "global_properties": {
        "energy": {
            "value": -86.782679
        }
    },
    "lattice_vectors": [
        [2.3023628735034265, -2.3023628735402326, -1.8262e-11],
        [4.600078086279991, 2.297715222846034, -2.270245941774511],
        [4.62482942264369, 2.322466559282016, 6.885520701064027]
    ]
}