{
    "atom_coords": [
        [0.400829784633487, 0.2999353946942023, 0.8984050360388167],
        [0.9995444527723194, 0.5007031159069228, 0.5002079785484312],
        [0.600455547227682, 0.69929688409308, 0.0997920214515702],
        [0.1991702153665074, 0.9000646053057935, 0.7015949639611847],
        [0.0046788249432552, 0.9952186379171906, 0.9954237121962706],
        [0.5953211750567462, 0.2047813620828123, 0.6045762878037308],
        [0.1948865120157919, 0.4149652508367083, 0.1952617251318003],
        [0.7999999999999972, 0.6000000000000014, 0.7999999999999972],
        [0.4051134879842095, 0.7850347491632874, 0.4047382748682011]
    ],
    "atom_properties": {
        "force": {
            "value": [
                [0.008423, -0.008423, -0.001307],
                [0.062242, -0.062242, -0.026832],
                [-0.062242, 0.062242, 0.026832],
                [-0.008423, 0.008423, 0.001307],
                [-0.003961, 0.003961, 0.000521],
                [0.003961, -0.003961, -0.000521],
                [-0.064798, 0.064798, -0.031687],
                [-0.0, -0.0, 0.0],
                [0.064798, -0.064798, 0.031687]
            ]
        }
    },
    "atom_type": [
        "N",
        "N",
        "N",
        "N",
        "Zr",
        "Zr",
        "Zr",
        "Zr",
        "Zr"
    ],
    "coordinate_mode": "Direct",
    "global_properties": {
        "energy": {
            "value": -90.289331
        }
    },
    "lattice_vectors": [
        [2.3074166790153434, 2.3074166789793757, -7.247e-13],
        [-2.302749631209727, 4.610166300079562, 2.2948555298136433],
        [2.308309444921594, -0.0008927659085381, 6.89195396300672]
    ]
}