{
    "atom_coords": [
        [0.0, 0.5, 0.2507340162673088],
        [0.0, 0.5, 0.4990989443126779],
        [0.5, 0.0, 0.6259010556873221],
        [0.5, 0.0, 0.8742659837326912],
        [0.0, 0.0, 0.991796740293573],
        [0.5, 0.5, 0.133203259706427],
        [0.0, 0.0, 0.2462724745468208],
        [0.5, 0.5, 0.3723020178254686],
        [0.0, 0.0, 0.5097213870188355],
        [0.5, 0.5, 0.6152786129811645],
        [0.0, 0.0, 0.7526979821745314],
        [0.5, 0.5, 0.8787275254531792]
    ],
    "atom_properties": {
        "force": {
            "value": [
                [-0.020062, 0.0, 0.020062],
                [0.030613, 0.0, -0.030613],
                [-0.030613, 0.0, 0.030613],
                [0.020062, 0.0, -0.020062],
                [-0.0039, 0.0, 0.0039],
                [0.0039, 0.0, -0.0039],
                [-0.00563, 0.0, 0.00563],
                [-0.015381, 0.0, 0.015381],
                [0.001756, 0.0, -0.001756],
                [-0.001756, 0.0, 0.001756],
                [0.015381, 0.0, -0.015381],
                [0.00563, 0.0, -0.00563]
            ]
        }
    },
    "atom_type": [
        "N",
        "N",
        "N",
        "N",
        "Zr",
        "Zr",
        "Zr",
        "Zr",
        "Zr",
        "Zr",
        "Zr",
        "Zr"
    ],
    "coordinate_mode": "Direct",
    "global_properties": {
        "energy": {
            "value": -115.90783
        }
    },
    "lattice_vectors": [
        [2.3320521484381764, 0.0, 2.3320521484381764],
        [0.0, 4.51966026905971, 0.0],
        [-9.281818410306549, 0.0, 9.281818410306549]
    ]
}