{
    "atom_coords": [
        [0.8999999999999986, 0.8999999999999986, 0.2999999999999972],
        [0.0014130096360034, 0.0014130096360034, 0.9957609710919755],
        [0.7985869903639937, 0.7985869903639937, 0.6042390289080259],
        [0.5988536391256787, 0.5988536391256787, 0.2034390826229782],
        [0.3999999999999986, 0.3999999999999986, 0.7999999999999972],
        [0.2011463608743256, 0.2011463608743256, 0.3965609173770233]
    ],
    "atom_properties": {
        "force": {
            "value": [
                [0.0, -0.0, 0.0],
                [0.035278, 0.035278, -0.035278],
                [-0.035278, -0.035278, 0.035278],
                [-0.034007, -0.034007, 0.034007],
                [0.0, -0.0, 0.0],
                [0.034007, 0.034007, -0.034007]
            ]
        }
    },
    "atom_type": [
        "N",
        "Zr",
        "Zr",
        "Zr",
        "Zr",
        "Zr"
    ],
    "coordinate_mode": "Direct",
    "global_properties": {
        "energy": {
            "value": -54.330004
        }
    },
    "lattice_vectors": [
        [2.293611277227803, 0.0, 2.293611277227803],
        [0.0, 2.293611277227803, 2.293611277227803],
        [-6.819821992968025, -6.819821992968025, 9.113433270195829]
    ]
}