{
    "atom_coords": [
        [0.5, 0.3747997243891561, 0.6259610774094355],
        [0.0, 0.6252002756108439, 0.8740389225905645],
        [0.0, 0.8742897626511805, 0.6255043113071039],
        [0.5, 0.8777562366132088, 0.1256056378046608],
        [0.5, 0.1257102373488195, 0.8744956886928961],
        [0.0, 0.1222437633867912, 0.3743943621953392],
        [0.0, 0.9915209795000237, 0.9995734585437006],
        [0.5, 0.0084790204999763, 0.5004265414562994],
        [0.5, 0.2395850676312108, 0.2551433797930258],
        [0.0, 0.2470923974201398, 0.7495259942163486],
        [0.0, 0.4945470829963128, 0.5033630677877738],
        [0.5, 0.5054529170036872, 0.9966369322122262],
        [0.5, 0.7529076025798602, 0.7504740057836514],
        [0.0, 0.7604149323687892, 0.2448566202069742]
    ],
    "atom_properties": {
        "force": {
            "value": [
                [-0.067137, 0.034882, 0.067137],
                [0.067137, -0.034882, -0.067137],
                [-0.002056, -0.019844, 0.002056],
                [0.067576, 0.008089, -0.067576],
                [0.002056, 0.019844, -0.002056],
                [-0.067576, -0.008089, 0.067576],
                [0.023236, 0.004579, -0.023236],
                [-0.023236, -0.004579, 0.023236],
                [-0.044919, 0.08829, 0.044919],
                [-0.01618, -0.004402, 0.01618],
                [-0.061145, 0.046472, 0.061145],
                [0.061145, -0.046472, -0.061145],
                [0.01618, 0.004402, -0.01618],
                [0.044919, -0.08829, -0.044919]
            ]
        }
    },
    "atom_type": [
        "N",
        "N",
        "N",
        "N",
        "N",
        "N",
        "Zr",
        "Zr",
        "Zr",
        "Zr",
        "Zr",
        "Zr",
        "Zr",
        "Zr"
    ],
    "coordinate_mode": "Direct",
    "global_properties": {
        "energy": {
            "value": -139.71541
        }
    },
    "lattice_vectors": [
        [2.3104875722120495, 0.0, 2.3104875722120495],
        [2.2941766590730186, 4.571536006820059, -2.2941766590730186],
        [-6.926467357697264, 4.615440699565693, 6.926467357697264]
    ]
}