{
    "atom_coords": [
        [0.25, 0.25, 0.25],
        [0.9950217844078253, 0.9950217844078253, 0.014934646776517],
        [0.5049782155921747, 0.5049782155921747, 0.485065353223483]
    ],
    "atom_properties": {
        "force": {
            "value": [
                [0.0, 0.0, 0.0],
                [-5.3e-05, -5.3e-05, -5.3e-05],
                [5.3e-05, 5.3e-05, 5.3e-05]
            ]
        }
    },
    "atom_type": [
        "N",
        "Zr",
        "Zr"
    ],
    "coordinate_mode": "Direct",
    "global_properties": {
        "energy": {
            "value": -28.956944
        }
    },
    "lattice_vectors": [
        [-2.323696886111095, 1.07621e-11, 2.3236968861326197],
        [1.07621e-11, -2.323696886111095, 2.3236968861326197],
        [2.266618377647426, 2.266618377647426, 4.590315253669409]
    ]
}