{
    "atom_coords": [
        [0.0, 0.0001250455196597, 0.7514439268392508],
        [0.5, 0.25, 0.4979268162482313],
        [0.0, 0.4998749544803403, 0.7514439268392508],
        [0.5, 0.75, 0.4999583395527338],
        [0.5, 0.75, 0.9965689863048155],
        [0.0, 0.99009307146558, 0.0024493968914285],
        [0.0, 1.99491775632e-05, 0.5046304646021582],
        [0.5, 0.25, 0.7415301161239114],
        [0.5, 0.25, 0.2472306936163591],
        [0.0, 0.4999800508224368, 0.5046304646021582],
        [0.0, 0.50990692853442, 0.0024493968914285],
        [0.5, 0.75, 0.2487039890214078],
        [0.5, 0.75, 0.7510334824668448]
    ],
    "atom_properties": {
        "force": {
            "value": [
                [-0.023373, 0.023373, 0.122896],
                [-0.0, -0.0, -0.17277],
                [0.023373, -0.023373, 0.122896],
                [-0.0, -0.0, -0.040143],
                [-0.0, 0.0, -0.042591],
                [0.042888, -0.042888, -0.015974],
                [-0.010108, 0.010108, 0.060389],
                [-0.0, 0.0, -0.073477],
                [-0.0, 0.0, -0.025889],
                [0.010108, -0.010108, 0.060389],
                [-0.042888, 0.042888, -0.015974],
                [-0.0, 0.0, 0.064687],
                [-0.0, -0.0, -0.044441]
            ]
        }
    },
    "atom_type": [
        "N",
        "N",
        "N",
        "N",
        "N",
        "Zr",
        "Zr",
        "Zr",
        "Zr",
        "Zr",
        "Zr",
        "Zr",
        "Zr"
    ],
    "coordinate_mode": "Direct",
    "global_properties": {
        "energy": {
            "value": -127.72371
        }
    },
    "lattice_vectors": [
        [2.3062739718373453, 2.3062739718373453, 0.0],
        [-4.601856941853196, 4.601856941853196, 0.0],
        [0.0, 0.0, 9.179003362506927]
    ]
}