{
    "atom_coords": [
        [0.4006309655288902, 0.9006309655288973, 0.8012619310577804],
        [0.5995705187674218, 0.0995705187674218, 0.1991410375348437],
        [0.8004294812325767, 0.3004294812325767, 0.6008589624651606],
        [0.9993690344711084, 0.4993690344711013, 0.9987380689422167],
        [0.0018114860204008, 0.001811486020415, 0.0036229720407945],
        [0.2000000000000028, 0.2000000000000028, 0.3999999999999986],
        [0.3981885139795978, 0.3981885139795835, 0.7963770279592026],
        [0.5961896227639087, 0.5961896227638803, 0.1923792455278104],
        [0.8038103772360898, 0.8038103772361183, 0.6076207544721939]
    ],
    "atom_properties": {
        "force": {
            "value": [
                [0.06446, -0.0, 0.06446],
                [0.007216, -0.0, 0.007216],
                [-0.007216, 0.0, -0.007216],
                [-0.06446, 0.0, -0.06446],
                [0.024788, -0.0, 0.024788],
                [-0.0, 0.0, -0.0],
                [-0.024788, 0.0, -0.024788],
                [-0.067224, 0.0, -0.067224],
                [0.067224, -0.0, 0.067224]
            ]
        }
    },
    "atom_type": [
        "N",
        "N",
        "N",
        "N",
        "Zr",
        "Zr",
        "Zr",
        "Zr",
        "Zr"
    ],
    "coordinate_mode": "Direct",
    "global_properties": {
        "energy": {
            "value": -90.240459
        }
    },
    "lattice_vectors": [
        [2.300351039161729, 0.0, -2.300351039161729],
        [-1.54287e-11, 4.587299732615467, -1.54287e-11],
        [4.621373056244204, -2.2936498713524274, 6.921724095405934]
    ]
}