{
    "atom_coords": [
        [0.5, 0.0, 0.75],
        [0.0, 0.0, 0.9949235694366791],
        [0.5, 0.5, 0.25],
        [0.0, 0.0, 0.5050764305633209],
        [0.5, 0.5, 0.75]
    ],
    "atom_properties": {
        "force": {
            "value": [
                [-0.0, 0.0, -0.0],
                [0.174334, 0.0, -0.174334],
                [0.0, 0.0, 0.0],
                [-0.174334, 0.0, 0.174334],
                [-0.0, 0.0, -0.0]
            ]
        }
    },
    "atom_type": [
        "N",
        "Zr",
        "Zr",
        "Zr",
        "Zr"
    ],
    "coordinate_mode": "Direct",
    "global_properties": {
        "energy": {
            "value": -45.89186
        }
    },
    "lattice_vectors": [
        [2.2893505173648454, 0.0, 2.2893505173648454],
        [0.0, 4.598038894537347, 0.0],
        [-4.563571880282813, 0.0, 4.563571880282813]
    ]
}