{
    "atom_coords": [
        [0.1668362275419426, 0.0839345343175211, 0.3336723550838911],
        [0.8333332999999996, 0.9166667000000004, 0.6666667000000004],
        [0.4998304724580578, 0.7493987656824785, 0.9996609449161085],
        [0.0002137294873208, 0.9885422146655571, 0.0004274589746487],
        [0.6664529705126796, 0.8447910853344425, 0.3329058410253509],
        [0.3369844680884455, 0.6785303066159614, 0.6739690361768922],
        [0.0005124049114187, 0.5080279302079518, 0.0010248098228374],
        [0.6661542950885817, 0.3253053697920478, 0.3323084901771622],
        [0.3296821319115537, 0.1548030933840394, 0.6593643638231086]
    ],
    "atom_properties": {
        "force": {
            "value": [
                [0.063502, 0.063502, -0.050119],
                [-0.0, -0.0, -0.0],
                [-0.063502, -0.063502, 0.050119],
                [-0.011047, -0.011047, 0.009495],
                [0.011047, 0.011047, -0.009495],
                [0.027131, 0.027131, -0.026146],
                [-0.019701, -0.019701, 0.002475],
                [0.019701, 0.019701, -0.002475],
                [-0.027131, -0.027131, 0.026146]
            ]
        }
    },
    "atom_type": [
        "N",
        "N",
        "N",
        "Zr",
        "Zr",
        "Zr",
        "Zr",
        "Zr",
        "Zr"
    ],
    "coordinate_mode": "Direct",
    "global_properties": {
        "energy": {
            "value": -86.871538
        }
    },
    "lattice_vectors": [
        [2.3047141750331135, -2.3047141750331135, 0.0],
        [4.5809855161347155, 4.5809855161347155, -0.0117697490587324],
        [-2.3064797756456845, -0.0017656006125705, 6.943613427720608]
    ]
}