{
    "atom_coords": [
        [0.0, 0.5, 0.25],
        [0.5, 0.0, 0.6251851258884429],
        [0.5, 0.0, 0.8748148741115571],
        [0.0, 0.0, 0.9911611252040018],
        [0.5, 0.5, 0.1330457165418437],
        [0.0, 0.0, 0.25],
        [0.5, 0.5, 0.3669542834581563],
        [0.0, 0.0, 0.5088388747959982],
        [0.5, 0.5, 0.6243568327887843],
        [0.0, 0.0, 0.75],
        [0.5, 0.5, 0.8756431672112157]
    ],
    "atom_properties": {
        "force": {
            "value": [
                [0.0, 0.0, 0.0],
                [-0.003505, 0.0, 0.003505],
                [0.003505, 0.0, -0.003505],
                [0.038732, 0.0, -0.038732],
                [-0.015211, 0.0, 0.015211],
                [0.0, 0.0, -0.0],
                [0.015211, 0.0, -0.015211],
                [-0.038732, 0.0, 0.038732],
                [-0.012502, 0.0, 0.012502],
                [0.0, 0.0, -0.0],
                [0.012502, 0.0, -0.012502]
            ]
        }
    },
    "atom_type": [
        "N",
        "N",
        "N",
        "Zr",
        "Zr",
        "Zr",
        "Zr",
        "Zr",
        "Zr",
        "Zr",
        "Zr"
    ],
    "coordinate_mode": "Direct",
    "global_properties": {
        "energy": {
            "value": -103.95064
        }
    },
    "lattice_vectors": [
        [2.343772566877905, 0.0, 2.343772566877905],
        [0.0, 4.504801040460888, 0.0],
        [-9.251801104865477, 0.0, 9.251801104865477]
    ]
}