{
    "atom_coords": [
        [0.8125003249191636, 0.9376478064935441, 0.62500064983832],
        [0.9374996750808364, 0.3123521935064559, 0.87499935016168],
        [0.0019840025234359, 0.0047309505828537, 0.0039680050468647],
        [0.1271188629211508, 0.3807385555874987, 0.2542377258423016],
        [0.2523503813474761, 0.7561181926941458, 0.5047007626949522],
        [0.375, 0.125, 0.75],
        [0.4976496186525239, 0.4938818073058542, 0.9952992373050478],
        [0.6228811370788492, 0.8692614444125013, 0.2457622741576984],
        [0.7480159974765641, 0.2452690494171463, 0.4960319949531353],
        [0.875, 0.625, 0.75]
    ],
    "atom_properties": {
        "force": {
            "value": [
                [0.001264, 0.026517, 0.001264],
                [-0.001264, -0.026517, -0.001264],
                [0.01316, -0.019755, 0.01316],
                [0.015601, 0.053591, 0.015601],
                [0.04145, -0.026862, 0.04145],
                [-0.0, -0.0, -0.0],
                [-0.04145, 0.026862, -0.04145],
                [-0.015601, -0.053591, -0.015601],
                [-0.01316, 0.019755, -0.01316],
                [-0.0, -0.0, -0.0]
            ]
        }
    },
    "atom_type": [
        "N",
        "N",
        "Zr",
        "Zr",
        "Zr",
        "Zr",
        "Zr",
        "Zr",
        "Zr",
        "Zr"
    ],
    "coordinate_mode": "Direct",
    "global_properties": {
        "energy": {
            "value": -91.735409
        }
    },
    "lattice_vectors": [
        [2.293189545352327, 0.0, -2.293189545352327],
        [2.299624240374849, 4.5548198474488455, 2.299624240374849],
        [4.57776169899684, -6.80783112903233, 6.870951244349167]
    ]
}