{
    "atom_coords": [
        [0.9998266143917576, 0.9996532287835151, 0.5002163861923634],
        [0.143155994969014, 0.2863120899380291, 0.9273698955892584],
        [0.7131212142605108, 0.4262424285210216, 0.6442133267860868],
        [0.0011484120744498, 0.0022968241488925, 0.0022025726695745],
        [0.5751541945214456, 0.1503082890428971, 0.7119529572569121],
        [0.143449942851575, 0.286899985703144, 0.4369598754830903],
        [0.7104089159775882, 0.4208178319551905, 0.1356315389320883],
        [0.2831193428207825, 0.5662386856415509, 0.8519360495722097],
        [0.8568519299850905, 0.7137037599701799, 0.5703420951064544],
        [0.4309062381477844, 0.8618125762955771, 0.2906038024119795]
    ],
    "atom_properties": {
        "force": {
            "value": [
                [-0.010054, -0.046559, -0.010054],
                [-0.018895, 0.05839, -0.018895],
                [0.024399, 0.051071, 0.024399],
                [0.003264, 0.027036, 0.003264],
                [-0.00294, -0.084368, -0.00294],
                [-0.001036, 0.046607, -0.001036],
                [-0.06578, -0.146378, -0.06578],
                [0.00901, 0.097204, 0.00901],
                [0.000951, -0.006003, 0.000951],
                [0.061082, 0.003, 0.061082]
            ]
        }
    },
    "atom_type": [
        "N",
        "N",
        "N",
        "Zr",
        "Zr",
        "Zr",
        "Zr",
        "Zr",
        "Zr",
        "Zr"
    ],
    "coordinate_mode": "Direct",
    "global_properties": {
        "energy": {
            "value": -95.194015
        }
    },
    "lattice_vectors": [
        [2.3025259688968895, 0.0, -2.3025259688968895],
        [-0.016437343183044, 6.903979540806953, 2.2860886257138455],
        [4.585276506873966, -4.617991349231589, 4.585276506873966]
    ]
}