{
    "atom_coords": [
        [0.2986179328192051, 0.8015264658764494, 0.601237668485112],
        [0.5001443986956744, 0.0012376684851105, 0.9984735341235478],
        [0.6998556013043284, 0.1987623315148923, 0.4015264658764508],
        [0.9013820671807906, 0.3984735341235464, 0.7987623315148866],
        [0.9944730230655949, 0.0149674128347925, 0.9960865410339608],
        [0.2055269769344079, 0.1850325871652103, 0.4039134589660378],
        [0.4094404359005068, 0.3960865410339593, 0.7850325871652046],
        [0.6000000000000014, 0.6000000000000014, 0.2000000000000028],
        [0.7905595640994889, 0.8039134589660364, 0.614967412834794]
    ],
    "atom_properties": {
        "force": {
            "value": [
                [-0.0, -0.045472, 0.004511],
                [0.0, 0.004511, 0.045472],
                [-0.0, -0.004511, -0.045472],
                [0.0, 0.045472, -0.004511],
                [0.0, 0.072191, 0.124227],
                [-0.0, -0.072191, -0.124227],
                [-0.0, 0.124227, -0.072191],
                [-0.0, 0.0, -0.0],
                [0.0, -0.124227, 0.072191]
            ]
        }
    },
    "atom_type": [
        "N",
        "N",
        "N",
        "N",
        "Zr",
        "Zr",
        "Zr",
        "Zr",
        "Zr"
    ],
    "coordinate_mode": "Direct",
    "global_properties": {
        "energy": {
            "value": -90.394534
        }
    },
    "lattice_vectors": [
        [4.635546419848701, 3.8563e-12, 1.15688e-11],
        [2.31777321499294, 4.590435183959129, 2.295217597160606],
        [2.3177732149929398, -2.295217597152893, 4.590435183962985]
    ]
}