{
    "atom_coords": [
        [0.5, 0.0, 0.875],
        [0.0, 0.0, 0.9961505339930454],
        [0.5, 0.5, 0.1302942081773324],
        [0.0, 0.0, 0.2496123463459057],
        [0.5, 0.5, 0.375],
        [0.0, 0.0, 0.5003876536540943],
        [0.5, 0.5, 0.6197057918226676],
        [0.0, 0.0, 0.7538494660069546],
        [0.5, 0.5, 0.875]
    ],
    "atom_properties": {
        "force": {
            "value": [
                [0.0, 0.0, 0.0],
                [0.047382, 0.0, -0.047382],
                [-0.055891, 0.0, 0.055891],
                [-0.013639, 0.0, 0.013639],
                [0.0, 0.0, 0.0],
                [0.013639, 0.0, -0.013639],
                [0.055891, 0.0, -0.055891],
                [-0.047382, 0.0, 0.047382],
                [0.0, 0.0, 0.0]
            ]
        }
    },
    "atom_type": [
        "N",
        "Zr",
        "Zr",
        "Zr",
        "Zr",
        "Zr",
        "Zr",
        "Zr",
        "Zr"
    ],
    "coordinate_mode": "Direct",
    "global_properties": {
        "energy": {
            "value": -79.881437
        }
    },
    "lattice_vectors": [
        [2.2880779549169685, 0.0, 2.2880779549169685],
        [0.0, 4.562123276406987, 0.0],
        [-9.093555936637685, 0.0, 9.093555936637685]
    ]
}