{
    "atom_coords": [
        [0.3736356239560124, 0.3736356239560124, 0.7472712479120176],
        [0.5013643760439876, 0.0013643760439876, 0.0027287520879824],
        [0.0032171330177704, 0.0032171330177704, 0.0064342660355479],
        [0.130179880062208, 0.630179880062208, 0.2603597601244445],
        [0.2518274161017118, 0.2518274161017118, 0.5036548322034307],
        [0.3792971825528113, 0.8792971825528184, 0.7585943651056581],
        [0.4957028174471887, 0.4957028174471816, 0.9914056348943419],
        [0.6231725838982882, 0.1231725838982882, 0.2463451677965693],
        [0.744820119937792, 0.744820119937792, 0.4896402398755555],
        [0.8717828669822296, 0.3717828669822296, 0.7435657339644521]
    ],
    "atom_properties": {
        "force": {
            "value": [
                [-0.0, -0.0, 0.013891],
                [0.0, 0.0, -0.013891],
                [-0.0, -0.0, 0.008642],
                [-0.0, -0.0, 0.03308],
                [-0.0, -0.0, 0.005734],
                [-0.0, -0.0, 0.048917],
                [0.0, 0.0, -0.048917],
                [0.0, 0.0, -0.005734],
                [0.0, 0.0, -0.03308],
                [0.0, 0.0, -0.008642]
            ]
        }
    },
    "atom_type": [
        "N",
        "N",
        "Zr",
        "Zr",
        "Zr",
        "Zr",
        "Zr",
        "Zr",
        "Zr",
        "Zr"
    ],
    "coordinate_mode": "Direct",
    "global_properties": {
        "energy": {
            "value": -92.025499
        }
    },
    "lattice_vectors": [
        [4.572745312265251, 0.0, -6.3118e-12],
        [0.0, 4.5524398541761375, -6.5329e-12],
        [-2.2863726611353914, -2.276219932069222, 9.189096056804173]
    ]
}