{
    "atom_coords": [
        [0.75, 0.125, 0.6875],
        [0.750875999392214, 0.6249174302089742, 0.9380168422478619],
        [0.248284362555772, 0.3740659358088365, 0.0622657734340137],
        [0.75, 0.125, 0.1875],
        [0.251715637444228, 0.8759340641911635, 0.3127342265659863],
        [0.749124000607786, 0.6250825697910258, 0.4369831577521381],
        [0.9944629046706055, 0.0063906740095732, 0.0050673901975813],
        [0.5018262812815308, 0.7406418646199455, 0.1323674582850458],
        [0.9981737187184692, 0.5093581353800545, 0.2426325417149542],
        [0.5055370953293874, 0.2436093259904268, 0.3699326098024187],
        [0.9897816901891758, 0.9903050632308208, 0.492084655849979],
        [0.5140806329174268, 0.761122427301558, 0.6226940880612162],
        [0.9859193670825732, 0.488877572698442, 0.7523059119387838],
        [0.5102183098108242, 0.2596949367691792, 0.882915344150021]
    ],
    "atom_properties": {
        "force": {
            "value": [
                [0.0, 0.0, 0.0],
                [0.001191, 0.004729, -0.007083],
                [-0.015488, -0.00171, 0.014116],
                [0.0, 0.0, 0.0],
                [0.015488, 0.00171, -0.014116],
                [-0.001191, -0.004729, 0.007083],
                [0.002524, 0.001447, -0.011902],
                [-0.003043, -0.017645, 0.007384],
                [0.003043, 0.017645, -0.007384],
                [-0.002524, -0.001447, 0.011902],
                [0.045019, -0.030023, -0.027377],
                [0.007761, 0.012782, -0.00499],
                [-0.007761, -0.012782, 0.00499],
                [-0.045019, 0.030023, 0.027377]
            ]
        }
    },
    "atom_type": [
        "N",
        "N",
        "N",
        "N",
        "N",
        "N",
        "Zr",
        "Zr",
        "Zr",
        "Zr",
        "Zr",
        "Zr",
        "Zr",
        "Zr"
    ],
    "coordinate_mode": "Direct",
    "global_properties": {
        "energy": {
            "value": -140.00107
        }
    },
    "lattice_vectors": [
        [2.287019332618471, 2.3094327213444665, -4.590219191965004],
        [-2.289494401626035, 4.628264448577038, 2.298503295173229],
        [4.599597334279979, 0.0058373548900296, 4.605911503557777]
    ]
}