{
    "atom_coords": [
        [0.7517141575482285, 0.8745833694030978, 0.375330321761858],
        [0.2482858424517715, 0.6254166305969022, 0.624669678238142],
        [0.75, 0.8753659843507506, 0.8746340156492494],
        [0.7482858424517715, 0.374669678238142, 0.8754166305969022],
        [0.2517141575482285, 0.125330321761858, 0.1245833694030978],
        [0.25, 0.6246340156492494, 0.1253659843507506],
        [0.9922312912804685, 0.9960352211611152, 0.0082154928170723],
        [0.0077687087195315, 0.5039647788388848, 0.9917845071829277],
        [0.4974679586083255, 0.2510692730230488, 0.2386325796299928],
        [0.4922312912804685, 0.7582154928170723, 0.2460352211611152],
        [0.0025320413916745, 0.5113674203700072, 0.4989307269769512],
        [0.9974679586083255, 0.9886325796299928, 0.5010692730230488],
        [0.5077687087195315, 0.7417845071829277, 0.7539647788388848],
        [0.5025320413916745, 0.2489307269769512, 0.7613674203700072]
    ],
    "atom_properties": {
        "force": {
            "value": [
                [-0.071291, 0.050018, 0.048439],
                [0.071291, -0.050018, -0.048439],
                [0.0, 0.013432, -0.013432],
                [0.071291, -0.048439, -0.050018],
                [-0.071291, 0.048439, 0.050018],
                [0.0, -0.013432, 0.013432],
                [-0.016835, 0.010605, 0.001759],
                [0.016835, -0.010605, -0.001759],
                [-0.037184, 0.020566, 0.038618],
                [-0.016835, 0.001759, 0.010605],
                [0.037184, -0.038618, -0.020566],
                [-0.037184, 0.038618, 0.020566],
                [0.016835, -0.001759, -0.010605],
                [0.037184, -0.020566, -0.038618]
            ]
        }
    },
    "atom_type": [
        "N",
        "N",
        "N",
        "N",
        "N",
        "N",
        "Zr",
        "Zr",
        "Zr",
        "Zr",
        "Zr",
        "Zr",
        "Zr",
        "Zr"
    ],
    "coordinate_mode": "Direct",
    "global_properties": {
        "energy": {
            "value": -140.04718
        }
    },
    "lattice_vectors": [
        [4.626801079599443, -2.29724391236184, -2.29724391236184],
        [4.620965393991195, 4.5880139487389, -0.0050040875081344],
        [4.620965393991195, -0.0050040875081345, 4.5880139487389]
    ]
}