{
    "atom_coords": [
        [0.75, 0.75, 0.75],
        [0.0, 0.0, 0.0],
        [0.5003714550859257, 0.9996285449140743, 0.9996285449140743],
        [0.9996285449140743, 0.5003714550859257, 0.9996285449140743],
        [0.5003714550859257, 0.5003714550859257, 0.9996285449140743],
        [0.9996285449140743, 0.9996285449140743, 0.5003714550859257],
        [0.5003714550859257, 0.9996285449140743, 0.5003714550859257],
        [0.9996285449140743, 0.5003714550859257, 0.5003714550859257],
        [0.5, 0.5, 0.5]
    ],
    "atom_properties": {
        "force": {
            "value": [
                [0.0, 0.0, 0.0],
                [0.0, 0.0, 0.0],
                [-0.024551, 0.0, 0.0],
                [0.0, -0.024551, 0.0],
                [0.0, 0.0, 0.024551],
                [0.0, 0.0, -0.024551],
                [0.0, 0.024551, 0.0],
                [0.024551, 0.0, 0.0],
                [0.0, -0.0, -0.0]
            ]
        }
    },
    "atom_type": [
        "N",
        "Zr",
        "Zr",
        "Zr",
        "Zr",
        "Zr",
        "Zr",
        "Zr",
        "Zr"
    ],
    "coordinate_mode": "Direct",
    "global_properties": {
        "energy": {
            "value": -79.881659
        }
    },
    "lattice_vectors": [
        [0.0, 4.5525127382233, 4.5525127382233],
        [4.5525127382233, 0.0, 4.5525127382233],
        [4.5525127382233, 4.5525127382233, 0.0]
    ]
}