{
    "atom_coords": [
        [0.7502921495918429, 0.8751495736792521, 0.3751495736792521],
        [0.25, 0.625, 0.625],
        [0.7497078504081571, 0.3748504263207479, 0.8748504263207479],
        [0.25, 0.125, 0.125],
        [0.25, 0.625, 0.125],
        [0.9990243405226025, 0.9985758698166194, 0.0105796567390684],
        [0.0133067943059189, 0.4950696005392956, 0.9950696005392956],
        [0.5009756594773975, 0.2514241301833806, 0.2394203432609316],
        [0.4866932056940811, 0.7549303994607044, 0.2549303994607044],
        [0.9990243405226025, 0.5105796567390684, 0.4985758698166194],
        [0.998633999154265, 0.993190035607185, 0.493190035607185],
        [0.5009756594773975, 0.7394203432609316, 0.7514241301833806],
        [0.501366000845735, 0.256809964392815, 0.756809964392815]
    ],
    "atom_properties": {
        "force": {
            "value": [
                [-0.092122, 0.060417, 0.060417],
                [-0.0, -0.0, 0.0],
                [0.092122, -0.060417, -0.060417],
                [-0.0, -0.0, 0.0],
                [-0.0, -0.0, 0.0],
                [0.013081, -0.011404, -0.01883],
                [0.022927, 0.011971, 0.011971],
                [-0.013081, 0.011404, 0.01883],
                [-0.022927, -0.011971, -0.011971],
                [0.013081, -0.01883, -0.011404],
                [-0.074559, 0.108372, 0.108372],
                [-0.013081, 0.01883, 0.011404],
                [0.074559, -0.108372, -0.108372]
            ]
        }
    },
    "atom_type": [
        "N",
        "N",
        "N",
        "N",
        "N",
        "Zr",
        "Zr",
        "Zr",
        "Zr",
        "Zr",
        "Zr",
        "Zr",
        "Zr"
    ],
    "coordinate_mode": "Direct",
    "global_properties": {
        "energy": {
            "value": -128.08631
        }
    },
    "lattice_vectors": [
        [4.62030304164698, -2.2959581800533306, -2.2959581800533306],
        [4.616122016724301, 4.592268148052368, -0.0086544333086642],
        [4.616122016724301, -0.0086544333086642, 4.592268148052368]
    ]
}