{
    "atom_coords": [
        [0.5624913037544985, 0.5624913037544985, 0.3125260887365044],
        [0.4375086962455015, 0.4375086962455015, 0.6874739112634956],
        [0.1875397121585038, 0.1875397121585038, 0.4373808635244956],
        [0.0626991355759614, 0.0626991355759614, 0.8119025932721158],
        [0.9373008644240386, 0.9373008644240386, 0.1880974067278842],
        [0.8124602878414962, 0.8124602878414962, 0.5626191364755044],
        [0.0, 0.0, 0.0],
        [0.874772501627362, 0.874772501627362, 0.375682495117907],
        [0.7493669234040752, 0.7493669234040752, 0.7518992297877816],
        [0.6246495411538646, 0.6246495411538646, 0.126051376538399],
        [0.5, 0.5, 0.5],
        [0.3753504588461354, 0.3753504588461354, 0.873948623461601],
        [0.2506330765959248, 0.2506330765959248, 0.2481007702122184],
        [0.125227498372638, 0.125227498372638, 0.624317504882093]
    ],
    "atom_properties": {
        "force": {
            "value": [
                [0.031717, 0.031717, -0.031717],
                [-0.031717, -0.031717, 0.031717],
                [0.016527, 0.016527, -0.016527],
                [0.017314, 0.017314, -0.017314],
                [-0.017314, -0.017314, 0.017314],
                [-0.016527, -0.016527, 0.016527],
                [0.0, 0.0, 0.0],
                [0.018487, 0.018487, -0.018487],
                [0.024009, 0.024009, -0.024009],
                [-0.034808, -0.034808, 0.034808],
                [-0.0, 0.0, 0.0],
                [0.034808, 0.034808, -0.034808],
                [-0.024009, -0.024009, 0.024009],
                [-0.018487, -0.018487, 0.018487]
            ]
        }
    },
    "atom_type": [
        "N",
        "N",
        "N",
        "N",
        "N",
        "N",
        "Zr",
        "Zr",
        "Zr",
        "Zr",
        "Zr",
        "Zr",
        "Zr",
        "Zr"
    ],
    "coordinate_mode": "Direct",
    "global_properties": {
        "energy": {
            "value": -139.26594
        }
    },
    "lattice_vectors": [
        [2.2969121551116403, 0.0, 2.2969121551116403],
        [0.0, 2.2969121551116403, 2.2969121551116403],
        [-11.488751354755419, -11.488751354755419, 13.78566350986706]
    ]
}