{
    "atom_coords": [
        [0.0, 0.0, 0.125],
        [0.5, 0.5, 0.4987956107273774],
        [0.0, 0.0, 0.625],
        [0.5, 0.5, 0.7512043892726226],
        [0.0, 0.0, 0.9997029037814755],
        [0.5, 0.5, 0.125],
        [0.0, 0.0, 0.2502970962185245],
        [0.5, 0.5, 0.3718421854852707],
        [0.0, 0.0, 0.501757813452059],
        [0.5, 0.5, 0.625],
        [0.0, 0.0, 0.748242186547941],
        [0.5, 0.5, 0.8781578145147293]
    ],
    "atom_properties": {
        "force": {
            "value": [
                [-0.0, -0.0, 0.0],
                [0.0, 0.0, 0.16367],
                [-0.0, -0.0, 0.0],
                [-0.0, -0.0, -0.16367],
                [0.0, 0.0, -0.030914],
                [0.0, 0.0, 0.0],
                [-0.0, -0.0, 0.030914],
                [0.0, 0.0, 0.094033],
                [-0.0, 0.0, -0.037932],
                [0.0, 0.0, 0.0],
                [-0.0, -0.0, 0.037932],
                [-0.0, -0.0, -0.094033]
            ]
        }
    },
    "atom_type": [
        "N",
        "N",
        "N",
        "N",
        "Zr",
        "Zr",
        "Zr",
        "Zr",
        "Zr",
        "Zr",
        "Zr",
        "Zr"
    ],
    "coordinate_mode": "Direct",
    "global_properties": {
        "energy": {
            "value": -115.46811
        }
    },
    "lattice_vectors": [
        [2.303972700193645, 2.303972700193645, 0.0],
        [2.303972700193645, -2.303972700193645, 0.0],
        [0.0, 0.0, -18.194407475038933]
    ]
}