{
    "atom_coords": [
        [0.928415831826797, 0.928415831826797, 0.2147524045196221],
        [0.2142856999999978, 0.2142856999999978, 0.3571428999999995],
        [0.5001555681732057, 0.5001555681732057, 0.4995332954803757],
        [0.0007069464744731, 0.0007069464744731, 0.9978791605765949],
        [0.1433330026343, 0.1433330026343, 0.5700008920970987],
        [0.2852383973657027, 0.2852383973657027, 0.1442848079028991],
        [0.4278644535255296, 0.4278644535255296, 0.7164065394234029],
        [0.572301518901952, 0.572301518901952, 0.2830955432941451],
        [0.7142856999999978, 0.7142856999999978, 0.8571428999999995],
        [0.8562699810980448, 0.8562699810980448, 0.4311901567058598]
    ],
    "atom_properties": {
        "force": {
            "value": [
                [0.005901, -0.005901, -0.005901],
                [-0.0, 0.0, -0.0],
                [-0.005901, 0.005901, 0.005901],
                [0.069635, -0.069635, -0.069635],
                [-0.033683, 0.033683, 0.033683],
                [0.033683, -0.033683, -0.033683],
                [-0.069635, 0.069635, 0.069635],
                [0.006318, -0.006318, -0.006318],
                [-0.0, 0.0, -0.0],
                [-0.006318, 0.006318, 0.006318]
            ]
        }
    },
    "atom_type": [
        "N",
        "N",
        "N",
        "Zr",
        "Zr",
        "Zr",
        "Zr",
        "Zr",
        "Zr",
        "Zr"
    ],
    "coordinate_mode": "Direct",
    "global_properties": {
        "energy": {
            "value": -95.142679
        }
    },
    "lattice_vectors": [
        [2.2906959261868765, 2.774e-12, 2.290695926192425],
        [2.2906959261868765, 2.290695926192425, 2.774e-12],
        [-9.121841329812083, 11.41253724604087, 11.41253724604087]
    ]
}