{
    "atom_coords": [
        [0.7859112866902862, 0.7859112866902862, 0.6422661399291627],
        [0.9283744133097187, 0.9283744133097187, 0.2148766600708356],
        [0.2141885929777345, 0.2141885929777345, 0.3574342210667822],
        [0.3571428999999995, 0.3571428999999995, 0.9285714000000027],
        [0.5000971070222633, 0.5000971070222633, 0.4997086789332172],
        [0.0011556136905995, 0.0011556136905995, 0.9965331589281874],
        [0.1421144174365949, 0.1421144174365949, 0.5736566476902212],
        [0.2849736031867707, 0.2849736031867707, 0.1450791904396951],
        [0.4293120968132342, 0.4293120968132342, 0.7120636095603032],
        [0.5721712825634029, 0.5721712825634029, 0.2834862523097783],
        [0.7131300863093983, 0.7131300863093983, 0.8606097410718121],
        [0.8571428999999995, 0.8571428999999995, 0.4285714000000027]
    ],
    "atom_properties": {
        "force": {
            "value": [
                [-0.018852, 0.018852, 0.018852],
                [0.018852, -0.018852, -0.018852],
                [0.000131, -0.000131, -0.000131],
                [0.0, -0.0, -0.0],
                [-0.000131, 0.000131, 0.000131],
                [0.014627, -0.014627, -0.014627],
                [0.041975, -0.041975, -0.041975],
                [-0.034915, 0.034915, 0.034915],
                [0.034915, -0.034915, -0.034915],
                [-0.041975, 0.041975, 0.041975],
                [-0.014627, 0.014627, 0.014627],
                [-0.0, -0.0, -0.0]
            ]
        }
    },
    "atom_type": [
        "N",
        "N",
        "N",
        "N",
        "N",
        "Zr",
        "Zr",
        "Zr",
        "Zr",
        "Zr",
        "Zr",
        "Zr"
    ],
    "coordinate_mode": "Direct",
    "global_properties": {
        "energy": {
            "value": -118.94317
        }
    },
    "lattice_vectors": [
        [2.301505009697756, -2.1628e-12, 2.30150500969343],
        [2.301505009697756, 2.30150500969343, -2.1628e-12],
        [-9.188652195160813, 11.490157194779158, 11.490157194779158]
    ]
}