{
    "atom_coords": [
        [0.5, 0.5, 0.5],
        [0.0, 0.0, 0.0]
    ],
    "atom_properties": {
        "force": {
            "value": [
                [0.0, -0.0, -0.0],
                [-0.0, 0.0, 0.0]
            ]
        }
    },
    "atom_type": [
        "N",
        "Zr"
    ],
    "coordinate_mode": "Direct",
    "global_properties": {
        "energy": {
            "value": -20.369797
        }
    },
    "lattice_vectors": [
        [0.0, 2.2979763052546, 2.2979763052546],
        [2.2979763052546, 0.0, 2.2979763052546],
        [2.2979763052546, 2.2979763052546, 0.0]
    ]
}
