{
    "atom_coords": [
        [0.571797916098248, 0.0717979160982551, 0.1435957321965091],
        [0.8574185110272765, 0.3574185110272765, 0.7148369220545447],
        [0.9999031086022327, 0.4999031086022256, 0.9998062172044584],
        [0.00496630371957, 0.0049663037195629, 0.0099326074391399],
        [0.1422130510102875, 0.1422130510102946, 0.2844262020205832],
        [0.2876688178884379, 0.2876688178884379, 0.5753376357768687],
        [0.426889247386157, 0.4268892473861641, 0.8537785947723151],
        [0.56822757922383, 0.56822757922383, 0.136455058447666],
        [0.7151527813917156, 0.7151527813917156, 0.4303055627834453],
        [0.8543341836522345, 0.8543341836522416, 0.7086682673044749]
    ],
    "atom_properties": {
        "force": {
            "value": [
                [0.101151, -0.0, 0.101151],
                [0.044643, -0.0, 0.044643],
                [-0.110393, 0.0, -0.110393],
                [-0.003408, 0.0, -0.003408],
                [0.035758, -0.0, 0.035758],
                [-0.029749, 0.0, -0.029749],
                [0.019912, -0.0, 0.019912],
                [-0.009715, 0.0, -0.009715],
                [0.039635, -0.0, 0.039635],
                [-0.087835, 0.0, -0.087835]
            ]
        }
    },
    "atom_type": [
        "N",
        "N",
        "N",
        "Zr",
        "Zr",
        "Zr",
        "Zr",
        "Zr",
        "Zr",
        "Zr"
    ],
    "coordinate_mode": "Direct",
    "global_properties": {
        "energy": {
            "value": -95.350874
        }
    },
    "lattice_vectors": [
        [2.3031227185029244, 0.0, -2.3031227185029244],
        [-3.1775e-12, 4.558794624391977, -3.1775e-12],
        [6.88423887881693, -2.279397317182208, 9.187361597319855]
    ]
}