{
    "atom_coords": [
        [0.3130978414342707, 0.4379827454281653, 0.6261956828685413],
        [0.4365890853155889, 0.8130387892515571, 0.873178170631185],
        [0.6877179105368612, 0.5647955817683581, 0.3754358210737294],
        [0.8127234648725477, 0.9392286537927532, 0.6254469297450953],
        [0.9365809281526865, 0.3111707470855407, 0.8731618563053658],
        [0.9997132893883389, 7.4844908795e-06, 0.999426578776685],
        [0.1269818003810741, 0.3775102937495021, 0.2539636007621411],
        [0.249069795158519, 0.738279146351573, 0.4981395903170238],
        [0.3764736475082699, 0.1246756106321527, 0.7529472950165257],
        [0.4981497556842527, 0.4999538671600945, 0.9962995113685054],
        [0.6240562821150846, 0.8721079324092784, 0.248112564230162],
        [0.7504417174496467, 0.2569143929456246, 0.5008834348992863],
        [0.8759044820028663, 0.6268347549345137, 0.7518089640057397]
    ],
    "atom_properties": {
        "force": {
            "value": [
                [0.050784, -0.061203, 0.050784],
                [-0.022039, 0.043792, -0.022039],
                [0.027965, 0.025698, 0.027965],
                [-0.009528, 0.025327, -0.009528],
                [-0.020742, 0.010182, -0.020742],
                [-0.027591, 0.024557, -0.027591],
                [0.060402, -0.068846, 0.060402],
                [-0.007045, -0.08369, -0.007045],
                [0.003528, 0.006474, 0.003528],
                [-0.047194, 0.067596, -0.047194],
                [-0.067542, 0.027886, -0.067542],
                [0.052143, -0.038544, 0.052143],
                [0.006859, 0.020772, 0.006859]
            ]
        }
    },
    "atom_type": [
        "N",
        "N",
        "N",
        "N",
        "N",
        "Zr",
        "Zr",
        "Zr",
        "Zr",
        "Zr",
        "Zr",
        "Zr",
        "Zr"
    ],
    "coordinate_mode": "Direct",
    "global_properties": {
        "energy": {
            "value": -127.51185
        }
    },
    "lattice_vectors": [
        [2.3005308145773027, 0.0, -2.3005308145773027],
        [2.297643896971274, 4.590182877296947, 2.297643896971274],
        [4.617006510372821, -6.908408884927914, 6.917537324950126]
    ]
}