{
    "atom_coords": [
        [0.5, 0.2516635152317406, 0.499822329236828],
        [0.0, 0.4997597404999752, 0.2508889194392623],
        [0.5, 0.7490275119322689, 0.4999940857669287],
        [0.5, 0.7490583488686795, 0.0021826929219415],
        [0.0, 0.9931488573506257, 0.9952768113591404],
        [0.0, 0.0002684354844931, 0.5020535506911017],
        [0.5, 0.2488608263766707, 0.7504344201511799],
        [0.5, 0.2580718426025683, 0.2542485365674452],
        [0.0, 0.5007906660319819, 0.4954918309552099],
        [0.0, 0.5097895483402795, 0.998911761795533],
        [0.5, 0.7371701939103446, 0.2497604977277987],
        [0.5, 0.7523905133703579, 0.7509345633876237]
    ],
    "atom_properties": {
        "force": {
            "value": [
                [-0.015423, 0.015423, 0.045793],
                [0.065774, -0.065774, -0.068306],
                [0.001269, -0.001269, 0.033152],
                [-0.039517, 0.039517, 0.038541],
                [0.01432, -0.01432, -0.085234],
                [-0.008749, 0.008749, 0.018412],
                [-0.03191, 0.03191, -0.009392],
                [0.060312, -0.060312, 0.017744],
                [-0.007424, 0.007424, 0.081218],
                [-0.030664, 0.030664, -0.090218],
                [0.008361, -0.008361, 0.073572],
                [-0.016349, 0.016349, -0.05528]
            ]
        }
    },
    "atom_type": [
        "N",
        "N",
        "N",
        "N",
        "Zr",
        "Zr",
        "Zr",
        "Zr",
        "Zr",
        "Zr",
        "Zr",
        "Zr"
    ],
    "coordinate_mode": "Direct",
    "global_properties": {
        "energy": {
            "value": -115.78701
        }
    },
    "lattice_vectors": [
        [2.308646289012242, 2.308646289012242, 0.0],
        [-4.597509452956155, 4.597509452956155, -0.0210996210855553],
        [0.0211924663260113, -0.0211924663260113, 9.150665988452882]
    ]
}