{
    "atom_coords": [
        [0.0, 0.0, 0.2476584458338564],
        [0.0, 0.5, 0.5],
        [0.0, 0.0, 0.7523415541661436],
        [0.5, 0.0, 0.0],
        [0.0, 0.5, 0.0],
        [0.0, 0.0, 0.0],
        [0.5, 0.5, 0.0],
        [0.0, 0.5, 0.2563980194434876],
        [0.5, 0.0, 0.2449245339233102],
        [0.0, 0.0, 0.5],
        [0.5, 0.5, 0.5],
        [0.0, 0.5, 0.7436019805565124],
        [0.5, 0.0, 0.7550754660766898]
    ],
    "atom_properties": {
        "force": {
            "value": [
                [0.0, 0.0, -0.030065],
                [0.0, -0.0, -0.0],
                [0.0, -0.0, 0.030065],
                [0.0, -0.0, -0.0],
                [0.0, -0.0, -0.0],
                [0.0, -0.0, -0.0],
                [0.0, -0.0, -0.0],
                [0.0, -0.0, 0.020687],
                [0.0, 0.0, -0.02274],
                [0.0, -0.0, -0.0],
                [0.0, -0.0, -0.0],
                [0.0, -0.0, -0.020687],
                [0.0, -0.0, 0.02274]
            ]
        }
    },
    "atom_type": [
        "N",
        "N",
        "N",
        "N",
        "N",
        "Zr",
        "Zr",
        "Zr",
        "Zr",
        "Zr",
        "Zr",
        "Zr",
        "Zr"
    ],
    "coordinate_mode": "Direct",
    "global_properties": {
        "energy": {
            "value": -127.43849
        }
    },
    "lattice_vectors": [
        [4.5521931146338295, 0.0, 0.0],
        [0.0, 4.615085814810342, 0.0],
        [0.0, 0.0, 9.22989727140801]
    ]
}