{
    "atom_coords": [
        [0.6992821057502212, 0.6992821057502212, 0.3985642115004353],
        [0.3007178942497788, 0.3007178942497788, 0.6014357884995647],
        [0.0, 0.0, 0.0],
        [0.797930201445844, 0.797930201445844, 0.5958604028916881],
        [0.5979094988610285, 0.5979094988610285, 0.195818997722057],
        [0.4020905011389715, 0.4020905011389715, 0.804181002277943],
        [0.202069798554156, 0.202069798554156, 0.4041395971083119]
    ],
    "atom_properties": {
        "force": {
            "value": [
                [-0.0, 0.0, -0.175251],
                [-0.0, 0.0, 0.175251],
                [-0.0, 0.0, -0.0],
                [0.0, 0.0, 0.02798],
                [-0.0, 0.0, -0.127964],
                [0.0, 0.0, 0.127964],
                [-0.0, 0.0, -0.02798]
            ]
        }
    },
    "atom_type": [
        "N",
        "N",
        "Zr",
        "Zr",
        "Zr",
        "Zr",
        "Zr"
    ],
    "coordinate_mode": "Direct",
    "global_properties": {
        "energy": {
            "value": -66.354282
        }
    },
    "lattice_vectors": [
        [2.2975256012908134, -2.2975256012908134, 0.0],
        [2.2975256012908134, 2.2975256012908134, 0.0],
        [-2.2975256012908134, 0.0, 11.322836207432823]
    ]
}