{
    "atom_coords": [
        [0.5, 0.25, 0.5],
        [0.5, 0.75, 0.5],
        [0.5, 0.75, 0.0],
        [0.0, 0.9936285451640359, 0.0],
        [0.0, 0.9990177129963556, 0.5],
        [0.5, 0.25, 0.7487984704130639],
        [0.5, 0.25, 0.2512015295869361],
        [0.0, 0.5009822870036444, 0.5],
        [0.0, 0.5063714548359641, 0.0],
        [0.5, 0.75, 0.2490653863737222],
        [0.5, 0.75, 0.7509346136262778]
    ],
    "atom_properties": {
        "force": {
            "value": [
                [0.0, 0.0, 0.0],
                [0.0, 0.0, 0.0],
                [0.0, 0.0, 0.0],
                [0.005086, -0.005086, 0.0],
                [0.012128, -0.012128, 0.0],
                [0.0, 0.0, 0.014183],
                [0.0, 0.0, -0.014183],
                [-0.012128, 0.012128, 0.0],
                [-0.005086, 0.005086, 0.0],
                [0.0, 0.0, 0.083455],
                [0.0, 0.0, -0.083455]
            ]
        }
    },
    "atom_type": [
        "N",
        "N",
        "N",
        "Zr",
        "Zr",
        "Zr",
        "Zr",
        "Zr",
        "Zr",
        "Zr",
        "Zr"
    ],
    "coordinate_mode": "Direct",
    "global_properties": {
        "energy": {
            "value": -103.7338
        }
    },
    "lattice_vectors": [
        [2.300679551116567, 2.300679551116567, 0.0],
        [-4.592779120314486, 4.592779120314486, 0.0],
        [0.0, 0.0, 9.097797670650566]
    ]
}