{
    "atom_coords": [
        [0.75, 0.25, 0.5022509892748417],
        [0.75, 0.75, 0.2513598563205051],
        [0.25, 0.25, 0.2513598563205051],
        [0.0043518188004867, 0.9956481811995133, 0.0069273020148586],
        [0.4956481811995133, 0.5043518188004867, 0.0069273020148586],
        [0.4984238949680275, 0.9984238949680275, 0.7477993957065507],
        [0.0015761050319725, 0.5015761050319725, 0.7477993957065507],
        [0.9949729249289376, 0.0050270750710624, 0.4881372753062436],
        [0.5050270750710624, 0.4949729249289376, 0.4881372753062436],
        [0.5071343770936849, 0.0071343770936849, 0.2546506760144212],
        [0.9928656229063151, 0.4928656229063151, 0.2546506760144212]
    ],
    "atom_properties": {
        "force": {
            "value": [
                [-0.040235, 0.040235, 0.0],
                [0.016505, -0.016505, 0.0],
                [0.016505, -0.016505, 0.0],
                [0.020957, -0.020957, -0.131332],
                [0.020957, -0.020957, 0.131332],
                [0.02885, 0.066595, 0.0],
                [-0.066595, -0.02885, 0.0],
                [0.002989, -0.002989, -0.015758],
                [0.002989, -0.002989, 0.015758],
                [-0.006257, -0.003332, 0.0],
                [0.003332, 0.006257, 0.0]
            ]
        }
    },
    "atom_type": [
        "N",
        "N",
        "N",
        "Zr",
        "Zr",
        "Zr",
        "Zr",
        "Zr",
        "Zr",
        "Zr",
        "Zr"
    ],
    "coordinate_mode": "Direct",
    "global_properties": {
        "energy": {
            "value": -103.66745
        }
    },
    "lattice_vectors": [
        [-2.2995981126126237, -2.2995981126126237, -4.604165027967466],
        [-2.2995981126126237, -2.2995981126126237, 4.604165027967466],
        [-4.583055166501229, 4.583055166501229, 0.0]
    ]
}