{
    "atom_coords": [
        [0.5, 0.375, 0.625],
        [0.5, 0.6258025099871389, 0.3752802534014634],
        [0.0, 0.6255926541594334, 0.8743595015352454],
        [0.0, 0.875, 0.625],
        [0.5, 0.875, 0.125],
        [0.5, 0.1241974900128611, 0.8747197465985366],
        [0.0, 0.1244073458405666, 0.3756404984647546],
        [0.0, 0.9920871383474577, 0.9975594654785951],
        [0.5, 0.9984212225302187, 0.4980224262940425],
        [0.5, 0.2447180780690559, 0.2551416958106714],
        [0.0, 0.2509039530331592, 0.7526478480964514],
        [0.0, 0.4990960469668408, 0.4973521519035486],
        [0.5, 0.5052819219309441, 0.9948583041893286],
        [0.5, 0.7515787774697813, 0.7519775737059575],
        [0.0, 0.7579128616525423, 0.2524405345214049]
    ],
    "atom_properties": {
        "force": {
            "value": [
                [-0.0, -0.0, 0.0],
                [-0.028041, 0.028316, 0.028041],
                [0.032866, 0.018703, -0.032866],
                [-0.0, -0.0, 0.0],
                [-0.0, -0.0, 0.0],
                [0.028041, -0.028316, -0.028041],
                [-0.032866, -0.018703, 0.032866],
                [-0.027237, -0.07382, 0.027237],
                [0.009318, -0.042855, -0.009318],
                [-0.039804, -0.047403, 0.039804],
                [-0.040637, -0.001308, 0.040637],
                [0.040637, 0.001308, -0.040637],
                [0.039804, 0.047403, -0.039804],
                [-0.009318, 0.042855, 0.009318],
                [0.027237, 0.07382, -0.027237]
            ]
        }
    },
    "atom_type": [
        "N",
        "N",
        "N",
        "N",
        "N",
        "N",
        "N",
        "Zr",
        "Zr",
        "Zr",
        "Zr",
        "Zr",
        "Zr",
        "Zr",
        "Zr"
    ],
    "coordinate_mode": "Direct",
    "global_properties": {
        "energy": {
            "value": -151.4957
        }
    },
    "lattice_vectors": [
        [2.3061117122396726, 0.0, 2.3061117122396726],
        [2.300577971550853, 4.59709233483765, -2.300577971550853],
        [-6.88979245782882, 4.585131927417943, 6.88979245782882]
    ]
}