{
    "atom_coords": [
        [0.0, 0.9983794785939821, 0.5009909379665132],
        [0.0, 0.332468764792317, 0.8334787362361453],
        [0.5, 0.4999960190321744, 0.500901460079028],
        [0.0, 0.0026225178141175, 0.0026342770844394],
        [0.5, 0.1757951325424969, 0.6633356659964278],
        [0.0, 0.3318828800755327, 0.3395329457351082],
        [0.5, 0.4977271042733733, 0.9953627446635949],
        [0.0, 0.660461642656955, 0.6594562062475333],
        [0.5, 0.833999760219065, 0.3376403259912024]
    ],
    "atom_properties": {
        "force": {
            "value": [
                [0.051639, -0.068369, 0.051639],
                [-0.022126, 0.030816, -0.022126],
                [-0.031043, 0.019645, -0.031043],
                [0.076123, 0.003565, 0.076123],
                [0.027009, 0.078206, 0.027009],
                [0.006245, -0.099686, 0.006245],
                [-0.108262, 0.087228, -0.108262],
                [-0.057752, 0.014374, -0.057752],
                [0.058165, -0.065777, 0.058165]
            ]
        }
    },
    "atom_type": [
        "N",
        "N",
        "N",
        "Zr",
        "Zr",
        "Zr",
        "Zr",
        "Zr",
        "Zr"
    ],
    "coordinate_mode": "Direct",
    "global_properties": {
        "energy": {
            "value": -86.767259
        }
    },
    "lattice_vectors": [
        [2.307212162952268, 0.0, -2.307212162952268],
        [2.2960395223186154, 4.6103786257007195, 2.2960395223186154],
        [4.596125852311803, -4.61441536332054, 4.596125852311803]
    ]
}