{
    "atom_coords": [
        [0.9272713325318023, 0.8545427650635773, 0.2134828609011947],
        [0.644157167468201, 0.2883144349364244, 0.0722314390988004],
        [0.068623279311673, 0.1372464586233093, 0.7843937511229129],
        [0.7857143000000022, 0.5714285999999973, 0.6428571000000005],
        [0.5028053206883243, 0.0056106413766912, 0.5013205488770893],
        [0.0106458699235503, 0.0212917398471717, 0.0050765948551117],
        [0.7061962356165452, 0.4123924712330549, 0.8527898499726163],
        [0.4295347026816927, 0.8590695053633723, 0.7094655974982729],
        [0.1418937973183105, 0.2837876946366293, 0.5762487025017222],
        [0.8652323643834521, 0.7304646287669456, 0.4329244500273859],
        [0.560782730076447, 0.1215653601528288, 0.2806377051448905],
        [0.2857143000000022, 0.5714285999999973, 0.1428571000000005]
    ],
    "atom_properties": {
        "force": {
            "value": [
                [-0.021862, -0.021862, -0.008002],
                [0.021862, 0.021862, 0.008002],
                [-0.025512, -0.025512, 0.005739],
                [-0.0, 0.0, 0.0],
                [0.025512, 0.025512, -0.005739],
                [0.010401, 0.010401, -0.01179],
                [-0.015672, -0.015672, -0.019346],
                [-0.020543, -0.020543, 0.065681],
                [0.020543, 0.020543, -0.065681],
                [0.015672, 0.015672, 0.019346],
                [-0.010401, -0.010401, 0.01179],
                [-0.0, 0.0, -0.0]
            ]
        }
    },
    "atom_type": [
        "N",
        "N",
        "N",
        "N",
        "N",
        "Zr",
        "Zr",
        "Zr",
        "Zr",
        "Zr",
        "Zr",
        "Zr"
    ],
    "coordinate_mode": "Direct",
    "global_properties": {
        "energy": {
            "value": -119.61806
        }
    },
    "lattice_vectors": [
        [2.312151932362785, -2.312151932297761, 1.16764e-11],
        [2.318426613570067, 4.630578535720914, -2.274767566487005],
        [2.327769893807502, 2.3277698936956774, 9.132972896041217]
    ]
}