{
    "atom_coords": [
        [0.5, 0.376060899188488, 0.6271111587155218],
        [0.0, 0.5002070622664547, 0.9997929377335453],
        [0.5, 0.6271111587155218, 0.376060899188488],
        [0.0, 0.75, 0.75],
        [0.5, 0.8728888412844782, 0.123939100811512],
        [0.0, 0.9997929377335453, 0.5002070622664547],
        [0.5, 0.123939100811512, 0.8728888412844782],
        [0.0, 0.9994447303144014, 0.9994447303144014],
        [0.5, 0.1211616834667169, 0.3788383165332831],
        [0.0, 0.25, 0.75],
        [0.5, 0.3788383165332831, 0.1211616834667169],
        [0.0, 0.5005552696855986, 0.5005552696855986],
        [0.5, 0.6242834492863665, 0.8757165507136335],
        [0.0, 0.75, 0.25],
        [0.5, 0.8757165507136335, 0.6242834492863665]
    ],
    "atom_properties": {
        "force": {
            "value": [
                [-0.008084, 0.008084, -0.011303],
                [-0.025706, 0.025706, -0.0],
                [0.008084, -0.008084, -0.011303],
                [0.0, -0.0, -0.0],
                [-0.008084, 0.008084, 0.011303],
                [0.025706, -0.025706, -0.0],
                [0.008084, -0.008084, 0.011303],
                [0.0, -0.0, 0.074092],
                [0.073983, -0.073983, -0.0],
                [0.0, -0.0, -0.0],
                [-0.073983, 0.073983, -0.0],
                [0.0, -0.0, -0.074092],
                [0.007901, -0.007901, -0.0],
                [0.0, -0.0, 0.0],
                [-0.007901, 0.007901, -0.0]
            ]
        }
    },
    "atom_type": [
        "N",
        "N",
        "N",
        "N",
        "N",
        "N",
        "N",
        "Zr",
        "Zr",
        "Zr",
        "Zr",
        "Zr",
        "Zr",
        "Zr",
        "Zr"
    ],
    "coordinate_mode": "Direct",
    "global_properties": {
        "energy": {
            "value": -151.31309
        }
    },
    "lattice_vectors": [
        [2.299646095584037, 2.299646095584037, 0.0],
        [-4.604671950233852, 4.604671950233852, 4.589830483568677],
        [4.604671950233852, -4.604671950233852, 4.589830483568677]
    ]
}