{
    "atom_coords": [
        [0.0, 0.5, 0.4998963255293631],
        [0.0, 0.0, 0.75],
        [0.0, 0.5, 0.0001036744706369],
        [0.0, 0.0, 0.9945466292782044],
        [0.5, 0.5, 0.0083961397588723],
        [0.0, 0.5, 0.25],
        [0.5, 0.0, 0.25],
        [0.0, 0.0, 0.5054533707217956],
        [0.5, 0.5, 0.4916038602411277],
        [0.0, 0.5, 0.75],
        [0.5, 0.0, 0.75]
    ],
    "atom_properties": {
        "force": {
            "value": [
                [0.0, 0.0, -0.000348],
                [0.0, 0.0, -0.0],
                [0.0, 0.0, 0.000348],
                [0.0, 0.0, 0.00459],
                [0.0, 0.0, 0.033719],
                [0.0, 0.0, -0.0],
                [0.0, 0.0, -0.0],
                [0.0, 0.0, -0.00459],
                [0.0, 0.0, -0.033719],
                [0.0, 0.0, -0.0],
                [0.0, 0.0, 0.0]
            ]
        }
    },
    "atom_type": [
        "N",
        "N",
        "N",
        "Zr",
        "Zr",
        "Zr",
        "Zr",
        "Zr",
        "Zr",
        "Zr",
        "Zr"
    ],
    "coordinate_mode": "Direct",
    "global_properties": {
        "energy": {
            "value": -103.87958
        }
    },
    "lattice_vectors": [
        [4.545467970539071, 0.0, 0.0],
        [0.0, 4.576034447453295, 0.0],
        [0.0, 0.0, 9.21419058778195]
    ]
}