{
    "atom_coords": [
        [0.5, 0.5, 0.3327208541535143],
        [0.5, 0.5, 0.6672791458464857],
        [0.0, 0.0, 0.0],
        [0.5, 0.5, 0.1655713336741513],
        [0.0, 0.0, 0.3335760695656376],
        [0.5, 0.5, 0.5],
        [0.0, 0.0, 0.6664239304343624],
        [0.5, 0.5, 0.8344286663258487]
    ],
    "atom_properties": {
        "force": {
            "value": [
                [-0.0, 0.0, 0.129923],
                [0.0, -0.0, -0.129923],
                [-0.0, 0.0, 0.0],
                [0.0, -0.0, 0.133448],
                [-0.0, 0.0, -0.00335],
                [-0.0, 0.0, 0.0],
                [-0.0, 0.0, 0.00335],
                [0.0, -0.0, -0.133448]
            ]
        }
    },
    "atom_type": [
        "N",
        "N",
        "Zr",
        "Zr",
        "Zr",
        "Zr",
        "Zr",
        "Zr"
    ],
    "coordinate_mode": "Direct",
    "global_properties": {
        "energy": {
            "value": -74.775168
        }
    },
    "lattice_vectors": [
        [2.2990560849226407, 2.2990560849226407, 0.0],
        [2.2990560849226407, -2.2990560849226407, 0.0],
        [0.0, 0.0, -13.607191076286652]
    ]
}