{
    "atom_coords": [
        [0.5, 0.0, 0.1668364611167732],
        [0.0, 0.5, 0.3353674721450872],
        [0.5, 0.0, 0.5],
        [0.0, 0.5, 0.6646325278549128],
        [0.5, 0.0, 0.8331635388832268],
        [0.0, 0.0, 0.0],
        [0.5, 0.5, 0.1734076548403891],
        [0.0, 0.0, 0.3278288318997724],
        [0.5, 0.5, 0.5],
        [0.0, 0.0, 0.6721711681002276],
        [0.5, 0.5, 0.8265923451596109]
    ],
    "atom_properties": {
        "force": {
            "value": [
                [0.015442, 0.0, -0.015442],
                [-0.064177, 0.0, 0.064177],
                [0.0, 0.0, -0.0],
                [0.064177, 0.0, -0.064177],
                [-0.015442, 0.0, 0.015442],
                [0.0, 0.0, -0.0],
                [-0.084382, 0.0, 0.084382],
                [-0.00514, -0.0, 0.00514],
                [0.0, 0.0, -0.0],
                [0.00514, 0.0, -0.00514],
                [0.084382, -0.0, -0.084382]
            ]
        }
    },
    "atom_type": [
        "N",
        "N",
        "N",
        "N",
        "N",
        "Zr",
        "Zr",
        "Zr",
        "Zr",
        "Zr",
        "Zr"
    ],
    "coordinate_mode": "Direct",
    "global_properties": {
        "energy": {
            "value": -110.64873
        }
    },
    "lattice_vectors": [
        [2.302563936758717, 0.0, 2.302563936758717],
        [0.0, 4.587734866813353, 0.0],
        [-6.922210942085592, 0.0, 6.922210942085592]
    ]
}