{
    "atom_coords": [
        [0.7857143000000022, 0.7857143000000022, 0.6428571000000005],
        [0.071407873853417, 0.071407873853417, 0.7857764784397574],
        [0.214081126654655, 0.214081126654655, 0.357756620036028],
        [0.3573474733453423, 0.3573474733453423, 0.9279576799639742],
        [0.5000207261465803, 0.5000207261465803, 0.4999378215602448],
        [0.0004843259584177, 0.0004843259584177, 0.9985470221247468],
        [0.1423777652251275, 0.1423777652251275, 0.5728666043246307],
        [0.2857143000000022, 0.2857143000000022, 0.1428571000000005],
        [0.4290507347748758, 0.4290507347748758, 0.7128476956753644],
        [0.5709442740415795, 0.5709442740415795, 0.2871672778752554],
        [0.7135003249836629, 0.7135003249836629, 0.8594990250490113],
        [0.8579282750163344, 0.8579282750163344, 0.4262152749509909]
    ],
    "atom_properties": {
        "force": {
            "value": [
                [0.0, -0.0, -0.0],
                [-0.046559, 0.046559, 0.046559],
                [-0.024428, 0.024428, 0.024428],
                [0.024428, -0.024428, -0.024428],
                [0.046559, -0.046559, -0.046559],
                [0.046824, -0.046824, -0.046824],
                [0.002099, -0.002099, -0.002099],
                [0.0, -0.0, -0.0],
                [-0.002099, 0.002099, 0.002099],
                [-0.046824, 0.046824, 0.046824],
                [0.018129, -0.018129, -0.018129],
                [-0.018129, 0.018129, 0.018129]
            ]
        }
    },
    "atom_type": [
        "N",
        "N",
        "N",
        "N",
        "N",
        "Zr",
        "Zr",
        "Zr",
        "Zr",
        "Zr",
        "Zr",
        "Zr"
    ],
    "coordinate_mode": "Direct",
    "global_properties": {
        "energy": {
            "value": -118.91773
        }
    },
    "lattice_vectors": [
        [2.298099337905352, -1.4201e-12, 2.2980993379025114],
        [2.298099337905352, 2.2980993379025114, -1.4201e-12],
        [-9.179805593305899, 11.477904921157888, 11.477904921157888]
    ]
}