{
    "atom_coords": [
        [0.8753539836065727, 0.7507079672131454, 0.625741450624588],
        [0.625, 0.25, 0.875],
        [0.3746460163934273, 0.7492920327868546, 0.124258549375412],
        [0.9975177032841032, 0.9950354065681992, 0.991623644652087],
        [0.7557159198481287, 0.5114318396962716, 0.2440723009094654],
        [0.4942840801518713, 0.9885681603037284, 0.5059276990905346],
        [0.2524822967158968, 0.5049645934318008, 0.758376355347913]
    ],
    "atom_properties": {
        "force": {
            "value": [
                [0.083784, -0.083784, -0.018366],
                [0.0, 0.0, 0.0],
                [-0.083784, 0.083784, 0.018366],
                [-0.013687, 0.013687, -0.050486],
                [-0.089116, 0.089116, 0.029987],
                [0.089116, -0.089116, -0.029987],
                [0.013687, -0.013687, 0.050486]
            ]
        }
    },
    "atom_type": [
        "N",
        "N",
        "N",
        "Zr",
        "Zr",
        "Zr",
        "Zr"
    ],
    "coordinate_mode": "Direct",
    "global_properties": {
        "energy": {
            "value": -70.016837
        }
    },
    "lattice_vectors": [
        [2.31180817898147, 2.3118081790055447, -1.1541e-12],
        [-4.6099690380560086, 2.2981608691894566, 2.286901471601996],
        [2.3100648307675926, -2.3100648307940075, 4.596034521765696]
    ]
}