{
    "atom_coords": [
        [0.375, 0.375, 0.25],
        [0.0030485300714602, 0.0030485300714602, 0.0018173595045994],
        [0.375, 0.875, 0.75],
        [0.7469514699285398, 0.7469514699285398, 0.4981826404954006],
        [0.1288027152633333, 0.6211972847366667, 0.25],
        [0.4987688294331249, 0.4987688294331249, 0.0018173595046207],
        [0.875, 0.375, 0.75],
        [0.2512311705668751, 0.2512311705668751, 0.4981826404953793],
        [0.6211972847366667, 0.1288027152633333, 0.25]
    ],
    "atom_properties": {
        "force": {
            "value": [
                [0.0, 0.0, 0.0],
                [0.0, -0.002227, 0.07763],
                [0.0, 0.0, 0.0],
                [0.0, 0.002227, -0.07763],
                [0.218799, 0.0, -0.0],
                [0.0, -0.07763, 0.002227],
                [0.0, 0.0, 0.0],
                [0.0, 0.07763, -0.002227],
                [-0.218799, -0.0, 0.0]
            ]
        }
    },
    "atom_type": [
        "N",
        "Zr",
        "Zr",
        "Zr",
        "Zr",
        "Zr",
        "Zr",
        "Zr",
        "Zr"
    ],
    "coordinate_mode": "Direct",
    "global_properties": {
        "energy": {
            "value": -79.762792
        }
    },
    "lattice_vectors": [
        [4.580637029309605, 2.281229042276776, 2.2812290422645094],
        [-4.580637029309605, 2.281229042276776, 2.2812290422645094],
        [0.0, -6.851940842107149, 2.2894827674998264]
    ]
}