{
    "atom_coords": [
        [0.3569339455248226, 0.7138677910496298, 0.5703336126659977],
        [0.9283370382371459, 0.8566741764742787, 0.2855224161287993],
        [0.5002343617628568, 0.0004687235257208, 0.0001918838712029],
        [0.0716375544751742, 0.1432750089503685, 0.7153806873339974],
        [0.0014274902929756, 0.0028549805859441, 0.0074169275738498],
        [0.5607266509808113, 0.121453201961792, 0.7242980287550722],
        [0.1431760519393777, 0.2863522038787849, 0.439038972060132],
        [0.7142856999999978, 0.4285714000000027, 0.1428571000000005],
        [0.2853953480606251, 0.5707906961212146, 0.8466753279398702],
        [0.8678448490191855, 0.7356895980382063, 0.5614162712449229],
        [0.4271439097070271, 0.8542879194140554, 0.2782973724261524]
    ],
    "atom_properties": {
        "force": {
            "value": [
                [0.0, -0.009745, -0.002771],
                [-0.0, 0.00563, -0.006078],
                [0.0, -0.00563, 0.006078],
                [-0.0, 0.009745, 0.002771],
                [-0.0, 0.017558, -0.004678],
                [0.0, 0.006943, 0.022499],
                [-0.0, 0.037439, 0.01414],
                [0.0, 0.0, 0.0],
                [0.0, -0.037439, -0.01414],
                [-0.0, -0.006943, -0.022499],
                [0.0, -0.017558, 0.004678]
            ]
        }
    },
    "atom_type": [
        "N",
        "N",
        "N",
        "N",
        "Zr",
        "Zr",
        "Zr",
        "Zr",
        "Zr",
        "Zr",
        "Zr"
    ],
    "coordinate_mode": "Direct",
    "global_properties": {
        "energy": {
            "value": -107.46429
        }
    },
    "lattice_vectors": [
        [4.58245399381369, 4.9058e-12, 3.42697e-11],
        [-2.291227001919905, 4.577157695200415, -2.3412234212004037],
        [5.35385e-11, 2.274527758841788, 6.9963162866120605]
    ]
}