{
    "atom_coords": [
        [0.500103074422853, 0.500103074422853, 0.499690776731434],
        [0.2996185475782269, 0.2996185475782269, 0.1011443572653121],
        [0.1003814524217717, 0.1003814524217717, 0.6988556427346921],
        [0.8998969255771456, 0.8998969255771456, 0.3003092232685631],
        [0.9992021080947708, 0.9992021080947708, 0.0023936757156804],
        [0.7990162944236161, 0.7990162944236161, 0.6029511167291517],
        [0.6009837055763825, 0.6009837055763825, 0.1970488832708526],
        [0.4007978919052277, 0.4007978919052277, 0.7976063242843168],
        [0.2000000000000028, 0.2000000000000028, 0.3999999999999986]
    ],
    "atom_properties": {
        "force": {
            "value": [
                [-0.007141, -0.007141, 0.007141],
                [-0.005967, -0.005967, 0.005967],
                [0.005967, 0.005967, -0.005967],
                [0.007141, 0.007141, -0.007141],
                [-0.049246, -0.049246, 0.049246],
                [0.026516, 0.026516, -0.026516],
                [-0.026516, -0.026516, 0.026516],
                [0.049246, 0.049246, -0.049246],
                [0.0, 0.0, 0.0]
            ]
        }
    },
    "atom_type": [
        "N",
        "N",
        "N",
        "N",
        "Zr",
        "Zr",
        "Zr",
        "Zr",
        "Zr"
    ],
    "coordinate_mode": "Direct",
    "global_properties": {
        "energy": {
            "value": -90.029807
        }
    },
    "lattice_vectors": [
        [2.295789338953499, 0.0, 2.295789338953499],
        [0.0, 2.295789338953499, 2.295789338953499],
        [-6.914286389515157, -6.914286389515157, 9.210075728468652]
    ]
}