{
    "atom_coords": [
        [0.5, 0.5, 0.5],
        [0.1003033078150111, 0.1003033078150111, 0.6990900765549668],
        [0.8996966921849889, 0.8996966921849889, 0.3009099234450332],
        [0.0, 0.0, 0.0],
        [0.7987356964699615, 0.7987356964699615, 0.6037929105901085],
        [0.5993125844012042, 0.5993125844012042, 0.2020622467964088],
        [0.4006874155987958, 0.4006874155987958, 0.7979377532035912],
        [0.2012643035300385, 0.2012643035300385, 0.3962070894098915]
    ],
    "atom_properties": {
        "force": {
            "value": [
                [-0.0, 0.0, 0.0],
                [0.043629, 0.043629, -0.043629],
                [-0.043629, -0.043629, 0.043629],
                [-0.0, 0.0, 0.0],
                [0.001643, 0.001643, -0.001643],
                [-0.051312, -0.051312, 0.051312],
                [0.051312, 0.051312, -0.051312],
                [-0.001643, -0.001643, 0.001643]
            ]
        }
    },
    "atom_type": [
        "N",
        "N",
        "N",
        "Zr",
        "Zr",
        "Zr",
        "Zr",
        "Zr"
    ],
    "coordinate_mode": "Direct",
    "global_properties": {
        "energy": {
            "value": -78.194319
        }
    },
    "lattice_vectors": [
        [2.2969936145153276, 0.0, 2.2969936145153276],
        [0.0, 2.2969936145153276, 2.2969936145153276],
        [-6.8836508738094, -6.8836508738094, 9.180644488324727]
    ]
}