{
    "atom_coords": [
        [0.5, 0.9980996322967144, 0.9980996322967144],
        [0.0, 0.2519003677032856, 0.2519003677032856],
        [0.0, 0.0062623046497166, 0.0062623046497166],
        [0.0, 0.0038662325839738, 0.4951643162229189],
        [0.5, 0.2437376953502834, 0.2437376953502834],
        [0.5, 0.2461337674160262, 0.7548356837770811],
        [0.0, 0.4978735192662, 0.4978735192662],
        [0.0, 0.4951643162229189, 0.0038662325839738],
        [0.5, 0.7521264807338, 0.7521264807338],
        [0.5, 0.7548356837770811, 0.2461337674160262]
    ],
    "atom_properties": {
        "force": {
            "value": [
                [0.0, 0.006777, 0.0],
                [0.0, -0.006777, 0.0],
                [0.0, 0.098936, 0.0],
                [0.0, -0.010382, 0.04057],
                [0.0, -0.098936, 0.0],
                [0.0, 0.010382, -0.04057],
                [0.0, 0.068627, 0.0],
                [0.0, -0.010382, -0.04057],
                [0.0, -0.068627, 0.0],
                [0.0, 0.010382, 0.04057]
            ]
        }
    },
    "atom_type": [
        "N",
        "N",
        "Zr",
        "Zr",
        "Zr",
        "Zr",
        "Zr",
        "Zr",
        "Zr",
        "Zr"
    ],
    "coordinate_mode": "Direct",
    "global_properties": {
        "energy": {
            "value": -91.719525
        }
    },
    "lattice_vectors": [
        [-4.556835772634246, 0.0, 0.0],
        [0.0, 4.577667307170565, 4.6088150778202195],
        [0.0, 4.577667307170565, -4.6088150778202195]
    ]
}