{
    "atom_coords": [
        [0.251862636819645, 0.751862636819645, 0.0037252736392261],
        [0.998137363180355, 0.498137363180355, 0.4962747263607739],
        [0.375, 0.375, 0.25],
        [0.0156875493773043, 0.9879131808340986, 0.0034128404964449],
        [0.3690255479431457, 0.8690255479431457, 0.7500000000000213],
        [0.7620868191659014, 0.7343124506226957, 0.4965871595035551],
        [0.138330550856459, 0.611669449143541, 0.25],
        [0.4877252911192045, 0.5154996596624031, 0.0034128404965301],
        [0.8809744520568543, 0.3809744520568543, 0.7499999999999787],
        [0.2345003403375969, 0.2622747088807955, 0.4965871595034699],
        [0.611669449143541, 0.138330550856459, 0.25]
    ],
    "atom_properties": {
        "force": {
            "value": [
                [0.0, -0.001779, 0.001779],
                [0.0, 0.001779, -0.001779],
                [0.0, -0.0, 0.0],
                [-0.046287, 0.007618, -0.017077],
                [0.0, 0.033473, 0.033473],
                [-0.046287, -0.007618, 0.017077],
                [0.068646, -0.0, -0.0],
                [0.046287, 0.017077, -0.007618],
                [0.0, -0.033473, -0.033473],
                [0.046287, -0.017077, 0.007618],
                [-0.068646, -0.0, -0.0]
            ]
        }
    },
    "atom_type": [
        "N",
        "N",
        "N",
        "Zr",
        "Zr",
        "Zr",
        "Zr",
        "Zr",
        "Zr",
        "Zr",
        "Zr"
    ],
    "coordinate_mode": "Direct",
    "global_properties": {
        "energy": {
            "value": -103.73664
        }
    },
    "lattice_vectors": [
        [4.821101728253663, 2.2462329264713823, 2.246232926431129],
        [-4.821101728253663, 2.2462329264713823, 2.246232926431129],
        [0.0, -6.79085291674243, 2.298387073561742]
    ]
}