{
    "atom_coords": [
        [0.927599582277999, 0.8551992645559778, 0.2845960117116562],
        [0.5, 0.0, 0.0],
        [0.072400417722001, 0.1448007354440222, 0.7154039882883438],
        [0.0, 0.0, 0.0],
        [0.5710706581797567, 0.1421412163595193, 0.7331348136153721],
        [0.1336079166457083, 0.2672159332914887, 0.4381095467180387],
        [0.7158432353395696, 0.4316864706791463, 0.1464837675238257],
        [0.2841567646604304, 0.5683135293208537, 0.8535162324761743],
        [0.8663920833542917, 0.7327840667085113, 0.5618904532819613],
        [0.4289293418202433, 0.8578587836404807, 0.2668651863846279]
    ],
    "atom_properties": {
        "force": {
            "value": [
                [0.0, -0.008916, -0.024322],
                [0.0, -0.0, 0.0],
                [-0.0, 0.008916, 0.024322],
                [0.0, -0.0, 0.0],
                [0.0, -0.001597, 0.031741],
                [-0.0, 0.017282, 0.004671],
                [-0.0, 0.039568, -0.016699],
                [0.0, -0.039568, 0.016699],
                [0.0, -0.017282, -0.004671],
                [-0.0, 0.001597, -0.031741]
            ]
        }
    },
    "atom_type": [
        "N",
        "N",
        "N",
        "Zr",
        "Zr",
        "Zr",
        "Zr",
        "Zr",
        "Zr",
        "Zr"
    ],
    "coordinate_mode": "Direct",
    "global_properties": {
        "energy": {
            "value": -95.486346
        }
    },
    "lattice_vectors": [
        [4.557338738162836, 7.5789e-12, 3.74034e-11],
        [-2.2786693740660344, 4.5735623341678675, -2.35014374531656],
        [6.00425e-11, 2.2843320621204097, 7.047278106063569]
    ]
}