{
    "atom_coords": [
        [0.2491446382976292, 0.626120225700241, 0.8755904977044864],
        [0.5002914251995847, 0.9988221023238637, 0.000595047276974],
        [0.7497085748004153, 0.3761778976761363, 0.124404952723026],
        [0.0008553617023708, 0.748879774299759, 0.2494095022955136],
        [0.0003199829746592, 0.9912707106836578, 0.008089323367038],
        [0.2496800170253408, 0.3837292893163422, 0.1169106766329691],
        [0.5052860855661123, 0.7447931627789117, 0.2446346660888992],
        [0.7533179978593907, 0.1176469306006283, 0.3757170736806188],
        [0.9987414596897679, 0.5036271943371062, 0.498889886283358],
        [0.2512585403102321, 0.8713728056628938, 0.626110113716642],
        [0.4966820021406093, 0.2573530693993717, 0.7492829263193812],
        [0.7447139144338877, 0.6302068372210883, 0.8803653339111008]
    ],
    "atom_properties": {
        "force": {
            "value": [
                [0.0, 0.109874, -0.05832],
                [0.0, 0.029039, -0.028933],
                [-0.0, -0.029039, 0.028933],
                [-0.0, -0.109874, 0.05832],
                [0.0, 0.088741, -0.018018],
                [-0.0, -0.088741, 0.018018],
                [-0.0, -0.071024, 0.064501],
                [-0.0, -0.059927, 0.069368],
                [0.0, 0.033693, -0.008573],
                [-0.0, -0.033693, 0.008573],
                [0.0, 0.059927, -0.069368],
                [0.0, 0.071024, -0.064501]
            ]
        }
    },
    "atom_type": [
        "N",
        "N",
        "N",
        "N",
        "Zr",
        "Zr",
        "Zr",
        "Zr",
        "Zr",
        "Zr",
        "Zr",
        "Zr"
    ],
    "coordinate_mode": "Direct",
    "global_properties": {
        "energy": {
            "value": -115.76019
        }
    },
    "lattice_vectors": [
        [4.612850956555599, 1.87894e-11, 1.44833e-11],
        [2.306425483323465, 4.592116738323676, -2.271420692651499],
        [2.3064254833521316, 4.618401700234494, 6.867022698560453]
    ]
}