{
    "atom_coords": [
        [0.2508598537843199, 0.8765695110753811, 0.3131131643707832],
        [0.7491401462156801, 0.6234304889246189, 0.4368868356292168],
        [0.0065170208646563, 0.005411008085666, 0.0015131641147335],
        [0.4949385607139334, 0.7499451667883577, 0.1337041936972838],
        [0.9935594577106528, 0.5131604562101089, 0.2511509938653731],
        [0.5, 0.25, 0.375],
        [0.0064405422893472, 0.9868395437898911, 0.4988490061346269],
        [0.5050614392860666, 0.7500548332116423, 0.6162958063027162],
        [0.9934829791353437, 0.494588991914334, 0.7484868358852665],
        [0.5, 0.25, 0.875]
    ],
    "atom_properties": {
        "force": {
            "value": [
                [0.037487, -0.059681, 0.0567],
                [-0.037487, 0.059681, -0.0567],
                [-0.057308, 0.021458, 0.005937],
                [-0.021567, -0.00267, 0.074643],
                [-0.047738, 0.046715, 0.12085],
                [0.0, -0.0, 0.0],
                [0.047738, -0.046715, -0.12085],
                [0.021567, 0.00267, -0.074643],
                [0.057308, -0.021458, -0.005937],
                [0.0, -0.0, 0.0]
            ]
        }
    },
    "atom_type": [
        "N",
        "N",
        "Zr",
        "Zr",
        "Zr",
        "Zr",
        "Zr",
        "Zr",
        "Zr",
        "Zr"
    ],
    "coordinate_mode": "Direct",
    "global_properties": {
        "energy": {
            "value": -91.709579
        }
    },
    "lattice_vectors": [
        [2.2926379337977414, 2.2904116058078765, -4.603579872090157],
        [-2.2800547708398096, 4.563419303479958, 2.2992490164949393],
        [4.598265992102307, 0.0107691671174416, 4.615528598279702]
    ]
}