{
    "atom_coords": [
        [0.25, 0.622867777982826, 0.627132222017174],
        [0.2499358854779388, 0.1255734415013379, 0.6255734415013379],
        [0.75, 0.375, 0.875],
        [0.25, 0.127132222017174, 0.122867777982826],
        [0.2500641145220612, 0.6244265584986621, 0.1244265584986621],
        [0.0088827289470785, 0.0053179868109581, 0.9941853036016397],
        [0.0075030240078817, 0.4952084521492779, 0.9952084521492779],
        [0.4911172710529215, 0.2558146963983603, 0.2446820131890419],
        [0.4838950720422801, 0.7525045054987984, 0.2525045054987984],
        [0.0088827289470785, 0.4941853036016397, 0.5053179868109581],
        [0.0161049279577199, 0.9974954945012016, 0.4974954945012016],
        [0.4911172710529215, 0.7446820131890419, 0.7558146963983603],
        [0.4924969759921183, 0.2547915478507221, 0.7547915478507221]
    ],
    "atom_properties": {
        "force": {
            "value": [
                [-0.0, -0.038012, 0.038012],
                [0.091534, -0.056569, -0.056569],
                [-0.0, 0.0, -0.0],
                [-0.0, 0.038012, -0.038012],
                [-0.091534, 0.056569, 0.056569],
                [-0.025902, 0.014128, 0.01796],
                [-0.046523, 0.051239, 0.051239],
                [0.025902, -0.01796, -0.014128],
                [-0.040033, 0.027066, 0.027066],
                [-0.025902, 0.01796, 0.014128],
                [0.040033, -0.027066, -0.027066],
                [0.025902, -0.014128, -0.01796],
                [0.046523, -0.051239, -0.051239]
            ]
        }
    },
    "atom_type": [
        "N",
        "N",
        "N",
        "N",
        "N",
        "Zr",
        "Zr",
        "Zr",
        "Zr",
        "Zr",
        "Zr",
        "Zr",
        "Zr"
    ],
    "coordinate_mode": "Direct",
    "global_properties": {
        "energy": {
            "value": -128.01212
        }
    },
    "lattice_vectors": [
        [4.597983743250118, -2.2890355312889628, -2.2890355312889628],
        [4.60888751130713, 4.604787775383336, -0.0049101006026603],
        [4.60888751130713, -0.0049101006026604, 4.604787775383336]
    ]
}