{
    "atom_coords": [
        [0.0, 0.5, 0.5],
        [0.5, 0.0, 0.0],
        [0.0, 0.5, 0.0],
        [0.0, 0.0, 0.0],
        [0.5, 0.5, 0.0],
        [0.0, 0.5, 0.2538508064787948],
        [0.5, 0.0, 0.2470448229389035],
        [0.0, 0.0, 0.5],
        [0.5, 0.5, 0.5],
        [0.0, 0.5, 0.7461491935212052],
        [0.5, 0.0, 0.7529551770610965]
    ],
    "atom_properties": {
        "force": {
            "value": [
                [0.0, -0.0, 0.0],
                [0.0, -0.0, 0.0],
                [0.0, -0.0, 0.0],
                [0.0, -0.0, 0.0],
                [0.0, -0.0, 0.0],
                [0.0, 0.0, 0.008189],
                [0.0, -0.0, 0.011679],
                [0.0, -0.0, 0.0],
                [0.0, -0.0, 0.0],
                [0.0, 0.0, -0.008189],
                [-0.0, -0.0, -0.011679]
            ]
        }
    },
    "atom_type": [
        "N",
        "N",
        "N",
        "Zr",
        "Zr",
        "Zr",
        "Zr",
        "Zr",
        "Zr",
        "Zr",
        "Zr"
    ],
    "coordinate_mode": "Direct",
    "global_properties": {
        "energy": {
            "value": -103.95765
        }
    },
    "lattice_vectors": [
        [4.598030949068658, 0.0, 0.0],
        [0.0, 4.598030949068658, 0.0],
        [0.0, 0.0, 9.071180607309085]
    ]
}