{
    "atom_coords": [
        [0.25, 0.625, 0.125],
        [0.0009502376823889, 0.9984077475264499, 0.0015929531000722],
        [0.0059091241201514, 0.4999252822483697, 0.9999252822483697],
        [0.4990497623176111, 0.2515922524735501, 0.2484070468999278],
        [0.4940908758798486, 0.7500747177516303, 0.2500747177516303],
        [0.0009502376823889, 0.5015929531000722, 0.4984077475264499],
        [0.9956563836111414, 0.000167152496843, 0.500167152496843],
        [0.4990497623176111, 0.7484070468999278, 0.7515922524735501],
        [0.5043436163888586, 0.249832847503157, 0.749832847503157]
    ],
    "atom_properties": {
        "force": {
            "value": [
                [-0.0, 0.0, -0.0],
                [0.029628, -0.034908, 0.02509],
                [0.111746, -0.087105, -0.087105],
                [-0.029628, 0.034908, -0.02509],
                [-0.111746, 0.087105, 0.087105],
                [0.029628, 0.02509, -0.034908],
                [-0.113998, 0.075475, 0.075475],
                [-0.029628, -0.02509, 0.034908],
                [0.113998, -0.075475, -0.075475]
            ]
        }
    },
    "atom_type": [
        "N",
        "Zr",
        "Zr",
        "Zr",
        "Zr",
        "Zr",
        "Zr",
        "Zr",
        "Zr"
    ],
    "coordinate_mode": "Direct",
    "global_properties": {
        "energy": {
            "value": -79.783392
        }
    },
    "lattice_vectors": [
        [4.561086648692261, -2.2830057302296978, -2.2830057302296978],
        [4.5692491685183585, 4.575524595700514, 0.0068090774584945],
        [4.5692491685183585, 0.0068090774584945, 4.575524595700514]
    ]
}