{
    "atom_coords": [
        [0.5, 0.2515715381192791, 0.5],
        [0.0, 0.5, 0.7468476836071574],
        [0.0, 0.5, 0.2531523163928426],
        [0.5, 0.7484284618807209, 0.5],
        [0.0, 0.0, 0.0],
        [0.0, 0.0, 0.5],
        [0.5, 0.2587553708893893, 0.7502373683779311],
        [0.5, 0.2587553708893893, 0.2497626316220689],
        [0.0, 0.5, 0.5],
        [0.0, 0.5, 0.0],
        [0.5, 0.7412446291106107, 0.2497626316220689],
        [0.5, 0.7412446291106107, 0.7502373683779311]
    ],
    "atom_properties": {
        "force": {
            "value": [
                [0.010814, -0.010814, -0.0],
                [-0.0, 0.0, -0.029479],
                [-0.0, -0.0, 0.029479],
                [-0.010814, 0.010814, -0.0],
                [-0.0, 0.0, -0.0],
                [-0.0, -0.0, -0.0],
                [-0.00637, 0.00637, -0.025042],
                [-0.00637, 0.00637, 0.025042],
                [-0.0, 0.0, -0.0],
                [-0.0, 0.0, -0.0],
                [0.00637, -0.00637, 0.025042],
                [0.00637, -0.00637, -0.025042]
            ]
        }
    },
    "atom_type": [
        "N",
        "N",
        "N",
        "N",
        "Zr",
        "Zr",
        "Zr",
        "Zr",
        "Zr",
        "Zr",
        "Zr",
        "Zr"
    ],
    "coordinate_mode": "Direct",
    "global_properties": {
        "energy": {
            "value": -115.72672
        }
    },
    "lattice_vectors": [
        [2.3007171098661128, 2.3007171098661128, 0.0],
        [-4.580762516523824, 4.580762516523824, 0.0],
        [0.0, 0.0, 9.188571887567702]
    ]
}