{
    "atom_coords": [
        [0.5625346095141595, 0.5625346095141595, 0.3123961714575287],
        [0.4375287911648655, 0.4375287911648655, 0.6874136265053892],
        [0.3122754885837224, 0.3122754885837224, 0.0631735342488327],
        [0.1875, 0.1875, 0.4375],
        [0.0627245114162776, 0.0627245114162776, 0.8118264657511673],
        [0.9374712088351345, 0.9374712088351345, 0.1875863734946037],
        [0.8124653904858405, 0.8124653904858405, 0.5626038285424713],
        [0.999378013441067, 0.999378013441067, 0.001865959676806],
        [0.8752529542730016, 0.8752529542730016, 0.3742411371809951],
        [0.7492063779877114, 0.7492063779877114, 0.7523808660368729],
        [0.6257936220122886, 0.6257936220122886, 0.1226191339631271],
        [0.4997470457269984, 0.4997470457269984, 0.500758862819005],
        [0.375621986558933, 0.375621986558933, 0.873134040323194],
        [0.2495773635551757, 0.2495773635551757, 0.2512679093344659],
        [0.1254226364448243, 0.1254226364448243, 0.6237320906655341]
    ],
    "atom_properties": {
        "force": {
            "value": [
                [0.01131, 0.01131, -0.01131],
                [-0.017246, -0.017246, 0.017246],
                [-0.011689, -0.011689, 0.011689],
                [-0.0, -0.0, 0.0],
                [0.011689, 0.011689, -0.011689],
                [0.017246, 0.017246, -0.017246],
                [-0.01131, -0.01131, 0.01131],
                [-0.02503, -0.02503, 0.02503],
                [0.019577, 0.019577, -0.019577],
                [0.049103, 0.049103, -0.049103],
                [-0.049103, -0.049103, 0.049103],
                [-0.019577, -0.019577, 0.019577],
                [0.02503, 0.02503, -0.02503],
                [0.002581, 0.002581, -0.002581],
                [-0.002581, -0.002581, 0.002581]
            ]
        }
    },
    "atom_type": [
        "N",
        "N",
        "N",
        "N",
        "N",
        "N",
        "N",
        "Zr",
        "Zr",
        "Zr",
        "Zr",
        "Zr",
        "Zr",
        "Zr",
        "Zr"
    ],
    "coordinate_mode": "Direct",
    "global_properties": {
        "energy": {
            "value": -151.19381
        }
    },
    "lattice_vectors": [
        [2.2989507280673744, 0.0, 2.2989507280673744],
        [0.0, 2.2989507280673744, 2.2989507280673744],
        [-11.493856742692845, -11.493856742692845, 13.79280747076022]
    ]
}