{
    "atom_coords": [
        [0.0, 0.0, 0.0]
    ],
    "atom_properties": {
        "force": {
            "value": [
                [0.0, 0.0, 0.0]
            ]
        }
    },
    "atom_type": [
        "Zr"
    ],
    "coordinate_mode": "Direct",
    "global_properties": {
        "energy": {
            "value": -8.4810129
        }
    },
    "lattice_vectors": [
        [0.0, 2.264233034759605, 2.264233034759605],
        [2.264233034759605, 0.0, 2.264233034759605],
        [2.264233034759605, 2.264233034759605, 0.0]
    ]
}