{
  "atom_coords" : [
    [ 4.581522893774, 2.290761446887, 9.163045787548 ],
    [ 2.290761446887, 2.290761446887, 11.453807234435 ],
    [ 2.290761446887, 2.290761446887, 6.872284340661 ],
    [ 0.000000000000, 0.000000000000, 0.000000000000 ],
    [ 2.290761446887, 0.000000000000, 11.453807234435 ],
    [ 2.290761446887, 0.000000000000, 6.872284340661 ],
    [ 2.290761446887, 0.000000000000, 2.290761446887 ],
    [ 0.000000000000, 0.000000000000, 13.744568681322 ],
    [ 0.000000000000, 0.000000000000, 9.163045787548 ],
    [ 0.000000000000, 0.000000000000, 4.581522893774 ]
  ],
  "atom_type" : [ "N", "N", "N", "Zr", "Zr", "Zr", "Zr", "Zr", "Zr", "Zr" ],
  "coordinate_mode" : "Cartesian",
  "lattice_vectors" : [
    [ 2.290761446887, -2.290761446887, 0.000000000000 ],
    [ 2.290761446887, 2.290761446887, 0.000000000000 ],
    [ -2.290761446887, 0.000000000000, 16.035330128209 ]
  ],
  "mol_coords" : [
    [ 4.581522893774, 2.290761446887, 9.163045787548 ],
    [ 2.290761446887, 2.290761446887, 11.453807234435 ],
    [ 2.290761446887, 2.290761446887, 6.872284340661 ],
    [ 0.000000000000, 0.000000000000, 0.000000000000 ],
    [ 2.290761446887, 0.000000000000, 11.453807234435 ],
    [ 2.290761446887, 0.000000000000, 6.872284340661 ],
    [ 2.290761446887, 0.000000000000, 2.290761446887 ],
    [ 0.000000000000, 0.000000000000, 13.744568681322 ],
    [ 0.000000000000, 0.000000000000, 9.163045787548 ],
    [ 0.000000000000, 0.000000000000, 4.581522893774 ]
  ],
  "mol_type" : [ "N", "N", "N", "Zr", "Zr", "Zr", "Zr", "Zr", "Zr", "Zr" ]
}