{
    "atom_coords": [
        [0.5, 0.0, 0.4991891996028599],
        [0.0, 0.5, 0.4991891996028599],
        [0.0, 0.0, 0.75],
        [0.5, 0.0, 0.0008108003971401],
        [0.0, 0.5, 0.0008108003971401],
        [0.0, 0.0, 0.9928553543000689],
        [0.5, 0.5, 0.0067466985474312],
        [0.0, 0.5, 0.25],
        [0.5, 0.0, 0.25],
        [0.0, 0.0, 0.5071446456999311],
        [0.5, 0.5, 0.4932533014525617],
        [0.0, 0.5, 0.75],
        [0.5, 0.0, 0.75]
    ],
    "atom_properties": {
        "force": {
            "value": [
                [0.0, 0.0, -0.001728],
                [-0.0, 0.0, -0.001728],
                [-0.0, 0.0, 0.0],
                [-0.0, 0.0, 0.001728],
                [-0.0, -0.0, 0.001728],
                [-0.0, 0.0, -0.014369],
                [-0.0, 0.0, 0.058601],
                [-0.0, -0.0, 0.0],
                [-0.0, 0.0, 0.0],
                [0.0, 0.0, 0.014369],
                [-0.0, -0.0, -0.058601],
                [0.0, 0.0, 0.0],
                [-0.0, 0.0, 0.0]
            ]
        }
    },
    "atom_type": [
        "N",
        "N",
        "N",
        "N",
        "N",
        "Zr",
        "Zr",
        "Zr",
        "Zr",
        "Zr",
        "Zr",
        "Zr",
        "Zr"
    ],
    "coordinate_mode": "Direct",
    "global_properties": {
        "energy": {
            "value": -127.44233
        }
    },
    "lattice_vectors": [
        [4.599402446217984, 0.0, 0.0],
        [0.0, 4.599402446217984, 0.0],
        [0.0, 0.0, 9.15735730723121]
    ]
}