{
    "atom_coords": [
        [0.3574937033133807, 0.3574937033133807, 0.7149873066267531],
        [0.2139348966866166, 0.2139348966866166, 0.4278697933732474],
        [0.0001800614927276, 0.0001800614927276, 0.0003601229854553],
        [0.8569144752108073, 0.8569144752108073, 0.7138288504215993],
        [0.71451412478919, 0.71451412478919, 0.4290282495784012],
        [0.5712485385072696, 0.5712485385072696, 0.1424969770145452],
        [0.4289844006427543, 0.4289844006427543, 0.8579689012855027],
        [0.2857143000000022, 0.2857143000000022, 0.5714285999999973],
        [0.1424440993572489, 0.1424440993572489, 0.2848882987144989]
    ],
    "atom_properties": {
        "force": {
            "value": [
                [-0.0, -0.0, 0.168127],
                [0.0, -0.0, -0.168127],
                [0.0, -0.0, 0.025256],
                [0.0, -0.0, -0.059455],
                [-0.0, -0.0, 0.059455],
                [-0.0, -0.0, -0.025256],
                [0.0, -0.0, 0.148479],
                [-0.0, 0.0, 0.0],
                [-0.0, -0.0, -0.148479]
            ]
        }
    },
    "atom_type": [
        "N",
        "N",
        "Zr",
        "Zr",
        "Zr",
        "Zr",
        "Zr",
        "Zr",
        "Zr"
    ],
    "coordinate_mode": "Direct",
    "global_properties": {
        "energy": {
            "value": -83.219513
        }
    },
    "lattice_vectors": [
        [2.30151911045341, -2.30151911045341, 0.0],
        [2.30151911045341, 2.30151911045341, 0.0],
        [-2.30151911045341, 0.0, 15.83418415281178]
    ]
}