{
    "atom_coords": [
        [0.0, 0.6243489431373135, 0.8737605186747288],
        [0.0, 0.8720366143223117, 0.6256269548560311],
        [0.5, 0.1244638872686465, 0.8744788083418698],
        [0.0, 0.1241170787742121, 0.3751317355245263],
        [0.0, 0.9971113768921924, 0.9948941618746332],
        [0.5, 0.0035563556305931, 0.4966996476476879],
        [0.5, 0.2493882118672559, 0.257131838055713],
        [0.0, 0.2435103325427193, 0.7571289225914128],
        [0.0, 0.500875399294948, 0.4960139524238301],
        [0.5, 0.500339334420083, 0.99696666359457],
        [0.5, 0.7598314994940196, 0.7523837098279955],
        [0.0, 0.7504209663556978, 0.2497830865870085]
    ],
    "atom_properties": {
        "force": {
            "value": [
                [0.063713, -0.077717, -0.063713],
                [0.005335, -0.052544, -0.005335],
                [-0.062292, 0.040813, 0.062292],
                [-0.038964, -0.027705, 0.038964],
                [-0.053382, -0.02278, 0.053382],
                [-0.004766, 0.129133, 0.004766],
                [-0.058549, 0.086635, 0.058549],
                [0.002705, 0.009613, -0.002705],
                [0.058971, 0.083354, -0.058971],
                [0.030197, 0.03662, -0.030197],
                [0.026905, -0.100778, -0.026905],
                [0.030129, -0.104646, -0.030129]
            ]
        }
    },
    "atom_type": [
        "N",
        "N",
        "N",
        "N",
        "Zr",
        "Zr",
        "Zr",
        "Zr",
        "Zr",
        "Zr",
        "Zr",
        "Zr"
    ],
    "coordinate_mode": "Direct",
    "global_properties": {
        "energy": {
            "value": -115.78709
        }
    },
    "lattice_vectors": [
        [2.3049354424422903, 0.0, 2.3049354424422903],
        [2.3043163588495186, 4.590952691190774, -2.3043163588495186],
        [-6.878962373089571, 4.557010250564708, 6.878962373089571]
    ]
}