{
    "atom_coords": [
        [0.7503742957954742, 0.3737986147206485, 0.8757901663279668],
        [0.2527451363161788, 0.1264300711122246, 0.1240274785722946],
        [0.2475905257931217, 0.6241017768306563, 0.1253288396307894],
        [0.0075070871293121, 0.0022259479030993, 0.0016494323434131],
        [0.0059233539681216, 0.4908329028667922, 0.0034740431030613],
        [0.4941912928566765, 0.2595363981828811, 0.2368351933942705],
        [0.4800809973923776, 0.756017876812578, 0.2465014848468883],
        [0.9948957446285576, 0.5008763123461364, 0.4986747304486414],
        [0.0021011314824335, 0.0017440172135323, 0.4964060566953492],
        [0.5053499525668173, 0.7416063748290682, 0.7590228795490503],
        [0.5092404820709433, 0.2478297071823832, 0.7572896950882821]
    ],
    "atom_properties": {
        "force": {
            "value": [
                [0.051211, -0.065913, -0.021185],
                [0.017828, 0.023133, -0.04635],
                [-0.10626, 0.057311, 0.042394],
                [-0.014532, 0.002061, -0.019089],
                [-0.021622, -0.006057, -0.013736],
                [0.067263, 0.004584, 0.084504],
                [-0.044045, 0.017713, 0.119988],
                [-0.054801, 0.044472, 0.00186],
                [0.020872, -0.035245, 0.098324],
                [0.069483, -0.016905, -0.096561],
                [0.014603, -0.025153, -0.150148]
            ]
        }
    },
    "atom_type": [
        "N",
        "N",
        "N",
        "Zr",
        "Zr",
        "Zr",
        "Zr",
        "Zr",
        "Zr",
        "Zr",
        "Zr"
    ],
    "coordinate_mode": "Direct",
    "global_properties": {
        "energy": {
            "value": -103.72851
        }
    },
    "lattice_vectors": [
        [4.60840148098409, -2.2934546813396457, -2.2930450472199366],
        [4.624501356999594, 4.626068725937685, -0.0069534608961906],
        [4.5990546485541435, 0.0185538892349788, 4.549118603379083]
    ]
}