{
    "atom_coords": [
        [0.0, 0.6255611749888459, 0.8751814408422334],
        [0.5, 0.8764595496939336, 0.1248858292161898],
        [0.5, 0.1257046671747872, 0.8757016555073633],
        [0.0, 0.9901679328081627, 0.9978067211763033],
        [0.5, 0.9988000175020488, 0.4996782763202177],
        [0.5, 0.2474228970575894, 0.2548405476762383],
        [0.0, 0.2505569662886415, 0.7546668123557652],
        [0.0, 0.4997506230029103, 0.4960404676718895],
        [0.5, 0.5056638575509425, 0.9941250770096133],
        [0.5, 0.7523574519047003, 0.7535110370910232],
        [0.0, 0.7525548620274307, 0.2485621351331631]
    ],
    "atom_properties": {
        "force": {
            "value": [
                [0.055916, -0.032521, -0.055916],
                [0.001473, -0.012538, -0.001473],
                [-0.051629, 0.047104, 0.051629],
                [-0.019368, 0.081254, 0.019368],
                [-0.022858, -0.002219, 0.022858],
                [-0.100014, 0.035319, 0.100014],
                [-0.024982, -0.032571, 0.024982],
                [0.081836, -0.039065, -0.081836],
                [-0.010219, -0.013055, 0.010219],
                [0.042965, 0.012346, -0.042965],
                [0.046881, -0.044055, -0.046881]
            ]
        }
    },
    "atom_type": [
        "N",
        "N",
        "N",
        "Zr",
        "Zr",
        "Zr",
        "Zr",
        "Zr",
        "Zr",
        "Zr",
        "Zr"
    ],
    "coordinate_mode": "Direct",
    "global_properties": {
        "energy": {
            "value": -103.67494
        }
    },
    "lattice_vectors": [
        [2.2993920643614225, 0.0, 2.2993920643614225],
        [2.2955575167898887, 4.582370749793091, -2.2955575167898887],
        [-6.873329999561954, 4.569035588552014, 6.873329999561954]
    ]
}