{
    "atom_coords": [
        [0.25, 0.25, 0.5],
        [0.5, 0.0, 0.0],
        [0.017644196076688, 0.017644196076688, 0.0352883921529994],
        [0.267644196076688, 0.767644196076688, 0.5352883921529994],
        [0.482355803923312, 0.482355803923312, 0.9647116078470006],
        [0.732355803923312, 0.232355803923312, 0.4647116078470006]
    ],
    "atom_properties": {
        "force": {
            "value": [
                [-0.0, 0.0, 0.0],
                [0.0, -0.0, 0.0],
                [0.0, 0.0, -0.005014],
                [0.0, 0.0, -0.005014],
                [-0.0, -0.0, 0.005014],
                [-0.0, -0.0, 0.005014]
            ]
        }
    },
    "atom_type": [
        "N",
        "N",
        "Zr",
        "Zr",
        "Zr",
        "Zr"
    ],
    "coordinate_mode": "Direct",
    "global_properties": {
        "energy": {
            "value": -58.310645
        }
    },
    "lattice_vectors": [
        [4.535139429079177, 0.0, -2.608397e-10],
        [0.0, 4.535139429079177, -2.608397e-10],
        [-2.2675697197457145, -2.2675697197457145, 4.819834638183665]
    ]
}