{
    "atom_coords": [
        [0.0, 0.5, 0.7465762143130874],
        [0.5, 0.0, 0.8784237856869126],
        [0.0, 0.0, 0.9993416817591978],
        [0.5, 0.5, 0.1339299170029307],
        [0.0, 0.0, 0.2491685966554442],
        [0.5, 0.5, 0.3758314033445558],
        [0.0, 0.0, 0.4910700829970693],
        [0.5, 0.5, 0.6256583182408022],
        [0.0, 0.0, 0.7577028313090324],
        [0.5, 0.5, 0.8672971686909676]
    ],
    "atom_properties": {
        "force": {
            "value": [
                [0.03392, 0.0, -0.03392],
                [-0.03392, 0.0, 0.03392],
                [-0.026234, 0.0, 0.026234],
                [-0.019055, 0.0, 0.019055],
                [0.012387, 0.0, -0.012387],
                [-0.012387, 0.0, 0.012387],
                [0.019055, 0.0, -0.019055],
                [0.026234, 0.0, -0.026234],
                [-0.006793, 0.0, 0.006793],
                [0.006793, 0.0, -0.006793]
            ]
        }
    },
    "atom_type": [
        "N",
        "N",
        "Zr",
        "Zr",
        "Zr",
        "Zr",
        "Zr",
        "Zr",
        "Zr",
        "Zr"
    ],
    "coordinate_mode": "Direct",
    "global_properties": {
        "energy": {
            "value": -91.822547
        }
    },
    "lattice_vectors": [
        [2.3046547038769156, 0.0, 2.3046547038769156],
        [0.0, 4.535689696331156, 0.0],
        [-9.191840702351861, 0.0, 9.191840702351861]
    ]
}