{
    "atom_coords": [
        [0.5, 0.4998761604150133, 0.4997523208300265],
        [0.5, 0.75, 0.0],
        [0.5, 0.0001238395849867, 0.5002476791699735],
        [0.0, 0.9939115787203292, 0.0],
        [0.5, 0.1242205522976789, 0.7484411045953507],
        [0.0, 0.25, 0.5],
        [0.5, 0.3757794477023211, 0.2515588954046493],
        [0.0, 0.5060884212796708, 0.0],
        [0.5, 0.6255591252557409, 0.7511182505114888],
        [0.0, 0.75, 0.5],
        [0.5, 0.8744408747442591, 0.2488817494885112]
    ],
    "atom_properties": {
        "force": {
            "value": [
                [0.0, -0.0, 0.050437],
                [0.0, -0.0, -0.0],
                [-0.0, 0.0, -0.050437],
                [-0.006981, 0.006981, 0.0],
                [0.0, -0.0, 0.012286],
                [-0.0, 0.0, -0.0],
                [-0.0, 0.0, -0.012286],
                [0.006981, -0.006981, -0.0],
                [-0.0, 0.0, -0.086719],
                [0.0, -0.0, -0.0],
                [0.0, -0.0, 0.086719]
            ]
        }
    },
    "atom_type": [
        "N",
        "N",
        "N",
        "Zr",
        "Zr",
        "Zr",
        "Zr",
        "Zr",
        "Zr",
        "Zr",
        "Zr"
    ],
    "coordinate_mode": "Direct",
    "global_properties": {
        "energy": {
            "value": -103.72467
        }
    },
    "lattice_vectors": [
        [2.3006388875304675, 2.3006388875304675, 0.0],
        [-4.592156364005851, 4.592156364005851, 3.66563e-11],
        [2.2960781869777294, -2.2960781869777294, 9.096216819720508]
    ]
}