{
    "atom_coords": [
        [0.5, 0.5, 0.0],
        [0.5, 0.5, 0.2484482765278386],
        [0.0, 0.0, 0.3754853616288685],
        [0.5, 0.5, 0.5],
        [0.0, 0.0, 0.6245146383711315],
        [0.5, 0.5, 0.7515517234721614],
        [0.0, 0.0, 0.0],
        [0.5, 0.5, 0.1243684527982083],
        [0.0, 0.0, 0.2524681010395895],
        [0.5, 0.5, 0.3727161636362766],
        [0.0, 0.0, 0.5],
        [0.5, 0.5, 0.6272838363637234],
        [0.0, 0.0, 0.7475318989604105],
        [0.5, 0.5, 0.8756315472017917]
    ],
    "atom_properties": {
        "force": {
            "value": [
                [0.0, -0.0, -0.0],
                [0.0, -0.0, 0.118704],
                [-0.0, -0.0, -0.05259],
                [0.0, -0.0, -0.0],
                [0.0, -0.0, 0.05259],
                [0.0, -0.0, -0.118704],
                [0.0, -0.0, -0.0],
                [-0.0, -0.0, 0.006306],
                [0.0, -0.0, -0.10243],
                [0.0, 0.0, 0.067987],
                [0.0, -0.0, -0.0],
                [-0.0, -0.0, -0.067987],
                [0.0, -0.0, 0.10243],
                [0.0, 0.0, -0.006306]
            ]
        }
    },
    "atom_type": [
        "N",
        "N",
        "N",
        "N",
        "N",
        "N",
        "Zr",
        "Zr",
        "Zr",
        "Zr",
        "Zr",
        "Zr",
        "Zr",
        "Zr"
    ],
    "coordinate_mode": "Direct",
    "global_properties": {
        "energy": {
            "value": -139.48603
        }
    },
    "lattice_vectors": [
        [2.301052865485264, 2.301052865485264, 0.0],
        [2.301052865485264, -2.301052865485264, 0.0],
        [0.0, 0.0, -18.295814570557503]
    ]
}