{
    "atom_coords": [
        [0.0, 0.5, 0.4988827930622648],
        [0.5, 0.0, 0.8761172069377352],
        [0.0, 0.0, 0.9947132154789458],
        [0.5, 0.5, 0.1326251596101073],
        [0.0, 0.0, 0.2423748403898927],
        [0.5, 0.5, 0.3802867845210542],
        [0.0, 0.0, 0.4996430319027638],
        [0.5, 0.5, 0.6175669928373821],
        [0.0, 0.0, 0.7574330071626179],
        [0.5, 0.5, 0.8753569680972362]
    ],
    "atom_properties": {
        "force": {
            "value": [
                [0.01896, 0.0, -0.01896],
                [-0.01896, 0.0, 0.01896],
                [-0.015602, 0.0, 0.015602],
                [0.005211, 0.0, -0.005211],
                [-0.005211, 0.0, 0.005211],
                [0.015602, 0.0, -0.015602],
                [-0.008446, 0.0, 0.008446],
                [-0.014831, 0.0, 0.014831],
                [0.014831, 0.0, -0.014831],
                [0.008446, 0.0, -0.008446]
            ]
        }
    },
    "atom_type": [
        "N",
        "N",
        "Zr",
        "Zr",
        "Zr",
        "Zr",
        "Zr",
        "Zr",
        "Zr",
        "Zr"
    ],
    "coordinate_mode": "Direct",
    "global_properties": {
        "energy": {
            "value": -92.004485
        }
    },
    "lattice_vectors": [
        [2.315103548743654, 0.0, 2.315103548743654],
        [0.0, 4.5474016606920005, 0.0],
        [-9.167540125742217, 0.0, 9.167540125742217]
    ]
}