{
    "atom_coords": [
        [0.5, 0.165624161025903, 0.168435902924017],
        [0.5, 0.5010425389740973, 0.4982307970759834],
        [0.0, 0.0018934211810731, 0.0067007021164045],
        [0.5, 0.172670326623674, 0.6685946898140074],
        [0.0, 0.3333332999999996, 0.3333332999999996],
        [0.5, 0.4939963733763264, 0.998072010185993],
        [0.0, 0.6647732788189273, 0.6599659978835959],
        [0.5, 0.8333332999999996, 0.3333332999999996]
    ],
    "atom_properties": {
        "force": {
            "value": [
                [-0.006657, 0.012347, -0.006657],
                [0.006657, -0.012347, 0.006657],
                [-0.000543, -0.093289, -0.000543],
                [0.062773, 0.01548, 0.062773],
                [-0.0, 0.0, -0.0],
                [-0.062773, -0.01548, -0.062773],
                [0.000543, 0.093289, 0.000543],
                [-0.0, 0.0, -0.0]
            ]
        }
    },
    "atom_type": [
        "N",
        "N",
        "Zr",
        "Zr",
        "Zr",
        "Zr",
        "Zr",
        "Zr"
    ],
    "coordinate_mode": "Direct",
    "global_properties": {
        "energy": {
            "value": -74.757513
        }
    },
    "lattice_vectors": [
        [2.292106727610933, 0.0, -2.292106727610933],
        [2.2847005932260345, 4.553377361315318, 2.2847005932260345],
        [4.593766341779293, -4.577892371177307, 4.593766341779293]
    ]
}