{
    "atom_coords": [
        [0.856665119790442, 0.7133301395808829, 0.0706263601069494],
        [0.4292897605060162, 0.8585796210120265, 0.7854609740507996],
        [0.9995794248392542, 0.9991588496785155, 0.5007869066124115],
        [0.5718491751607431, 0.143698250321485, 0.2134987933875863],
        [0.142138739493987, 0.2842775789879752, 0.9288247259492053],
        [0.7147634802095553, 0.4295269604191176, 0.6436593398930484],
        [0.999247943756373, 0.9984958875127461, 0.0015437677766954],
        [0.5721806562436242, 0.1443612124872544, 0.7127419322233024],
        [0.1393539497371847, 0.2787079994743777, 0.4308706180998385],
        [0.7128945501575998, 0.4257891003151997, 0.1363767288730386],
        [0.2857143000000022, 0.5714285999999973, 0.8571428999999995],
        [0.8585340498423975, 0.7170679996848008, 0.5779089711269592],
        [0.4320745502628185, 0.8641492005256239, 0.2834150819001664]
    ],
    "atom_properties": {
        "force": {
            "value": [
                [0.017941, -0.016259, 0.017941],
                [0.017699, 0.015082, 0.017699],
                [-0.006642, -0.036556, -0.006642],
                [0.006642, 0.036556, 0.006642],
                [-0.017699, -0.015082, -0.017699],
                [-0.017941, 0.016259, -0.017941],
                [0.019169, -0.016072, 0.019169],
                [-0.019169, 0.016072, -0.019169],
                [0.008147, -0.085029, 0.008147],
                [-0.01777, 0.00707, -0.01777],
                [0.0, -0.0, -0.0],
                [0.01777, -0.00707, 0.01777],
                [-0.008147, 0.085029, -0.008147]
            ]
        }
    },
    "atom_type": [
        "N",
        "N",
        "N",
        "N",
        "N",
        "N",
        "Zr",
        "Zr",
        "Zr",
        "Zr",
        "Zr",
        "Zr",
        "Zr"
    ],
    "coordinate_mode": "Direct",
    "global_properties": {
        "energy": {
            "value": -130.95325
        }
    },
    "lattice_vectors": [
        [2.2974789498232147, 0.0, -2.2974789498232147],
        [0.002155817368514, 6.8987369822774545, 2.2996347671917285],
        [4.603950679281594, -4.599284504278563, 4.603950679281594]
    ]
}