{
    "atom_coords": [
        [0.0, 0.6243153083292299, 0.2498780504686167],
        [0.5, 0.7506559854313153, 0.0007913483336779],
        [0.0, 0.8743440145686847, 0.7492086516663221],
        [0.5, 0.0006846916707701, 0.5001219495313833],
        [0.0, 0.9872997041820355, 0.994886582951267],
        [0.5, 0.1130561305436544, 0.7447273210935208],
        [0.0, 0.241849888429492, 0.4994234430045594],
        [0.5, 0.383150111570508, 0.2505765569954406],
        [0.0, 0.5119438694563456, 0.0052726789064792],
        [0.5, 0.6377002958179645, 0.755113417048733],
        [0.0, 0.7622830040419544, 0.4999131092689311],
        [0.5, 0.8627169959580456, 0.2500868907310689]
    ],
    "atom_properties": {
        "force": {
            "value": [
                [0.057488, -0.057488, 0.035572],
                [0.005109, -0.005109, 0.065602],
                [-0.005109, 0.005109, -0.065602],
                [-0.057488, 0.057488, -0.035572],
                [0.003961, -0.003961, 0.026574],
                [-0.02293, 0.02293, 0.03488],
                [-0.023846, 0.023846, -0.014569],
                [0.023846, -0.023846, 0.014569],
                [0.02293, -0.02293, -0.03488],
                [-0.003961, 0.003961, -0.026574],
                [-0.032192, 0.032192, -0.013315],
                [0.032192, -0.032192, 0.013315]
            ]
        }
    },
    "atom_type": [
        "N",
        "N",
        "N",
        "N",
        "Zr",
        "Zr",
        "Zr",
        "Zr",
        "Zr",
        "Zr",
        "Zr",
        "Zr"
    ],
    "coordinate_mode": "Direct",
    "global_properties": {
        "energy": {
            "value": -115.83033
        }
    },
    "lattice_vectors": [
        [2.3089650333249696, 2.3089650333249696, 0.0],
        [-4.586491803050083, 4.586491803050083, -0.0177356841789562],
        [2.311070885313696, -2.311070885313696, 9.245788348988807]
    ]
}