{
    "atom_coords": [
        [0.0, 0.5, 0.0],
        [0.0, 0.0, 0.0],
        [0.5, 0.5, 0.0],
        [0.0, 0.5, 0.2455753613609701],
        [0.5, 0.0, 0.2597066473336511],
        [0.0, 0.0, 0.5],
        [0.5, 0.5, 0.5],
        [0.0, 0.5, 0.7544246386390299],
        [0.5, 0.0, 0.7402933526663489]
    ],
    "atom_properties": {
        "force": {
            "value": [
                [-0.0, 0.0, 0.0],
                [-0.0, 0.0, 0.0],
                [-0.0, 0.0, 0.0],
                [0.0, -0.0, -0.02702],
                [-0.0, 0.0, 0.075298],
                [-0.0, 0.0, 0.0],
                [-0.0, 0.0, 0.0],
                [-0.0, 0.0, 0.02702],
                [-0.0, -0.0, -0.075298]
            ]
        }
    },
    "atom_type": [
        "N",
        "Zr",
        "Zr",
        "Zr",
        "Zr",
        "Zr",
        "Zr",
        "Zr",
        "Zr"
    ],
    "coordinate_mode": "Direct",
    "global_properties": {
        "energy": {
            "value": -80.028735
        }
    },
    "lattice_vectors": [
        [4.561042480017647, 0.0, 0.0],
        [0.0, 4.561042480017647, 0.0],
        [0.0, 0.0, 9.113916937109295]
    ]
}