{
    "atom_coords": [
        [0.6876459727316302, 0.18515054115678, 0.4395575133799667],
        [0.3120941052531876, 0.8128461277477044, 0.5629656617459204],
        [0.9375, 0.4375, 0.6875],
        [0.5629058947468124, 0.0621538722522956, 0.8120343382540796],
        [0.1873540272683698, 0.68984945884322, 0.9354424866200333],
        [0.0030146108903679, 0.9982314579814826, 0.9957393202377816],
        [0.6272050780776439, 0.6247707959846167, 0.1208190478600812],
        [0.2477949219223561, 0.2502292040153762, 0.2541809521399188],
        [0.8719853891096321, 0.8767685420185174, 0.3792606797622184],
        [0.4988302880492768, 0.4977652653284323, 0.5045741585730141],
        [0.1270601624305456, 0.1239213168343625, 0.621958358304532],
        [0.7479398375694544, 0.7510786831656375, 0.753041641695468],
        [0.3761697119507232, 0.3772347346715677, 0.8704258414269859]
    ],
    "atom_properties": {
        "force": {
            "value": [
                [-0.015327, -0.014539, 0.015327],
                [-0.012001, -0.047138, 0.012001],
                [0.0, 0.0, -0.0],
                [0.012001, 0.047138, -0.012001],
                [0.015327, 0.014539, -0.015327],
                [0.057606, 0.025214, -0.057606],
                [0.051637, -0.02498, -0.051637],
                [-0.051637, 0.02498, 0.051637],
                [-0.057606, -0.025214, 0.057606],
                [-0.059499, -0.016392, 0.059499],
                [-0.003718, -0.009723, 0.003718],
                [0.003718, 0.009723, -0.003718],
                [0.059499, 0.016392, -0.059499]
            ]
        }
    },
    "atom_type": [
        "N",
        "N",
        "N",
        "N",
        "N",
        "Zr",
        "Zr",
        "Zr",
        "Zr",
        "Zr",
        "Zr",
        "Zr",
        "Zr"
    ],
    "coordinate_mode": "Direct",
    "global_properties": {
        "energy": {
            "value": -127.40119
        }
    },
    "lattice_vectors": [
        [2.304061763027849, 0.0, 2.304061763027849],
        [2.3014120885311447, 6.884503931289798, 0.0026496744967043],
        [-4.61125961317842, 2.300232225279878, 6.9153213762062675]
    ]
}