{
    "atom_coords": [
        [0.5623555378395722, 0.1885306780009586, 0.1247110756791514],
        [0.9376444621604278, 0.3114693219990414, 0.8752889243208486],
        [0.0020879012582924, 0.0134131145296124, 0.0041758025165777],
        [0.1247532889684209, 0.3695749523621146, 0.2495065779368417],
        [0.25, 0.75, 0.5],
        [0.3752467110315791, 0.1304250476378854, 0.7504934220631583],
        [0.4979120987417076, 0.4865868854703876, 0.9958241974834223],
        [0.6262748245213245, 0.8807182320619305, 0.252549649042642],
        [0.75, 0.25, 0.5],
        [0.8737251754786755, 0.6192817679380695, 0.747450350957358]
    ],
    "atom_properties": {
        "force": {
            "value": [
                [0.031257, 0.078595, 0.031257],
                [-0.031257, -0.078595, -0.031257],
                [0.017167, 0.009706, 0.017167],
                [0.024074, 0.018987, 0.024074],
                [-0.0, -0.0, -0.0],
                [-0.024074, -0.018987, -0.024074],
                [-0.017167, -0.009706, -0.017167],
                [0.037116, -0.069799, 0.037116],
                [-0.0, 0.0, -0.0],
                [-0.037116, 0.069799, -0.037116]
            ]
        }
    },
    "atom_type": [
        "N",
        "N",
        "Zr",
        "Zr",
        "Zr",
        "Zr",
        "Zr",
        "Zr",
        "Zr",
        "Zr"
    ],
    "coordinate_mode": "Direct",
    "global_properties": {
        "energy": {
            "value": -91.718861
        }
    },
    "lattice_vectors": [
        [2.29900572448871, 0.0, -2.29900572448871],
        [2.2676638041007777, 4.5707525453956634, 2.2676638041007777],
        [4.583725978219382, -6.920116309416346, 6.882731702708093]
    ]
}