{
    "atom_coords": [
        [0.0, 0.6251741752364737, 0.873868389589127],
        [0.0, 0.875, 0.625],
        [0.0, 0.1248258247635263, 0.376131610410873],
        [0.0, 0.9946317463680785, 0.0010524972124628],
        [0.5, 0.0007082647360974, 0.5006064050961996],
        [0.5, 0.2491128533756637, 0.2545403955681351],
        [0.0, 0.2483445799831969, 0.7520341821261596],
        [0.0, 0.5016554200168031, 0.4979658178738404],
        [0.5, 0.5008871466243363, 0.9954596044318649],
        [0.5, 0.7492917352639026, 0.7493935949038004],
        [0.0, 0.7553682536319215, 0.2489475027875372]
    ],
    "atom_properties": {
        "force": {
            "value": [
                [0.024564, -0.036306, -0.024564],
                [0.0, 0.0, 0.0],
                [-0.024564, 0.036306, 0.024564],
                [-0.04083, -0.017784, 0.04083],
                [0.029811, 0.044113, -0.029811],
                [-0.017543, 0.077599, 0.017543],
                [-0.001144, 0.016738, 0.001144],
                [0.001144, -0.016738, -0.001144],
                [0.017543, -0.077599, -0.017543],
                [-0.029811, -0.044113, 0.029811],
                [0.04083, 0.017784, -0.04083]
            ]
        }
    },
    "atom_type": [
        "N",
        "N",
        "N",
        "Zr",
        "Zr",
        "Zr",
        "Zr",
        "Zr",
        "Zr",
        "Zr",
        "Zr"
    ],
    "coordinate_mode": "Direct",
    "global_properties": {
        "energy": {
            "value": -103.70488
        }
    },
    "lattice_vectors": [
        [2.2976512097265656, 0.0, 2.2976512097265656],
        [2.29106226097913, 4.54194806121942, -2.29106226097913],
        [-6.885520625585738, 4.554429403416342, 6.885520625585738]
    ]
}