{
    "atom_coords": [
        [0.75, 0.75, 0.25],
        [0.25, 0.25, 0.75],
        [0.75, 0.75, 0.75],
        [0.0, 0.0, 0.0],
        [0.5030099358883149, 0.9969900641116851, 0.9969900641116851],
        [0.9969900641116851, 0.5030099358883149, 0.9969900641116851],
        [0.5050610792454364, 0.5050610792454364, 0.9949389207545636],
        [0.9949389207545636, 0.9949389207545636, 0.5050610792454364],
        [0.5030099358883149, 0.9969900641116851, 0.5030099358883149],
        [0.9969900641116851, 0.5030099358883149, 0.5030099358883149],
        [0.5, 0.5, 0.5]
    ],
    "atom_properties": {
        "force": {
            "value": [
                [0.0, -0.0, -0.0],
                [0.0, -0.0, -0.0],
                [0.0, -0.0, -0.0],
                [0.0, -0.0, -0.0],
                [0.002586, -0.0, -0.0],
                [0.0, 0.002586, -0.0],
                [0.0, -0.0, 0.061273],
                [0.0, -0.0, -0.061273],
                [0.0, -0.002586, -0.0],
                [-0.002586, -0.0, -0.0],
                [0.0, 0.0, -0.0]
            ]
        }
    },
    "atom_type": [
        "N",
        "N",
        "N",
        "Zr",
        "Zr",
        "Zr",
        "Zr",
        "Zr",
        "Zr",
        "Zr",
        "Zr"
    ],
    "coordinate_mode": "Direct",
    "global_properties": {
        "energy": {
            "value": -103.89693
        }
    },
    "lattice_vectors": [
        [0.0, 4.5609539049610754, 4.61326454779042],
        [4.5609539049610754, 0.0, 4.61326454779042],
        [4.5609539049610754, 4.5609539049610754, 0.0]
    ]
}