{
    "atom_coords": [
        [0.99990951508817, 0.9998190301763401, 0.4993021643299755],
        [0.5707458006863604, 0.1414915013727267, 0.2149548909528249],
        [0.1435398993136374, 0.287079898627276, 0.9279022090471756],
        [0.7143761849118277, 0.4287523698236626, 0.643554935670025],
        [0.0055567905135945, 0.011113581027189, 0.0080622501038263],
        [0.5752024716836388, 0.1504048433672835, 0.7129008621021811],
        [0.139083228316359, 0.2781665566327192, 0.4299562378978194],
        [0.7087289094864033, 0.4174578189728138, 0.1347948498961742],
        [0.2809743953248116, 0.5619487906496161, 0.8480506373095125],
        [0.8571428999999995, 0.7142856999999978, 0.5714285999999973],
        [0.4333113046751933, 0.8666227093503807, 0.2948065626904892]
    ],
    "atom_properties": {
        "force": {
            "value": [
                [0.035182, -0.091242, 0.035182],
                [0.030163, -0.129108, 0.030163],
                [-0.030163, 0.129108, -0.030163],
                [-0.035182, 0.091242, -0.035182],
                [0.019471, -0.053756, 0.019471],
                [0.001741, -0.08608, 0.001741],
                [-0.001741, 0.08608, -0.001741],
                [-0.019471, 0.053756, -0.019471],
                [-0.107751, 0.107825, -0.107751],
                [0.0, -0.0, 0.0],
                [0.107751, -0.107825, 0.107751]
            ]
        }
    },
    "atom_type": [
        "N",
        "N",
        "N",
        "N",
        "Zr",
        "Zr",
        "Zr",
        "Zr",
        "Zr",
        "Zr",
        "Zr"
    ],
    "coordinate_mode": "Direct",
    "global_properties": {
        "energy": {
            "value": -107.29114
        }
    },
    "lattice_vectors": [
        [2.3237026539652037, 0.0, -2.3237026539652037],
        [-0.0169745522873523, 6.836561139974811, 2.3067281016778516],
        [4.619275041744454, -4.571039800795684, 4.619275041744454]
    ]
}