{
    "atom_coords": [
        [0.6250372855964343, 0.6250372855964272, 0.7500745711928545],
        [0.0, 0.5, 0.5],
        [0.3749627144035657, 0.3749627144035728, 0.2499254288071455],
        [0.0, 0.0, 0.0],
        [0.3760829435594459, 0.862599587370461, 0.7466916177797032],
        [0.7448771309231645, 0.7302770336585525, 0.5],
        [0.1293913257797357, 0.6159079695907721, 0.2533083822202968],
        [0.5, 0.5, 0.0],
        [0.8706086742202643, 0.3840920304092279, 0.7466916177797032],
        [0.2551228690768355, 0.2697229663414475, 0.5],
        [0.6239170564405541, 0.1374004126295389, 0.2533083822202968]
    ],
    "atom_properties": {
        "force": {
            "value": [
                [0.0, -0.010935, 0.010935],
                [0.0, 0.0, -0.0],
                [-0.0, 0.010935, -0.010935],
                [0.0, 0.0, -0.0],
                [0.049828, 0.018103, 0.069968],
                [0.016157, 0.03099, 0.03099],
                [0.049828, 0.069968, 0.018103],
                [0.0, 0.0, -0.0],
                [-0.049828, -0.069968, -0.018103],
                [-0.016157, -0.03099, -0.03099],
                [-0.049828, -0.018103, -0.069968]
            ]
        }
    },
    "atom_type": [
        "N",
        "N",
        "N",
        "Zr",
        "Zr",
        "Zr",
        "Zr",
        "Zr",
        "Zr",
        "Zr",
        "Zr"
    ],
    "coordinate_mode": "Direct",
    "global_properties": {
        "energy": {
            "value": -103.85017
        }
    },
    "lattice_vectors": [
        [4.6341131233404065, 2.311977633495245, 2.3119776335301254],
        [-4.592503428414167, 2.270611632785594, 2.270611632820091],
        [-0.0208048474177017, -6.904916616572408, 2.3223273603287113]
    ]
}