{
    "atom_coords": [
        [0.0, 0.125, 0.75],
        [0.0, 0.0024512926094644, 0.997199246201248],
        [0.5, 0.125, 0.75],
        [0.0, 0.2475487073905356, 0.502800753798752],
        [0.5, 0.3804266700260541, 0.2608533400521083],
        [0.0, 0.4947479535917836, 0.997199246201248],
        [0.5, 0.625, 0.75],
        [0.0, 0.7552520464082164, 0.502800753798752],
        [0.5, 0.8695733299739459, 0.2391466599478917]
    ],
    "atom_properties": {
        "force": {
            "value": [
                [0.0, 0.0, -0.0],
                [0.0, 0.020944, -0.045799],
                [0.0, -0.0, -0.0],
                [0.0, -0.020944, 0.045799],
                [0.0, 0.061353, 0.061353],
                [0.0, -0.045799, 0.020944],
                [0.0, -0.0, -0.0],
                [0.0, 0.045799, -0.020944],
                [0.0, -0.061353, -0.061353]
            ]
        }
    },
    "atom_type": [
        "N",
        "Zr",
        "Zr",
        "Zr",
        "Zr",
        "Zr",
        "Zr",
        "Zr",
        "Zr"
    ],
    "coordinate_mode": "Direct",
    "global_properties": {
        "energy": {
            "value": -79.870377
        }
    },
    "lattice_vectors": [
        [4.528026131286282, 0.0, 0.0],
        [0.0, 4.589444852111077, -4.589444852111077],
        [0.0, 2.269477386494994, 6.8589222386060715]
    ]
}