{
    "atom_coords": [
        [0.6243555057792634, 0.248711011558548, 0.9373482757649754],
        [0.1271904178927841, 0.2543808357855326, 0.6864672562009773],
        [0.3728095821072159, 0.7456191642144674, 0.5635327437990227],
        [0.8756444942207366, 0.751288988441452, 0.3126517242350246],
        [0.0067163586559431, 0.0134327173120496, 0.9962768894213099],
        [0.2406025029800816, 0.4812050059599002, 0.8791703442835228],
        [0.5097551935539499, 0.0195103871081059, 0.7466383323884642],
        [0.75, 0.5, 0.625],
        [0.9902448064460501, 0.9804896128918941, 0.5033616676115358],
        [0.2593974970199184, 0.5187949940400998, 0.3708296557164772],
        [0.4932836413440569, 0.9865672826879504, 0.2537231105786901],
        [0.75, 0.5, 0.125]
    ],
    "atom_properties": {
        "force": {
            "value": [
                [-0.001718, 0.001718, 0.024248],
                [-0.004149, 0.004149, 0.016228],
                [0.004149, -0.004149, -0.016228],
                [0.001718, -0.001718, -0.024248],
                [0.025891, -0.025891, -0.019213],
                [-0.013143, 0.013143, 0.03497],
                [-0.052491, 0.052491, -0.012104],
                [-0.0, -0.0, 0.0],
                [0.052491, -0.052491, 0.012104],
                [0.013143, -0.013143, -0.03497],
                [-0.025891, 0.025891, 0.019213],
                [-0.0, -0.0, 0.0]
            ]
        }
    },
    "atom_type": [
        "N",
        "N",
        "N",
        "N",
        "Zr",
        "Zr",
        "Zr",
        "Zr",
        "Zr",
        "Zr",
        "Zr",
        "Zr"
    ],
    "coordinate_mode": "Direct",
    "global_properties": {
        "energy": {
            "value": -116.08236
        }
    },
    "lattice_vectors": [
        [2.333856427579347, 2.3338564276283527, -3.99965e-11],
        [-4.639413261807463, 2.305556844424076, 2.2479979933733034],
        [4.669268323972359, -4.669268324228256, 9.106895198722132]
    ]
}