{
    "atom_coords": [
        [0.7866009282672621, 0.573201856534503, 0.8543766170947791],
        [0.9282700884765944, 0.85654027695319, 0.287130597174091],
        [0.5018173471200171, 0.0036346942400343, 0.9988657044722515],
        [0.0715084810100919, 0.143016862020211, 0.7152038624213617],
        [0.989556130889305, 0.9791122617787309, 0.9955478594235814],
        [0.5800896902681671, 0.1601792805362692, 0.7334961596875473],
        [0.1327877795462271, 0.2655756590925762, 0.4321072133428032],
        [0.7186966157482786, 0.4373932314965003, 0.1430403089405843],
        [0.2832911029406873, 0.5665822058813816, 0.8542503618783215],
        [0.8637062777111524, 0.7274124554222183, 0.5692515676833168],
        [0.4293898580221978, 0.8587798160443754, 0.2738726478813405]
    ],
    "atom_properties": {
        "force": {
            "value": [
                [-0.0, 0.015371, -0.0391],
                [0.0, -0.031796, 0.027541],
                [-0.0, 0.028417, 0.04488],
                [-0.0, -0.002428, -0.022676],
                [0.0, -0.016761, 0.023566],
                [0.0, -0.033872, -0.018734],
                [0.0, -0.036556, -0.006453],
                [0.0, 0.021253, 0.083445],
                [-0.0, 0.039608, -0.04047],
                [-0.0, 0.024038, -0.007614],
                [-0.0, -0.007273, -0.044386]
            ]
        }
    },
    "atom_type": [
        "N",
        "N",
        "N",
        "N",
        "Zr",
        "Zr",
        "Zr",
        "Zr",
        "Zr",
        "Zr",
        "Zr"
    ],
    "coordinate_mode": "Direct",
    "global_properties": {
        "energy": {
            "value": -107.46616
        }
    },
    "lattice_vectors": [
        [4.568046902137451, -5.68283e-11, 1.70038e-11],
        [-2.2840234561185633, 4.64286306422618, -2.3142047280217177],
        [-2.9495e-12, 2.3099452551750566, 6.919590162277805]
    ]
}