{
    "atom_coords": [
        [0.0, 0.626371908643236, 0.2530166760161734],
        [0.0, 0.8733552326270839, 0.7469833239838266],
        [0.5, 0.0004184319152927, 0.4999999999999929],
        [0.0, 0.9982798371282016, 0.9984987793523601],
        [0.5, 0.1150565596334019, 0.7492358020148799],
        [0.0, 0.2436819779482491, 0.4999999999999929],
        [0.5, 0.3798052045940423, 0.2452538852890243],
        [0.0, 0.4997810577758415, 0.001501220647647],
        [0.5, 0.6345513193049896, 0.7547461147109829],
        [0.0, 0.7628777128111608, 0.5000000000000071],
        [0.5, 0.8658207576185148, 0.250764197985113]
    ],
    "atom_properties": {
        "force": {
            "value": [
                [0.031086, -0.031086, 0.058717],
                [0.031086, -0.031086, -0.058717],
                [-0.08323, 0.08323, -0.0],
                [0.03944, -0.03944, -0.009162],
                [-0.014561, 0.014561, 0.030977],
                [-0.069041, 0.069041, -0.0],
                [0.01988, -0.01988, -0.10742],
                [0.03944, -0.03944, 0.009162],
                [0.01988, -0.01988, 0.10742],
                [0.000581, -0.000581, 0.0],
                [-0.014561, 0.014561, -0.030977]
            ]
        }
    },
    "atom_type": [
        "N",
        "N",
        "N",
        "Zr",
        "Zr",
        "Zr",
        "Zr",
        "Zr",
        "Zr",
        "Zr",
        "Zr"
    ],
    "coordinate_mode": "Direct",
    "global_properties": {
        "energy": {
            "value": -103.71864
        }
    },
    "lattice_vectors": [
        [2.292372969719478, 2.292372969719478, 0.0],
        [-4.55495556458878, 4.55495556458878, -6.9311e-11],
        [2.2774777873351075, -2.2774777873351075, 9.29054097877528]
    ]
}