{
    "atom_coords": [
        [0.9295639448457393, 0.8591279896914799, 0.2849261524866051],
        [0.0704360551542607, 0.1408720103085201, 0.7150738475133949],
        [0.0, 0.0, 0.0],
        [0.5728306400587897, 0.1456611801176066, 0.7221106252267973],
        [0.1317157400272038, 0.2634315800543519, 0.4293903043886829],
        [0.7239914239069023, 0.4479828478138899, 0.1475938651810793],
        [0.2760085760930977, 0.5520171521861101, 0.8524061348189207],
        [0.8682842599727962, 0.7365684199456481, 0.5706096956113171],
        [0.4271693599412103, 0.8543388198823934, 0.2778893747732027]
    ],
    "atom_properties": {
        "force": {
            "value": [
                [0.0, 0.010081, 0.033288],
                [-0.0, -0.010081, -0.033288],
                [-0.0, 0.0, 0.0],
                [0.0, -0.014629, 0.001568],
                [-0.0, -0.000201, -0.08766],
                [-0.0, 0.036639, 0.009855],
                [0.0, -0.036639, -0.009855],
                [0.0, 0.000201, 0.08766],
                [-0.0, 0.014629, -0.001568]
            ]
        }
    },
    "atom_type": [
        "N",
        "N",
        "Zr",
        "Zr",
        "Zr",
        "Zr",
        "Zr",
        "Zr",
        "Zr"
    ],
    "coordinate_mode": "Direct",
    "global_properties": {
        "energy": {
            "value": -83.676465
        }
    },
    "lattice_vectors": [
        [4.550660884371604, -8.26755e-11, -2.89064e-11],
        [-2.2753304472195355, 4.666644613820847, -2.2552157172299356],
        [-8.58996e-11, 2.3742351325000386, 6.844034991657273]
    ]
}