{
    "atom_coords": [
        [0.7526594111497857, 0.1259555802095704, 0.6882232009518816],
        [0.2489863300747643, 0.8739998373579496, 0.8137792036574325],
        [0.7502939727498585, 0.6247426196677779, 0.9382002068361146],
        [0.25, 0.375, 0.0625],
        [0.7497060272501415, 0.1252573803322221, 0.1867997931638854],
        [0.2510136699252357, 0.8760001626420504, 0.3112207963425675],
        [0.7473405888502143, 0.6240444197904296, 0.4367767990481255],
        [0.0006789328029271, 0.0006375124318296, 0.999195514634124],
        [0.4993210671970729, 0.7493624875681704, 0.125804485365876],
        [0.9940114556881454, 0.5055712423272851, 0.2428041822202118],
        [0.5080331707607826, 0.2467883473022496, 0.3721587795496575],
        [0.9925943218880562, 0.9884260967499898, 0.4982246104650017],
        [0.5074056781119438, 0.7615739032500102, 0.6267753895349983],
        [0.9919668292392174, 0.5032116526977504, 0.7528412204503354],
        [0.5059885443118546, 0.2444287576727149, 0.8821958177797882]
    ],
    "atom_properties": {
        "force": {
            "value": [
                [0.014292, 0.051833, -0.033498],
                [0.008084, -0.015771, 0.015853],
                [-0.040394, -0.016073, 0.033976],
                [-0.0, 0.0, -0.0],
                [0.040394, 0.016073, -0.033976],
                [-0.008084, 0.015771, -0.015853],
                [-0.014292, -0.051833, 0.033498],
                [-0.00515, 0.043042, 0.015167],
                [0.00515, -0.043042, -0.015167],
                [-0.050929, 0.028994, 0.001791],
                [0.035288, 0.02211, -0.058958],
                [0.004568, -0.089277, -0.042196],
                [-0.004568, 0.089277, 0.042196],
                [-0.035288, -0.02211, 0.058958],
                [0.050929, -0.028994, -0.001791]
            ]
        }
    },
    "atom_type": [
        "N",
        "N",
        "N",
        "N",
        "N",
        "N",
        "N",
        "Zr",
        "Zr",
        "Zr",
        "Zr",
        "Zr",
        "Zr",
        "Zr",
        "Zr"
    ],
    "coordinate_mode": "Direct",
    "global_properties": {
        "energy": {
            "value": -151.61776
        }
    },
    "lattice_vectors": [
        [2.2931039336019836, 2.2926530279709314, -4.595684940299965],
        [-2.30671584113622, 4.610768956025561, 2.3037415044716734],
        [4.610682025271753, -0.001267437852541, 4.607271684236551]
    ]
}