{
    "atom_coords": [
        [0.4275349905013996, 0.8550700810027863, 0.785706184205786],
        [0.5714285999999973, 0.1428571000000005, 0.2142856999999978],
        [0.7153221094986009, 0.4306442189972159, 0.6428652157942167],
        [0.0006122019100445, 0.001224403820089, 0.0017843279778873],
        [0.5714285999999973, 0.1428571000000005, 0.7142856999999978],
        [0.142244898089956, 0.2844898961799132, 0.4267870720221154],
        [0.716373108488952, 0.4327462169779182, 0.1465260989154658],
        [0.2838409851749333, 0.5676819703498523, 0.8450878044675321],
        [0.8590162148250684, 0.7180323296501427, 0.5834836955324647],
        [0.4264839915110485, 0.852968083022084, 0.282045301084537]
    ],
    "atom_properties": {
        "force": {
            "value": [
                [0.089565, 0.021631, 0.089565],
                [-0.0, 0.0, 0.0],
                [-0.089565, -0.021631, -0.089565],
                [0.045551, -0.004011, 0.045551],
                [-0.0, 0.0, 0.0],
                [-0.045551, 0.004011, -0.045551],
                [0.02385, 0.097998, 0.02385],
                [-0.027237, -0.10325, -0.027237],
                [0.027237, 0.10325, 0.027237],
                [-0.02385, -0.097998, -0.02385]
            ]
        }
    },
    "atom_type": [
        "N",
        "N",
        "N",
        "Zr",
        "Zr",
        "Zr",
        "Zr",
        "Zr",
        "Zr",
        "Zr"
    ],
    "coordinate_mode": "Direct",
    "global_properties": {
        "energy": {
            "value": -95.195375
        }
    },
    "lattice_vectors": [
        [2.3024938136672835, 0.0, -2.3024938136672835],
        [-0.0065158568409805, 6.81411290768976, 2.295977956826303],
        [4.6170028990104965, -4.555506951283375, 4.6170028990104965]
    ]
}