{
    "atom_coords": [
        [0.3760442517695921, 0.7520885035391984, 0.0630616795810539],
        [0.6244311789519159, 0.2488623579038247, 0.9365953958388147],
        [0.8743814570923973, 0.7487629141847876, 0.812059377542802],
        [0.125, 0.25, 0.6875],
        [0.3756185429076027, 0.7512370858152124, 0.562940622457198],
        [0.6255688210480841, 0.2511376420961753, 0.4384046041611853],
        [0.8739557482304079, 0.7479114964608016, 0.3119383204189461],
        [0.9981479797942541, 0.9962959595884797, 0.997861989331966],
        [0.2502001831069549, 0.5004003662139098, 0.8783601834597974],
        [0.5018961311431696, 0.0037922622863746, 0.7516012898320952],
        [0.7481038688568304, 0.4962077377136325, 0.6233987101679048],
        [0.9997998168930451, 0.9995996337860902, 0.4966398165402026],
        [0.2518520202057459, 0.5037040404115203, 0.377138010668034],
        [0.4931635150896128, 0.9863270301791047, 0.2535321575053757],
        [0.7568364849103872, 0.5136729698208953, 0.1214678424946243]
    ],
    "atom_properties": {
        "force": {
            "value": [
                [-0.084034, 0.084034, 0.052825],
                [-0.002616, 0.002616, -0.019934],
                [-0.01075, 0.01075, -0.006145],
                [-0.0, 0.0, 0.0],
                [0.01075, -0.01075, 0.006145],
                [0.002616, -0.002616, 0.019934],
                [0.084034, -0.084034, -0.052825],
                [-0.027575, 0.027575, -0.035352],
                [-0.011497, 0.011497, 0.035438],
                [-0.014817, 0.014817, -0.009621],
                [0.014817, -0.014817, 0.009621],
                [0.011497, -0.011497, -0.035438],
                [0.027575, -0.027575, 0.035352],
                [0.077615, -0.077615, 0.024659],
                [-0.077615, 0.077615, -0.024659]
            ]
        }
    },
    "atom_type": [
        "N",
        "N",
        "N",
        "N",
        "N",
        "N",
        "N",
        "Zr",
        "Zr",
        "Zr",
        "Zr",
        "Zr",
        "Zr",
        "Zr",
        "Zr"
    ],
    "coordinate_mode": "Direct",
    "global_properties": {
        "energy": {
            "value": -151.54013
        }
    },
    "lattice_vectors": [
        [2.3062418920304317, 2.30624189205708, -5.844e-13],
        [-4.608725255511075, 2.302483373574386, 2.288724780943859],
        [4.616167128857818, -4.616167128913234, 9.181166668907212]
    ]
}