{
    "atom_coords": [
        [0.5, 0.0, 0.3753272201266782],
        [0.0, 0.5, 0.5015293034047943],
        [0.5, 0.0, 0.625],
        [0.0, 0.5, 0.7484706965952057],
        [0.5, 0.0, 0.8746727798733218],
        [0.0, 0.0, 0.9989156175643714],
        [0.5, 0.5, 0.125],
        [0.0, 0.0, 0.2510843824356286],
        [0.5, 0.5, 0.3776433975612861],
        [0.0, 0.0, 0.4948170263142728],
        [0.5, 0.5, 0.625],
        [0.0, 0.0, 0.7551829736857272],
        [0.5, 0.5, 0.8723566024387139]
    ],
    "atom_properties": {
        "force": {
            "value": [
                [0.006583, 0.0, -0.006583],
                [-0.056013, 0.0, 0.056013],
                [0.0, 0.0, -0.0],
                [0.056013, 0.0, -0.056013],
                [-0.006583, 0.0, 0.006583],
                [0.028161, 0.0, -0.028161],
                [0.0, 0.0, -0.0],
                [-0.028161, 0.0, 0.028161],
                [-0.058605, 0.0, 0.058605],
                [0.011874, 0.0, -0.011874],
                [0.0, 0.0, -0.0],
                [-0.011874, 0.0, 0.011874],
                [0.058605, 0.0, -0.058605]
            ]
        }
    },
    "atom_type": [
        "N",
        "N",
        "N",
        "N",
        "N",
        "Zr",
        "Zr",
        "Zr",
        "Zr",
        "Zr",
        "Zr",
        "Zr",
        "Zr"
    ],
    "coordinate_mode": "Direct",
    "global_properties": {
        "energy": {
            "value": -127.52914
        }
    },
    "lattice_vectors": [
        [2.2962115017732008, 0.0, 2.2962115017732008],
        [0.0, 4.593195774127042, 0.0],
        [-9.207888389917352, 0.0, 9.207888389917352]
    ]
}