{
    "atom_coords": [
        [0.4375, 0.4375, 0.6875],
        [0.0627040130547201, 0.0627040130547201, 0.8118879608358327],
        [0.9375, 0.9375, 0.1875],
        [0.8122959869452799, 0.8122959869452799, 0.5631120391641673],
        [4.50566544927e-05, 4.50566544927e-05, 0.9998648300365218],
        [0.8749549433455073, 0.8749549433455073, 0.3751351699634782],
        [0.7492958222417911, 0.7492958222417911, 0.7521125332746266],
        [0.6240798307523008, 0.6240798307523008, 0.1277605077431119],
        [0.4995039765350811, 0.4995039765350811, 0.5014880703947568],
        [0.3754960234649189, 0.3754960234649189, 0.8735119296052432],
        [0.2509201692476992, 0.2509201692476992, 0.2472394922568881],
        [0.1257041777582089, 0.1257041777582089, 0.6228874667253734]
    ],
    "atom_properties": {
        "force": {
            "value": [
                [-0.0, 0.0, -0.0],
                [0.049497, 0.049497, -0.049497],
                [-0.0, 0.0, -0.0],
                [-0.049497, -0.049497, 0.049497],
                [0.003602, 0.003602, -0.003602],
                [-0.003602, -0.003602, 0.003602],
                [-0.019945, -0.019945, 0.019945],
                [-0.041338, -0.041338, 0.041338],
                [-0.059953, -0.059953, 0.059953],
                [0.059953, 0.059953, -0.059953],
                [0.041338, 0.041338, -0.041338],
                [0.019945, 0.019945, -0.019945]
            ]
        }
    },
    "atom_type": [
        "N",
        "N",
        "N",
        "N",
        "Zr",
        "Zr",
        "Zr",
        "Zr",
        "Zr",
        "Zr",
        "Zr",
        "Zr"
    ],
    "coordinate_mode": "Direct",
    "global_properties": {
        "energy": {
            "value": -115.54779
        }
    },
    "lattice_vectors": [
        [2.2984784185370173, 0.0, 2.2984784185370173],
        [0.0, 2.2984784185370173, 2.2984784185370173],
        [-11.512456628908451, -11.512456628908451, 13.810935047445467]
    ]
}