{
    "atom_coords": [
        [0.9283428888525478, 0.9283428888525478, 0.2149712334423768],
        [0.214253866715687, 0.214253866715687, 0.3572383998529389],
        [0.3572166326097488, 0.3572166326097488, 0.9283502021707477],
        [0.5002491146426422, 0.5002491146426422, 0.4992526560720734],
        [0.0012473273513933, 0.0012473273513933, 0.9962580179458129],
        [0.1433878407252038, 0.1433878407252038, 0.5698363778243944],
        [0.2849438330833962, 0.2849438330833962, 0.1451685007498256],
        [0.4286493968854401, 0.4286493968854401, 0.7140517093436785],
        [0.57224309427842, 0.57224309427842, 0.2832708171647411],
        [0.7131802550401929, 0.7131802550401929, 0.8604592348794142],
        [0.8562857498153349, 0.8562857498153349, 0.4311428505540036]
    ],
    "atom_properties": {
        "force": {
            "value": [
                [-0.033985, 0.033985, 0.033985],
                [-0.015974, 0.015974, 0.015974],
                [-0.000331, 0.000331, 0.000331],
                [0.044926, -0.044926, -0.044926],
                [0.029141, -0.029141, -0.029141],
                [0.053581, -0.053581, -0.053581],
                [-0.041554, 0.041554, 0.041554],
                [0.001933, -0.001933, -0.001933],
                [0.025372, -0.025372, -0.025372],
                [-0.04079, 0.04079, 0.04079],
                [-0.02232, 0.02232, 0.02232]
            ]
        }
    },
    "atom_type": [
        "N",
        "N",
        "N",
        "N",
        "Zr",
        "Zr",
        "Zr",
        "Zr",
        "Zr",
        "Zr",
        "Zr"
    ],
    "coordinate_mode": "Direct",
    "global_properties": {
        "energy": {
            "value": -107.11323
        }
    },
    "lattice_vectors": [
        [2.3032842973073016, -1.8366e-12, 2.3032842973036276],
        [2.3032842973073016, 2.303284297303628, -1.8366e-12],
        [-9.182066686667662, 11.485350973892777, 11.485350973892777]
    ]
}