{
    "atom_coords": [
        [0.8556136085393575, 0.7112271170787068, 0.0722436890190963],
        [0.001529291460642, 0.003058582921291, 0.499184910980901],
        [0.1416585139896966, 0.2833171279793874, 0.9262520434157437],
        [0.7154842860103017, 0.4309685720206176, 0.6451764565842595],
        [0.9994368160326061, 0.9988736320652052, 0.9994847845961132],
        [0.5742944551386842, 0.1485888102773814, 0.7102995614686165],
        [0.1474263767877133, 0.2948528535754278, 0.4404991034226882],
        [0.709716423212285, 0.4194328464245771, 0.1309293965773151],
        [0.2828484448613153, 0.5656968897226164, 0.8611290385313808],
        [0.8577060839673933, 0.7154120679347926, 0.5719438154038841],
        [0.4285714000000027, 0.8571428999999995, 0.2857143000000022]
    ],
    "atom_properties": {
        "force": {
            "value": [
                [-0.036743, -0.060683, -0.036743],
                [0.036743, 0.060683, 0.036743],
                [-0.020171, -0.040602, -0.020171],
                [0.020171, 0.040602, 0.020171],
                [-0.037622, -0.07155, -0.037622],
                [-0.099901, -0.057636, -0.099901],
                [0.009579, 0.12403, 0.009579],
                [-0.009579, -0.12403, -0.009579],
                [0.099901, 0.057636, 0.099901],
                [0.037622, 0.07155, 0.037622],
                [-0.0, 0.0, 0.0]
            ]
        }
    },
    "atom_type": [
        "N",
        "N",
        "N",
        "N",
        "Zr",
        "Zr",
        "Zr",
        "Zr",
        "Zr",
        "Zr",
        "Zr"
    ],
    "coordinate_mode": "Direct",
    "global_properties": {
        "energy": {
            "value": -107.35829
        }
    },
    "lattice_vectors": [
        [2.323854005281309, 0.0, -2.323854005281309],
        [-0.0024058804453775, 6.783420765881544, 2.321448124835932],
        [4.626587942790529, -4.5184759838562485, 4.626587942790529]
    ]
}