{
    "atom_coords": [
        [0.0, 0.0, 0.1247145095922306],
        [0.0, 0.0, 0.3755183064333494],
        [0.5, 0.5, 0.4997223644230999],
        [0.0, 0.0, 0.6249923207457471],
        [0.5, 0.5, 0.749969668667525],
        [0.0, 0.0, 0.9993661718621496],
        [0.5, 0.5, 0.1252613072812636],
        [0.0, 0.0, 0.2494153710652753],
        [0.5, 0.5, 0.375722566429296],
        [0.0, 0.0, 0.498137865893618],
        [0.5, 0.5, 0.6270057179825343],
        [0.0, 0.0, 0.7491018587185749],
        [0.5, 0.5, 0.8760719709053362]
    ],
    "atom_properties": {
        "force": {
            "value": [
                [-0.0, -0.0, 0.110199],
                [-0.0, -0.0, 0.033454],
                [0.0, 0.0, 0.011572],
                [-0.0, -0.0, 0.021278],
                [-0.0, -0.0, -0.123491],
                [-0.0, -0.0, 0.096166],
                [-0.0, -0.0, -0.018714],
                [-0.0, -0.0, -0.003036],
                [-0.0, -0.0, 0.046039],
                [-0.0, -0.0, 0.039475],
                [-0.0, 0.0, -0.056042],
                [-0.0, -0.0, -0.041584],
                [0.0, 0.0, -0.115315]
            ]
        }
    },
    "atom_type": [
        "N",
        "N",
        "N",
        "N",
        "N",
        "Zr",
        "Zr",
        "Zr",
        "Zr",
        "Zr",
        "Zr",
        "Zr",
        "Zr"
    ],
    "coordinate_mode": "Direct",
    "global_properties": {
        "energy": {
            "value": -127.47304
        }
    },
    "lattice_vectors": [
        [2.2971231407101107, 2.2971231407101107, 0.0],
        [2.2971231407101107, -2.2971231407101107, 0.0],
        [0.0, 0.0, -18.27437427055548]
    ]
}