{
    "atom_coords": [
        [0.5, 0.0, 0.6244260576129363],
        [0.5, 0.0, 0.8755739423870637],
        [0.0, 0.0, 0.9952524351667265],
        [0.5, 0.5, 0.1303258935355061],
        [0.0, 0.0, 0.25],
        [0.5, 0.5, 0.3696741064644939],
        [0.0, 0.0, 0.5047475648332735],
        [0.5, 0.5, 0.6234888536184613],
        [0.0, 0.0, 0.75],
        [0.5, 0.5, 0.8765111463815387]
    ],
    "atom_properties": {
        "force": {
            "value": [
                [0.000285, 0.0, -0.000285],
                [-0.000285, 0.0, 0.000285],
                [0.023792, 0.0, -0.023792],
                [-0.04271, 0.0, 0.04271],
                [-0.0, 0.0, 0.0],
                [0.04271, 0.0, -0.04271],
                [-0.023792, 0.0, 0.023792],
                [-0.023206, 0.0, 0.023206],
                [-0.0, 0.0, 0.0],
                [0.023206, 0.0, -0.023206]
            ]
        }
    },
    "atom_type": [
        "N",
        "N",
        "Zr",
        "Zr",
        "Zr",
        "Zr",
        "Zr",
        "Zr",
        "Zr",
        "Zr"
    ],
    "coordinate_mode": "Direct",
    "global_properties": {
        "energy": {
            "value": -91.822493
        }
    },
    "lattice_vectors": [
        [2.2949290353490572, 0.0, 2.2949290353490572],
        [0.0, 4.579250021338984, 0.0],
        [-9.126804377328233, 0.0, 9.126804377328233]
    ]
}