{
    "atom_coords": [
        [0.6251867935673232, 0.2503735871346535, 0.9375380008744543],
        [0.8749254839446579, 0.7498509678893157, 0.8105935992069533],
        [0.1250171952221422, 0.2500343904442843, 0.68786857633323],
        [0.3749828047778578, 0.7499656095557157, 0.56213142366677],
        [0.6250745160553421, 0.2501490321106843, 0.4394064007930467],
        [0.8748132064326768, 0.7496264128653465, 0.3124619991255457],
        [0.0045486459754684, 0.0090972919509866, 0.9961925511322605],
        [0.2469355832436193, 0.4938711664872031, 0.8755847346506016],
        [0.5016722457541434, 0.0033444915083152, 0.7545136371612671],
        [0.75, 0.5, 0.625],
        [0.9983277542458566, 0.9966555084916848, 0.4954863628387329],
        [0.2530644167563736, 0.5061288335127969, 0.3744152653493984],
        [0.4954513540245316, 0.9909027080490134, 0.2538074488677395],
        [0.75, 0.5, 0.125]
    ],
    "atom_properties": {
        "force": {
            "value": [
                [-0.023809, 0.023809, 0.044704],
                [-0.021188, 0.021188, -0.029568],
                [-0.011167, 0.011167, -0.001467],
                [0.011167, -0.011167, 0.001467],
                [0.021188, -0.021188, 0.029568],
                [0.023809, -0.023809, -0.044704],
                [-0.068075, 0.068075, -0.044169],
                [-0.013662, 0.013662, 7.3e-05],
                [-0.014561, 0.014561, 0.02172],
                [0.0, -0.0, 0.0],
                [0.014561, -0.014561, -0.02172],
                [0.013662, -0.013662, -7.3e-05],
                [0.068075, -0.068075, 0.044169],
                [0.0, 0.0, 0.0]
            ]
        }
    },
    "atom_type": [
        "N",
        "N",
        "N",
        "N",
        "N",
        "N",
        "Zr",
        "Zr",
        "Zr",
        "Zr",
        "Zr",
        "Zr",
        "Zr",
        "Zr"
    ],
    "coordinate_mode": "Direct",
    "global_properties": {
        "energy": {
            "value": -139.6062
        }
    },
    "lattice_vectors": [
        [2.3101335594487376, 2.3101335594605845, -5.2365e-12],
        [-4.601174247809271, 2.291040698451881, 2.282861383267128],
        [4.611658232861502, -4.611658232906139, 9.182112733627363]
    ]
}