{
    "atom_coords": [
        [0.4285714000000027, 0.9285714000000027, 0.8571428999999995],
        [0.8563859091919639, 0.356385909191971, 0.7127717183839337],
        [0.0007569908080356, 0.5007569908080285, 0.0015139816160641],
        [0.9972077813261322, 0.9972077813261251, 0.9944155626522644],
        [0.1473992732322387, 0.1473992732322387, 0.2947986464644785],
        [0.2873437160300512, 0.2873437160300512, 0.5746874320601023],
        [0.4285714000000027, 0.4285714000000027, 0.8571428999999995],
        [0.5697991839699483, 0.5697991839699483, 0.1395982679398955],
        [0.7097435267677596, 0.7097435267677596, 0.4194870535355264],
        [0.8599351186738673, 0.8599351186738744, 0.7198701373477334]
    ],
    "atom_properties": {
        "force": {
            "value": [
                [0.0, 0.0, 0.0],
                [-0.008167, 0.0, -0.008167],
                [0.008167, -0.0, 0.008167],
                [0.027703, -0.0, 0.027703],
                [-0.002362, 0.0, -0.002362],
                [-0.009737, 0.0, -0.009737],
                [0.0, 0.0, 0.0],
                [0.009737, -0.0, 0.009737],
                [0.002362, -0.0, 0.002362],
                [-0.027703, 0.0, -0.027703]
            ]
        }
    },
    "atom_type": [
        "N",
        "N",
        "N",
        "Zr",
        "Zr",
        "Zr",
        "Zr",
        "Zr",
        "Zr",
        "Zr"
    ],
    "coordinate_mode": "Direct",
    "global_properties": {
        "energy": {
            "value": -95.153501
        }
    },
    "lattice_vectors": [
        [2.3062463329678704, 0.0, -2.3062463329678704],
        [-6.7725e-12, 4.564445169649968, -6.7725e-12],
        [6.902376785608634, -2.282222589829951, 9.208623118576503]
    ]
}