{
    "atom_coords": [
        [0.0, 0.4985621057589142, 0.2478411070773561],
        [0.5, 0.7514378942410858, 0.0021588929226439],
        [0.0, 0.9934123481877535, 0.9931228306645039],
        [0.0, 0.9988680372933203, 0.5056410290846856],
        [0.5, 0.2511319627066797, 0.7443589709153144],
        [0.5, 0.2565876518122465, 0.256877169335489],
        [0.0, 0.5015399113601688, 0.5020577452965398],
        [0.0, 0.5092987553971611, 0.0004347284723281],
        [0.5, 0.7407012446028389, 0.2495652715276719],
        [0.5, 0.7484600886398312, 0.7479422547034602]
    ],
    "atom_properties": {
        "force": {
            "value": [
                [-0.008224, 0.008224, -0.062825],
                [0.008224, -0.008224, 0.062825],
                [-0.027986, 0.027986, -0.099139],
                [0.048017, -0.048017, 0.028056],
                [-0.048017, 0.048017, -0.028056],
                [0.027986, -0.027986, 0.099139],
                [-0.04117, 0.04117, 0.021822],
                [-0.039064, 0.039064, -0.0062],
                [0.039064, -0.039064, 0.0062],
                [0.04117, -0.04117, -0.021822]
            ]
        }
    },
    "atom_type": [
        "N",
        "N",
        "Zr",
        "Zr",
        "Zr",
        "Zr",
        "Zr",
        "Zr",
        "Zr",
        "Zr"
    ],
    "coordinate_mode": "Direct",
    "global_properties": {
        "energy": {
            "value": -91.730138
        }
    },
    "lattice_vectors": [
        [2.288296386981368, 2.288296386981368, 0.0],
        [-4.556870890323308, 4.556870890323308, -0.0232045979355014],
        [0.0231869453801612, -0.0231869453801612, 9.200971039007127]
    ]
}