{
    "atom_coords": [
        [0.375, 0.75, 0.0625],
        [0.8742639726863288, 0.7485279453726363, 0.8122052519642864],
        [0.1245159398339482, 0.2490318796678963, 0.6864002000642628],
        [0.375, 0.75, 0.5625],
        [0.6254840601660518, 0.2509681203321037, 0.4385997999357372],
        [0.8757360273136712, 0.7514720546273637, 0.3127947480357136],
        [0.9915832179003061, 0.9831664358004986, 0.0001796843515365],
        [0.2563132126646366, 0.5126264253293584, 0.8732076960526953],
        [0.4987484673260099, 0.9974969346519842, 0.7478767723465793],
        [0.7493583124491394, 0.4987166248982717, 0.6274749187422373],
        [0.0006416875508606, 0.0012833751017283, 0.4975250812577627],
        [0.2512515326739901, 0.5025030653480158, 0.3771232276534207],
        [0.4936867873353634, 0.9873735746706416, 0.2517923039473047],
        [0.7584167820996939, 0.5168335641995014, 0.1248203156484635]
    ],
    "atom_properties": {
        "force": {
            "value": [
                [-0.0, -0.0, 0.0],
                [-0.061963, 0.061963, -0.033433],
                [-0.015977, 0.015977, -0.050501],
                [-0.0, -0.0, 0.0],
                [0.015977, -0.015977, 0.050501],
                [0.061963, -0.061963, 0.033433],
                [0.003063, -0.003063, -0.007295],
                [-0.061007, 0.061007, -0.079729],
                [-0.068563, 0.068563, -0.0733],
                [0.033217, -0.033217, 0.017807],
                [-0.033217, 0.033217, -0.017807],
                [0.068563, -0.068563, 0.0733],
                [0.061007, -0.061007, 0.079729],
                [-0.003063, 0.003063, 0.007295]
            ]
        }
    },
    "atom_type": [
        "N",
        "N",
        "N",
        "N",
        "N",
        "N",
        "Zr",
        "Zr",
        "Zr",
        "Zr",
        "Zr",
        "Zr",
        "Zr",
        "Zr"
    ],
    "coordinate_mode": "Direct",
    "global_properties": {
        "energy": {
            "value": -139.6316
        }
    },
    "lattice_vectors": [
        [2.3117526870412224, 2.3117526870492204, -5.8619e-12],
        [-4.600960482899949, 2.28920780595267, 2.279032436941066],
        [4.628157860692344, -4.6281578607316955, 9.220335673741461]
    ]
}