{
    "atom_coords": [
        [0.75, 0.25, 0.9988958609915741],
        [0.25, 0.25, 0.7511041390084259],
        [0.25, 0.75, 0.4985669153891124],
        [0.75, 0.25, 0.4994974220917427],
        [0.75, 0.75, 0.2514330846108876],
        [0.25, 0.25, 0.2505025779082573],
        [0.9932146133284192, 0.0164026074909529, 0.0065338812337501],
        [0.5067853866715808, 0.4835973925090471, 0.0065338812337501],
        [0.4932146133284192, 0.0164026074909529, 0.7434661187662499],
        [0.0067853866715808, 0.4835973925090471, 0.7434661187662499],
        [0.0109719209285757, 0.0004752411109195, 0.4937756753483455],
        [0.4890280790714243, 0.4995247588890805, 0.4937756753483455],
        [0.5109719209285757, 0.0004752411109195, 0.2562243246516545],
        [0.9890280790714243, 0.4995247588890805, 0.2562243246516545]
    ],
    "atom_properties": {
        "force": {
            "value": [
                [0.012536, -0.012536, 0.0],
                [-0.012536, 0.012536, 0.0],
                [0.001195, -0.001195, 0.0],
                [-0.005014, 0.005014, 0.0],
                [-0.001195, 0.001195, 0.0],
                [0.005014, -0.005014, 0.0],
                [0.030285, 0.003534, 0.02742],
                [-0.003534, -0.030285, -0.02742],
                [0.003534, 0.030285, 0.02742],
                [-0.030285, -0.003534, -0.02742],
                [-0.020504, 0.036355, -0.022205],
                [-0.036355, 0.020504, 0.022205],
                [0.036355, -0.020504, -0.022205],
                [0.020504, -0.036355, 0.022205]
            ]
        }
    },
    "atom_type": [
        "N",
        "N",
        "N",
        "N",
        "N",
        "N",
        "Zr",
        "Zr",
        "Zr",
        "Zr",
        "Zr",
        "Zr",
        "Zr",
        "Zr"
    ],
    "coordinate_mode": "Direct",
    "global_properties": {
        "energy": {
            "value": -140.02072
        }
    },
    "lattice_vectors": [
        [-2.295932195835108, -2.295932195835108, -4.648020116657719],
        [-2.2849683843821698, -2.2849683843821698, 4.636928512197299],
        [-4.60256698935171, 4.60256698935171, 0.0]
    ]
}