{
    "atom_coords": [
        [0.2503908672871873, 0.9992182654256396, 0.2499999999999858],
        [0.5800670540689623, 0.3398657918620458, 0.2500000000000213],
        [0.7538356418903476, 0.9923287162193475, 0.7499999999999787],
        [0.9833693627764006, 0.0114719429897931, 0.0059352884519868],
        [0.1686552350680728, 0.6815097038836342, 0.4985965982506713],
        [0.3529651092477124, 0.3079786163730915, 0.0078652930034906],
        [0.5051586942338488, 0.0114719429898003, 0.4940647115479422],
        [0.6498351610483439, 0.6815097038836271, 0.0014034017492648],
        [0.8390561743791238, 0.3079786163730347, 0.4921347069966586]
    ],
    "atom_properties": {
        "force": {
            "value": [
                [-0.0, -0.009234, -0.009234],
                [0.0, 0.014385, 0.014385],
                [-0.0, -0.026951, -0.026951],
                [-0.031308, -0.010243, 0.043451],
                [0.04265, 0.022575, -0.005677],
                [0.04127, -0.001559, -0.026747],
                [0.031308, 0.043451, -0.010243],
                [-0.04265, -0.005677, 0.022575],
                [-0.04127, -0.026747, -0.001559]
            ]
        }
    },
    "atom_type": [
        "N",
        "N",
        "N",
        "Zr",
        "Zr",
        "Zr",
        "Zr",
        "Zr",
        "Zr"
    ],
    "coordinate_mode": "Direct",
    "global_properties": {
        "energy": {
            "value": -87.069553
        }
    },
    "lattice_vectors": [
        [4.583613745225789, 2.3311089279814676, -2.33110892798257],
        [2.291806877664768, 4.648338543743191, 2.317229626038127],
        [4.572731892295306, -2.3203901393464474, 2.3203901395290467]
    ]
}