{
    "atom_coords": [
        [0.5, 0.0, 0.1230729270540536],
        [0.0, 0.5, 0.2519270729459464],
        [0.0, 0.5, 0.5004731267913556],
        [0.5, 0.0, 0.6271565991392052],
        [0.0, 0.5, 0.7478434008607948],
        [0.5, 0.0, 0.8745268732086444],
        [0.0, 0.0, 0.0003225409760148],
        [0.5, 0.5, 0.1341135330609688],
        [0.0, 0.0, 0.2408864669390312],
        [0.5, 0.5, 0.3746774590239852],
        [0.0, 0.0, 0.5066142109256404],
        [0.5, 0.5, 0.622253356455623],
        [0.0, 0.0, 0.752746643544377],
        [0.5, 0.5, 0.8683857890743596]
    ],
    "atom_properties": {
        "force": {
            "value": [
                [0.056447, 0.0, -0.056447],
                [-0.056447, 0.0, 0.056447],
                [-0.005775, 0.0, 0.005775],
                [-0.042329, 0.0, 0.042329],
                [0.042329, 0.0, -0.042329],
                [0.005775, 0.0, -0.005775],
                [0.015218, 0.0, -0.015218],
                [0.011142, 0.0, -0.011142],
                [-0.011142, 0.0, 0.011142],
                [-0.015218, 0.0, 0.015218],
                [-0.011477, 0.0, 0.011477],
                [-0.01047, 0.0, 0.01047],
                [0.01047, 0.0, -0.01047],
                [0.011477, 0.0, -0.011477]
            ]
        }
    },
    "atom_type": [
        "N",
        "N",
        "N",
        "N",
        "N",
        "N",
        "Zr",
        "Zr",
        "Zr",
        "Zr",
        "Zr",
        "Zr",
        "Zr",
        "Zr"
    ],
    "coordinate_mode": "Direct",
    "global_properties": {
        "energy": {
            "value": -139.84101
        }
    },
    "lattice_vectors": [
        [2.304592137698516, 0.0, 2.304592137698516],
        [0.0, 4.552242847765798, 0.0],
        [-9.28530380184946, 0.0, 9.28530380184946]
    ]
}