{
    "atom_coords": [
        [0.5, 0.8757011484903572, 0.1257017339370705],
        [0.0, 0.0, 0.5],
        [0.5, 0.1242988515096428, 0.8742982660629295],
        [0.0, 0.0, 0.0],
        [0.5, 0.1165176675060451, 0.3766036150408638],
        [0.0, 0.2439376425358546, 0.7544779354348705],
        [0.5, 0.3760137447845793, 0.1273371467879443],
        [0.0, 0.5, 0.5],
        [0.5, 0.6239862552154207, 0.8726628532120557],
        [0.0, 0.7560623574641454, 0.2455220645651295],
        [0.5, 0.8834823324939549, 0.6233963849591362]
    ],
    "atom_properties": {
        "force": {
            "value": [
                [-0.056183, 0.056183, -0.043034],
                [0.0, -0.0, 0.0],
                [0.056183, -0.056183, 0.043034],
                [0.0, -0.0, 0.0],
                [0.027109, -0.027109, 0.073284],
                [0.037589, -0.037589, 0.090351],
                [0.024886, -0.024886, 0.154802],
                [0.0, -0.0, -0.0],
                [-0.024886, 0.024886, -0.154802],
                [-0.037589, 0.037589, -0.090351],
                [-0.027109, 0.027109, -0.073284]
            ]
        }
    },
    "atom_type": [
        "N",
        "N",
        "N",
        "Zr",
        "Zr",
        "Zr",
        "Zr",
        "Zr",
        "Zr",
        "Zr",
        "Zr"
    ],
    "coordinate_mode": "Direct",
    "global_properties": {
        "energy": {
            "value": -103.69192
        }
    },
    "lattice_vectors": [
        [2.2947923416067266, 2.2947923416067266, 0.0],
        [-4.617189729311441, 4.617189729311441, 4.581006660476066],
        [4.59858741809558, -4.59858741809558, 4.543634278871723]
    ]
}