{
    "atom_coords": [
        [0.1666667000000004, 0.3333332999999996, 0.3333332999999996],
        [0.0015016180007308, 0.0030032360014545, 0.002205570102042],
        [0.6666667000000004, 0.3333332999999996, 0.8333332999999996],
        [0.3318316819992688, 0.6636634639985459, 0.6644611298979584],
        [0.007756738161369, 0.0155134763227451, 0.5009891007749161],
        [0.6666667000000004, 0.3333332999999996, 0.3333332999999996],
        [0.3255765618386306, 0.6511532236772553, 0.1656775992250843]
    ],
    "atom_properties": {
        "force": {
            "value": [
                [-0.0, 0.0, 0.0],
                [-0.0, -0.013299, 0.054161],
                [-0.0, 0.0, 0.0],
                [0.0, 0.013299, -0.054161],
                [-0.0, 0.175471, 0.024839],
                [-0.0, 0.0, 0.0],
                [0.0, -0.175471, -0.024839]
            ]
        }
    },
    "atom_type": [
        "N",
        "Zr",
        "Zr",
        "Zr",
        "Zr",
        "Zr",
        "Zr"
    ],
    "coordinate_mode": "Direct",
    "global_properties": {
        "energy": {
            "value": -62.915224
        }
    },
    "lattice_vectors": [
        [4.5161509358630845, -2.21273e-11, 2.14344e-11],
        [-2.2580754728723815, 4.626948004244959, 2.2631285303709676],
        [4.43866e-11, -4.667269546468195, 4.605637106266531]
    ]
}