{
    "atom_coords": [
        [0.6864944330061888, 0.1876769010713701, 0.4393342329162522],
        [0.93891875288503, 0.4357345539750384, 0.6864279402549016],
        [0.562372988659483, 0.0623482249589813, 0.8129057977220597],
        [0.188324403649446, 0.6867859453193788, 0.9365652473817363],
        [0.0063245003530383, 0.9950705734378928, 0.9922804258560305],
        [0.6236932942152151, 0.6287388612536731, 0.1238745503158896],
        [0.2490489620203391, 0.2441788900589401, 0.2577231859003817],
        [0.8757801344897516, 0.8773203865639019, 0.3711193444566092],
        [0.5008875855108386, 0.4968632476097667, 0.501361581368549],
        [0.1204865280907867, 0.1343459624924321, 0.6246809813259873],
        [0.7454920240445375, 0.7479830848721036, 0.7610328670388284],
        [0.3771763930753522, 0.3779533683865282, 0.8676938454627745]
    ],
    "atom_properties": {
        "force": {
            "value": [
                [-0.040832, 0.029075, 0.040832],
                [0.061299, 0.094085, -0.061299],
                [0.032837, 0.046717, -0.032837],
                [-0.072741, -0.107794, 0.072741],
                [0.044334, -0.009235, -0.044334],
                [-0.052372, -0.00516, 0.052372],
                [-0.068559, -0.104648, 0.068559],
                [0.032445, 0.021723, -0.032445],
                [0.028351, 0.09067, -0.028351],
                [-0.022357, -0.066775, 0.022357],
                [0.031586, 0.006928, -0.031586],
                [0.026009, 0.004414, -0.026009]
            ]
        }
    },
    "atom_type": [
        "N",
        "N",
        "N",
        "N",
        "Zr",
        "Zr",
        "Zr",
        "Zr",
        "Zr",
        "Zr",
        "Zr",
        "Zr"
    ],
    "coordinate_mode": "Direct",
    "global_properties": {
        "energy": {
            "value": -115.77813
        }
    },
    "lattice_vectors": [
        [2.306404638884626, 0.0, 2.306404638884626],
        [2.2864990384216144, 6.8983521782475625, 0.019905600463012],
        [-4.586329009751196, 2.3237051259713315, 6.892733648635823]
    ]
}