{
    "atom_coords": [
        [0.437574352029543, 0.437574352029543, 0.6872769439113782],
        [0.1873361769021571, 0.1873361769021571, 0.4379914692935287],
        [0.0626603375742647, 0.0626603375742647, 0.8120189872772201],
        [0.9375983503246559, 0.9375983503246559, 0.1872049490260395],
        [0.8124152076304725, 0.8124152076304725, 0.5627543771085755],
        [0.0001546913208372, 0.0001546913208372, 0.9995359260375025],
        [0.8743281781563397, 0.8743281781563397, 0.3770154655309739],
        [0.7495047835841575, 0.7495047835841575, 0.7514856492475204],
        [0.6240739650272005, 0.6240739650272005, 0.1277781049183915],
        [0.5006693000634073, 0.5006693000634073, 0.4979920998097853],
        [0.3752514062999595, 0.3752514062999595, 0.8742457811001358],
        [0.2510315814428594, 0.2510315814428594, 0.2469052556714217],
        [0.1249016696441601, 0.1249016696441601, 0.6252949910675198]
    ],
    "atom_properties": {
        "force": {
            "value": [
                [-0.017817, -0.017817, 0.017817],
                [0.012238, 0.012238, -0.012238],
                [0.007586, 0.007586, -0.007586],
                [0.018569, 0.018569, -0.018569],
                [-0.000488, -0.000488, 0.000488],
                [0.022154, 0.022154, -0.022154],
                [-0.008038, -0.008038, 0.008038],
                [0.021425, 0.021425, -0.021425],
                [-0.048594, -0.048594, 0.048594],
                [-0.065069, -0.065069, 0.065069],
                [0.020455, 0.020455, -0.020455],
                [0.024141, 0.024141, -0.024141],
                [0.013438, 0.013438, -0.013438]
            ]
        }
    },
    "atom_type": [
        "N",
        "N",
        "N",
        "N",
        "N",
        "Zr",
        "Zr",
        "Zr",
        "Zr",
        "Zr",
        "Zr",
        "Zr",
        "Zr"
    ],
    "coordinate_mode": "Direct",
    "global_properties": {
        "energy": {
            "value": -127.40564
        }
    },
    "lattice_vectors": [
        [2.2996275014784726, 0.0, 2.2996275014784726],
        [0.0, 2.2996275014784726, 2.2996275014784726],
        [-11.47881739067603, -11.47881739067603, 13.778444892154502]
    ]
}