{
    "atom_coords": [
        [0.936483558648554, 0.4395913140983367, 0.6874415686045623],
        [0.188516441351446, 0.6854086859016633, 0.9375584313954377],
        [0.9984238997240737, 0.9990305718123409, 0.0041216287394974],
        [0.6237364514750467, 0.6292026385824343, 0.1233244584674793],
        [0.2544499083585237, 0.2427138516773795, 0.2483863316055732],
        [0.8705500916414763, 0.8822861483226205, 0.3766136683944268],
        [0.5012635485249533, 0.4957973614175657, 0.5016755415325207],
        [0.1265761002759263, 0.1259694281876591, 0.6208783712605026],
        [0.7490661903620008, 0.744715355061949, 0.7571522642140422],
        [0.3759338096379992, 0.380284644938051, 0.8678477357859578]
    ],
    "atom_properties": {
        "force": {
            "value": [
                [0.022887, 0.074915, -0.022887],
                [-0.022887, -0.074915, 0.022887],
                [0.00336, 0.02033, -0.00336],
                [-0.011034, 0.033251, 0.011034],
                [0.032066, -0.06657, -0.032066],
                [-0.032066, 0.06657, 0.032066],
                [0.011034, -0.033251, -0.011034],
                [-0.00336, -0.02033, 0.00336],
                [-0.061859, -0.066805, 0.061859],
                [0.061859, 0.066805, -0.061859]
            ]
        }
    },
    "atom_type": [
        "N",
        "N",
        "Zr",
        "Zr",
        "Zr",
        "Zr",
        "Zr",
        "Zr",
        "Zr",
        "Zr"
    ],
    "coordinate_mode": "Direct",
    "global_properties": {
        "energy": {
            "value": -91.700863
        }
    },
    "lattice_vectors": [
        [2.2929119751077973, 0.0, 2.2929119751077973],
        [2.2800927349320554, 6.915295603941298, 0.0128192401757419],
        [-4.5540209765002535, 2.3160277410414465, 6.84693295160805]
    ]
}