{
    "atom_coords": [
        [0.7465210805549916, 0.8831607453883521, 0.6237970935016435],
        [0.2524722040378151, 0.6190660763196263, 0.8759895156047861],
        [0.7535484374623138, 0.3685084416511231, 0.1243946834242706],
        [0.0013084010921318, 0.7472056133641729, 0.2501775844515706],
        [0.9965261922934232, 0.9941159278095242, 0.0128316876035868],
        [0.2421995811977808, 0.3985645155865711, 0.1170363220177606],
        [0.5137808420851186, 0.7253379689316048, 0.2471003468982857],
        [0.7595073192043031, 0.1075747670209779, 0.3734105945705224],
        [0.9876862345908393, 0.5253922988401101, 0.4992352319780835],
        [0.2414999863776899, 0.8757024417320167, 0.6412975855125467],
        [0.5031516271872931, 0.2539548079390599, 0.7397419376863823],
        [0.7517980939162925, 0.6264163954168609, 0.8699874167505683]
    ],
    "atom_properties": {
        "force": {
            "value": [
                [0.0, 0.127986, 0.008793],
                [0.0, 0.043686, 0.022101],
                [-0.0, -0.096538, 0.022869],
                [0.0, 0.034514, 0.057247],
                [0.0, 0.029099, 0.029869],
                [-0.0, -0.098865, 0.02912],
                [-0.0, -0.025053, 0.050441],
                [-0.0, -0.152898, -0.017328],
                [0.0, 0.03288, -0.052122],
                [0.0, 0.082242, -0.044174],
                [-0.0, -0.006415, -0.061701],
                [0.0, 0.029363, -0.045114]
            ]
        }
    },
    "atom_type": [
        "N",
        "N",
        "N",
        "N",
        "Zr",
        "Zr",
        "Zr",
        "Zr",
        "Zr",
        "Zr",
        "Zr",
        "Zr"
    ],
    "coordinate_mode": "Direct",
    "global_properties": {
        "energy": {
            "value": -116.04215
        }
    },
    "lattice_vectors": [
        [4.549981661886761, 4.98357e-11, -3.9693e-12],
        [2.2749908359601565, 4.628464006011243, -2.337806051940173],
        [2.274990835951982, 4.621364883580888, 6.999752237898159]
    ]
}