{
    "atom_coords": [
        [0.9163043628480096, 0.5837957253267163, 0.8326086256960181],
        [0.7505544319133506, 0.7503162854910883, 0.5011088638267012],
        [0.5833332999999996, 0.9166667000000004, 0.1666667000000004],
        [0.4161122680866498, 0.0830170145089113, 0.8322244361732984],
        [0.2503623371519978, 0.2495375746732833, 0.5007246743039815],
        [0.9998626491666442, 0.9922795766837211, 0.9997252983332885],
        [0.8332065154603967, 0.1636407579752657, 0.6664131309207946],
        [0.6692634402379625, 0.3294832290220597, 0.338526780475938],
        [0.4974032597620379, 0.5038500709779399, 0.9948065195240616],
        [0.3334600845396025, 0.6696926420247351, 0.6669202690792062],
        [0.1668040508333561, 0.8410537233162785, 0.3336080016667111]
    ],
    "atom_properties": {
        "force": {
            "value": [
                [0.048295, -0.022585, -0.048295],
                [0.009051, 0.011672, -0.009051],
                [0.0, 0.0, -0.0],
                [-0.009051, -0.011672, 0.009051],
                [-0.048295, 0.022585, 0.048295],
                [-0.023068, -0.005551, 0.023068],
                [-5.7e-05, -0.016473, 5.7e-05],
                [-0.046613, 0.009927, 0.046613],
                [0.046613, -0.009927, -0.046613],
                [5.7e-05, 0.016473, -5.7e-05],
                [0.023068, 0.005551, -0.023068]
            ]
        }
    },
    "atom_type": [
        "N",
        "N",
        "N",
        "N",
        "N",
        "Zr",
        "Zr",
        "Zr",
        "Zr",
        "Zr",
        "Zr"
    ],
    "coordinate_mode": "Direct",
    "global_properties": {
        "energy": {
            "value": -110.694
        }
    },
    "lattice_vectors": [
        [2.3023485596921627, 0.0, 2.3023485596921627],
        [2.2919950097187596, 4.580757827961737, -2.2919950097187596],
        [-6.9132594178737365, 2.3225304849474857, 4.610910858181572]
    ]
}