{
    "atom_coords": [
        [0.687763946830465, 0.5645901785062506, 0.3755278936609301],
        [0.8125, 0.9375, 0.625],
        [0.937236053169535, 0.3104098214937494, 0.8744721063390699],
        [0.0018352861091202, 0.0053717832224862, 0.0036705722182333],
        [0.1288420932356189, 0.3817730145760905, 0.2576841864712378],
        [0.2501040043189349, 0.7487162815440627, 0.5002080086378768],
        [0.3748959956810651, 0.1262837184559373, 0.7497919913621232],
        [0.4961579067643811, 0.4932269854239095, 0.9923158135287622],
        [0.6231647138908798, 0.8696282167775138, 0.2463294277817667],
        [0.7495959166589188, 0.2481606194245458, 0.4991918333178305],
        [0.8754040833410812, 0.6268393805754542, 0.7508081666821695]
    ],
    "atom_properties": {
        "force": {
            "value": [
                [0.050916, 0.005598, 0.050916],
                [0.0, -0.0, -0.0],
                [-0.050916, -0.005598, -0.050916],
                [0.013861, -0.056448, 0.013861],
                [0.022613, -0.043046, 0.022613],
                [-0.003312, -0.018572, -0.003312],
                [0.003312, 0.018572, 0.003312],
                [-0.022613, 0.043046, -0.022613],
                [-0.013861, 0.056448, -0.013861],
                [0.023838, 0.00581, 0.023838],
                [-0.023838, -0.00581, -0.023838]
            ]
        }
    },
    "atom_type": [
        "N",
        "N",
        "N",
        "Zr",
        "Zr",
        "Zr",
        "Zr",
        "Zr",
        "Zr",
        "Zr",
        "Zr"
    ],
    "coordinate_mode": "Direct",
    "global_properties": {
        "energy": {
            "value": -103.66815
        }
    },
    "lattice_vectors": [
        [2.3066273896244396, 0.0, -2.3066273896244396],
        [2.309277510627787, 4.543569237894915, 2.309277510627787],
        [4.583075598468114, -6.77904286134333, 6.889702988092553]
    ]
}