{
    "atom_coords": [
        [0.0, 0.0, 0.3745297942026227],
        [0.5, 0.5, 0.5001570235749],
        [0.0, 0.0, 0.6248429764251],
        [0.5, 0.5, 0.7504702057973773],
        [0.0, 0.0, 0.0006639656559244],
        [0.5, 0.5, 0.1243360343440756],
        [0.0, 0.0, 0.2485287106004179],
        [0.5, 0.5, 0.3755965281969793],
        [0.0, 0.0, 0.4978682991114169],
        [0.5, 0.5, 0.627131700888583],
        [0.0, 0.0, 0.7494034718030207],
        [0.5, 0.5, 0.8764712893995821]
    ],
    "atom_properties": {
        "force": {
            "value": [
                [-0.0, -0.0, 0.119137],
                [0.0, 0.0, -0.017907],
                [-0.0, 0.0, 0.017907],
                [0.0, 0.0, -0.119137],
                [-0.0, -0.0, -0.040934],
                [0.0, 0.0, 0.040934],
                [-0.0, -0.0, 0.126951],
                [0.0, -0.0, -0.007382],
                [0.0, 0.0, 0.116623],
                [-0.0, -0.0, -0.116623],
                [-0.0, 0.0, 0.007382],
                [0.0, -0.0, -0.126951]
            ]
        }
    },
    "atom_type": [
        "N",
        "N",
        "N",
        "N",
        "Zr",
        "Zr",
        "Zr",
        "Zr",
        "Zr",
        "Zr",
        "Zr",
        "Zr"
    ],
    "coordinate_mode": "Direct",
    "global_properties": {
        "energy": {
            "value": -115.55987
        }
    },
    "lattice_vectors": [
        [2.2969879712538765, 2.2969879712538765, 0.0],
        [2.2969879712538765, -2.2969879712538765, 0.0],
        [0.0, 0.0, -18.286222320614584]
    ]
}