{
    "atom_coords": [
        [0.5, 0.3768243417022816, 0.6243136646917407],
        [0.5, 0.625, 0.375],
        [0.5, 0.8731756582977184, 0.1256863353082593],
        [0.5, 0.125, 0.875],
        [0.0, 0.125, 0.375],
        [0.0, 0.0001415247883685, 0.997430889808669],
        [0.5, 0.0065976130751082, 0.4948310295358738],
        [0.5, 0.2434023869248918, 0.2551689704641262],
        [0.0, 0.2498584752116315, 0.752569110191331],
        [0.0, 0.4913577283419528, 0.4992678724538351],
        [0.5, 0.5006335650757237, 0.9985910733049934],
        [0.5, 0.7493664349242763, 0.7514089266950066],
        [0.0, 0.7586422716580472, 0.2507321275461649]
    ],
    "atom_properties": {
        "force": {
            "value": [
                [0.035282, 0.068225, -0.035282],
                [0.0, -0.0, -0.0],
                [-0.035282, -0.068225, 0.035282],
                [0.0, -0.0, -0.0],
                [0.0, -0.0, -0.0],
                [0.02546, 0.019958, -0.02546],
                [0.025695, -0.038664, -0.025695],
                [-0.025695, 0.038664, 0.025695],
                [-0.02546, -0.019958, 0.02546],
                [-0.012207, 0.080944, 0.012207],
                [0.053474, 0.077435, -0.053474],
                [-0.053474, -0.077435, 0.053474],
                [0.012207, -0.080944, -0.012207]
            ]
        }
    },
    "atom_type": [
        "N",
        "N",
        "N",
        "N",
        "N",
        "Zr",
        "Zr",
        "Zr",
        "Zr",
        "Zr",
        "Zr",
        "Zr",
        "Zr"
    ],
    "coordinate_mode": "Direct",
    "global_properties": {
        "energy": {
            "value": -127.81371
        }
    },
    "lattice_vectors": [
        [2.3089593075065054, 0.0, 2.3089593075065054],
        [2.290467301118171, 4.565049147188008, -2.290467301118171],
        [-6.897369225304147, 4.590998450066187, 6.897369225304147]
    ]
}