{
    "atom_coords": [
        [0.7857143000000022, 0.5714285999999973, 0.8571428999999995],
        [0.499804835610469, 0.9996096712209166, 0.0001825866385516],
        [0.0716237643895283, 0.1432474287790839, 0.7141031133614462],
        [0.9911459100773499, 0.9822918201547708, 0.9853089119168033],
        [0.5802826899226474, 0.1605652798452297, 0.7289767880831945],
        [0.1421035921943457, 0.2842072843886996, 0.4308666236406822],
        [0.70899101715505, 0.4179820343101426, 0.1461981392917195],
        [0.2857143000000022, 0.5714285999999973, 0.8571428999999995],
        [0.8624375828449473, 0.7248750656898579, 0.5680875607082783],
        [0.4293249078056576, 0.8586499156113092, 0.2834190763593227]
    ],
    "atom_properties": {
        "force": {
            "value": [
                [-0.0, -0.0, -0.0],
                [0.0, -0.04865, 0.032342],
                [-0.0, 0.04865, -0.032342],
                [0.0, -0.066891, 0.068689],
                [-0.0, 0.066891, -0.068689],
                [0.0, -0.007255, -0.014013],
                [0.0, -0.066027, 0.014843],
                [-0.0, -0.0, -0.0],
                [-0.0, 0.066027, -0.014843],
                [-0.0, 0.007255, 0.014013]
            ]
        }
    },
    "atom_type": [
        "N",
        "N",
        "N",
        "Zr",
        "Zr",
        "Zr",
        "Zr",
        "Zr",
        "Zr",
        "Zr"
    ],
    "coordinate_mode": "Direct",
    "global_properties": {
        "energy": {
            "value": -95.248559
        }
    },
    "lattice_vectors": [
        [4.570448010436682, -7.3366e-11, -1.57652e-11],
        [-2.2852240102711585, 4.658016853437793, -2.2721669803174707],
        [-5.96355e-11, 2.3515120055496124, 6.861723091024298]
    ]
}