{
    "atom_coords": [
        [0.1875, 0.0625, 0.375],
        [0.4375583007405766, 0.8136666221977009, 0.8751166014811602],
        [0.5623024302307797, 0.1868485604547985, 0.1246048604615666],
        [0.6875, 0.5625, 0.375],
        [0.8126975697692203, 0.9381514395452015, 0.6253951395384334],
        [0.9374416992594234, 0.3113333778022991, 0.8748833985188398],
        [0.9992695640829012, 0.0090771887668879, 0.9985391281657954],
        [0.1261801854278133, 0.3699715899579346, 0.2523603708556266],
        [0.2488198145721867, 0.7550284100420654, 0.4976396291443734],
        [0.3757304359170988, 0.1159228112331121, 0.7514608718342046],
        [0.4969169572549674, 0.4916787336693815, 0.9938339145099206],
        [0.6277407799263344, 0.8828082395263337, 0.2554815598526616],
        [0.7472592200736656, 0.2421917604736663, 0.4945184401473384],
        [0.8780830427450326, 0.6333212663306185, 0.7561660854900794]
    ],
    "atom_properties": {
        "force": {
            "value": [
                [0.0, -0.0, -0.0],
                [0.068645, 0.015179, 0.068645],
                [0.029048, 0.014884, 0.029048],
                [0.0, -0.0, -0.0],
                [-0.029048, -0.014884, -0.029048],
                [-0.068645, -0.015179, -0.068645],
                [-0.025221, 0.070455, -0.025221],
                [0.022374, 0.031891, 0.022374],
                [-0.022374, -0.031891, -0.022374],
                [0.025221, -0.070455, 0.025221],
                [-0.056646, 0.032346, -0.056646],
                [0.046334, -0.044726, 0.046334],
                [-0.046334, 0.044726, -0.046334],
                [0.056646, -0.032346, 0.056646]
            ]
        }
    },
    "atom_type": [
        "N",
        "N",
        "N",
        "N",
        "N",
        "N",
        "Zr",
        "Zr",
        "Zr",
        "Zr",
        "Zr",
        "Zr",
        "Zr",
        "Zr"
    ],
    "coordinate_mode": "Direct",
    "global_properties": {
        "energy": {
            "value": -139.9899
        }
    },
    "lattice_vectors": [
        [2.3142348636991494, 0.0, -2.3142348636991494],
        [2.301188866186834, 4.590982324425364, 2.301188866186834],
        [4.581493378751651, -6.872077055817921, 6.895728242450801]
    ]
}