{
    "atom_coords": [
        [0.5, 0.7509996975959226, 0.4974322689523873],
        [0.5, 0.0035674286435352, 0.0025677310476127],
        [0.0, 0.1223002100119928, 0.75],
        [0.0, 0.0070332039377661, 0.9990698499233943],
        [0.5, 0.104752724036338, 0.75],
        [0.0, 0.2517887335979339, 0.5116585685808985],
        [0.5, 0.3801479105487289, 0.2577961692036865],
        [0.0, 0.4901301650170353, 0.9883414314191015],
        [0.5, 0.6339648312513404, 0.75],
        [0.0, 0.7579633540143718, 0.5009301500766057],
        [0.5, 0.8723517413450423, 0.2422038307963135]
    ],
    "atom_properties": {
        "force": {
            "value": [
                [0.0, 0.005474, -0.01119],
                [0.0, 0.01119, -0.005474],
                [0.0, 0.000326, -0.000326],
                [0.0, 0.001026, 0.041617],
                [0.0, -0.008508, 0.008508],
                [0.0, 0.058342, 0.061181],
                [0.0, 0.030226, 0.006334],
                [0.0, -0.061181, -0.058342],
                [0.0, 0.011057, -0.011057],
                [0.0, -0.041617, -0.001026],
                [0.0, -0.006334, -0.030226]
            ]
        }
    },
    "atom_type": [
        "N",
        "N",
        "N",
        "Zr",
        "Zr",
        "Zr",
        "Zr",
        "Zr",
        "Zr",
        "Zr",
        "Zr"
    ],
    "coordinate_mode": "Direct",
    "global_properties": {
        "energy": {
            "value": -103.80706
        }
    },
    "lattice_vectors": [
        [4.5276382032105245, 0.0, 0.0],
        [0.0, 4.665072210334744, -4.665072210334744],
        [0.0, 2.273286360955202, 6.938358571289946]
    ]
}