{
    "atom_coords": [
        [0.1670722490145309, 0.0, 0.3341443980290535],
        [0.4995944509854695, 0.0, 0.9991889019709461],
        [0.0044353158540034, 0.0, 0.0088706317080423],
        [0.1717839659739369, 0.5, 0.343567831947901],
        [0.3333332999999996, 0.0, 0.6666667000000004],
        [0.4948827340260635, 0.5, 0.9897654680520986],
        [0.662231384145997, 0.0, 0.3244626682919574],
        [0.8333332999999996, 0.5, 0.6666667000000004]
    ],
    "atom_properties": {
        "force": {
            "value": [
                [0.0, 0.0, -0.020248],
                [-0.0, 0.0, 0.020248],
                [-0.0, 0.0, 0.043672],
                [-0.0, 0.0, 0.071807],
                [-0.0, 0.0, 0.0],
                [0.0, 0.0, -0.071807],
                [0.0, 0.0, -0.043672],
                [0.0, 0.0, 0.0]
            ]
        }
    },
    "atom_type": [
        "N",
        "N",
        "Zr",
        "Zr",
        "Zr",
        "Zr",
        "Zr",
        "Zr"
    ],
    "coordinate_mode": "Direct",
    "global_properties": {
        "energy": {
            "value": -75.02057
        }
    },
    "lattice_vectors": [
        [4.556783464733155, 0.0, -6.23e-12],
        [0.0, 4.578000646648419, 0.0],
        [-2.2783917373489424, 0.0, 6.885960997658536]
    ]
}