{
    "atom_coords": [
        [0.2864396363491934, 0.7864396363491934, 0.5728792726983798],
        [0.4278460636508115, 0.9278460636508115, 0.855692227301617],
        [0.7147426189201695, 0.2147426189201695, 0.4294852378403462],
        [0.8571428999999995, 0.3571428999999995, 0.7142856999999978],
        [0.9995430810798283, 0.4995430810798283, 0.9990861621596565],
        [0.9985062576596633, 0.9985062576596562, 0.9970125153193266],
        [0.1450299859931832, 0.1450299859931903, 0.2900600719863604],
        [0.2826546289231118, 0.2826546289231047, 0.5653092578462164],
        [0.4316310710768931, 0.4316310710769002, 0.8632622421537803],
        [0.5692557140068146, 0.5692557140068075, 0.1385113280136423],
        [0.7157794423403345, 0.7157794423403416, 0.4315588846806762],
        [0.8571428999999995, 0.8571428999999995, 0.7142856999999978]
    ],
    "atom_properties": {
        "force": {
            "value": [
                [0.07334, -0.0, 0.07334],
                [-0.07334, 0.0, -0.07334],
                [-0.001469, 0.0, -0.001469],
                [-0.0, 0.0, 0.0],
                [0.001469, -0.0, 0.001469],
                [-0.0762, 0.0, -0.0762],
                [0.064906, -0.0, 0.064906],
                [0.010349, -0.0, 0.010349],
                [-0.010349, 0.0, -0.010349],
                [-0.064906, 0.0, -0.064906],
                [0.0762, -0.0, 0.0762],
                [-0.0, -0.0, 0.0]
            ]
        }
    },
    "atom_type": [
        "N",
        "N",
        "N",
        "N",
        "N",
        "Zr",
        "Zr",
        "Zr",
        "Zr",
        "Zr",
        "Zr",
        "Zr"
    ],
    "coordinate_mode": "Direct",
    "global_properties": {
        "energy": {
            "value": -119.16688
        }
    },
    "lattice_vectors": [
        [2.3039178089063665, 0.0, -2.3039178089063665],
        [-9.3315e-12, 4.583592175933393, -9.3315e-12],
        [6.918372132059641, -2.2917960930015253, 9.222289940966004]
    ]
}