{
    "atom_coords": [
        [0.6419372226497799, 0.6419372226497799, 0.2838745452995681],
        [0.2152055773502184, 0.2152055773502184, 0.4304111547004368],
        [0.9996669966259049, 0.9996669966259049, 0.9993339932518026],
        [0.8574759033740946, 0.8574759033740946, 0.7149517067481952],
        [0.7131456006909787, 0.7131456006909787, 0.4262912013819715],
        [0.5699367427131108, 0.5699367427131108, 0.1398733854262346],
        [0.4285714000000027, 0.4285714000000027, 0.8571428999999995],
        [0.2872061572868887, 0.2872061572868887, 0.5744123145737632],
        [0.1439971993090197, 0.1439971993090197, 0.2879944986180334]
    ],
    "atom_properties": {
        "force": {
            "value": [
                [-0.0, 0.0, -0.028501],
                [0.0, 0.0, 0.028501],
                [-0.0, 0.0, -0.102656],
                [0.0, -0.0, 0.102656],
                [-0.0, 0.0, -0.122306],
                [-0.0, 0.0, -0.166185],
                [0.0, -0.0, 0.0],
                [0.0, 0.0, 0.166185],
                [0.0, 0.0, 0.122306]
            ]
        }
    },
    "atom_type": [
        "N",
        "N",
        "Zr",
        "Zr",
        "Zr",
        "Zr",
        "Zr",
        "Zr",
        "Zr"
    ],
    "coordinate_mode": "Direct",
    "global_properties": {
        "energy": {
            "value": -83.307501
        }
    },
    "lattice_vectors": [
        [2.2901671321336106, -2.2901671321336106, 0.0],
        [2.2901671321336106, 2.2901671321336106, 0.0],
        [-2.2901671321336106, 0.0, 15.819811668380936]
    ]
}