{
    "atom_coords": [
        [0.9166667000000004, 0.5833332999999996, 0.8333332999999996],
        [0.5833617397882449, 0.920007054152002, 0.1667235795764839],
        [0.4166667000000004, 0.0833332999999996, 0.8333332999999996],
        [0.2499715602117547, 0.2466596458479984, 0.4999431204235165],
        [0.9984352349800503, 0.9921215079504364, 0.9968704699601076],
        [0.8348980650199493, 0.174545192049564, 0.6697962300398927],
        [0.6703820583415236, 0.324778836992202, 0.3407640166830319],
        [0.4971123266245172, 0.5046446814403183, 0.9942246532490344],
        [0.3362209733754824, 0.6620220185596821, 0.672442046750966],
        [0.1629513416584771, 0.8418877630077972, 0.3259025833169673]
    ],
    "atom_properties": {
        "force": {
            "value": [
                [-0.0, 0.0, 0.0],
                [0.073017, 0.030149, -0.073017],
                [-0.0, 0.0, 0.0],
                [-0.073017, -0.030149, 0.073017],
                [-0.006412, 0.115846, 0.006412],
                [0.006412, -0.115846, -0.006412],
                [-0.038349, 0.109752, 0.038349],
                [0.014476, 0.036709, -0.014476],
                [-0.014476, -0.036709, 0.014476],
                [0.038349, -0.109752, -0.038349]
            ]
        }
    },
    "atom_type": [
        "N",
        "N",
        "N",
        "N",
        "Zr",
        "Zr",
        "Zr",
        "Zr",
        "Zr",
        "Zr"
    ],
    "coordinate_mode": "Direct",
    "global_properties": {
        "energy": {
            "value": -98.981331
        }
    },
    "lattice_vectors": [
        [2.320869974030987, 0.0, 2.320869974030987],
        [2.297488228524447, 4.552449617976324, -2.297488228524447],
        [-6.929339326490797, 2.301462307309111, 4.608469352459809]
    ]
}