{
    "atom_coords": [
        [0.5, 0.125, 0.875],
        [0.0, 0.0030910468220213, 0.9969089531779787],
        [0.5, 0.125, 0.375],
        [0.0, 0.2469089531779787, 0.7530910468220213],
        [0.5, 0.3758666263488806, 0.1258666263488806],
        [0.0, 0.5001187125200488, 0.4998812874799512],
        [0.5, 0.625, 0.875],
        [0.0, 0.7498812874799512, 0.2501187125200488],
        [0.5, 0.8741333736511194, 0.6241333736511194]
    ],
    "atom_properties": {
        "force": {
            "value": [
                [-0.0, -0.0, 0.0],
                [-0.160402, 0.160402, 0.0],
                [-0.0, -0.0, 0.0],
                [0.160402, -0.160402, 0.0],
                [-0.0, -0.0, 0.077209],
                [0.01902, -0.01902, 0.0],
                [-0.0, -0.0, 0.0],
                [-0.01902, 0.01902, 0.0],
                [-0.0, -0.0, -0.077209]
            ]
        }
    },
    "atom_type": [
        "N",
        "Zr",
        "Zr",
        "Zr",
        "Zr",
        "Zr",
        "Zr",
        "Zr",
        "Zr"
    ],
    "coordinate_mode": "Direct",
    "global_properties": {
        "energy": {
            "value": -79.737025
        }
    },
    "lattice_vectors": [
        [2.2750269024520646, 2.2750269024520646, 0.0],
        [-4.568138745450354, 4.568138745450354, 4.591109225824524],
        [4.568138745450354, -4.568138745450354, 4.591109225824524]
    ]
}