{
    "atom_coords": [
        [0.8125, 0.8125, 0.5625],
        [0.0001042883280746, 0.0001042883280746, 0.9996871350157619],
        [0.8759228597234312, 0.8759228597234312, 0.3722314208297064],
        [0.7490771402765688, 0.7490771402765688, 0.7527685791702936],
        [0.6248957116719254, 0.6248957116719254, 0.1253128649842381],
        [0.4993914421003467, 0.4993914421003467, 0.5018256736989528],
        [0.374910607966811, 0.374910607966811, 0.87526817609956],
        [0.250089392033189, 0.250089392033189, 0.24973182390044],
        [0.1256085578996533, 0.1256085578996533, 0.6231743263010472]
    ],
    "atom_properties": {
        "force": {
            "value": [
                [0.0, 0.0, -0.0],
                [-0.008188, -0.008188, 0.008188],
                [0.060967, 0.060967, -0.060967],
                [-0.060967, -0.060967, 0.060967],
                [0.008188, 0.008188, -0.008188],
                [-0.060819, -0.060819, 0.060819],
                [-0.035124, -0.035124, 0.035124],
                [0.035124, 0.035124, -0.035124],
                [0.060819, 0.060819, -0.060819]
            ]
        }
    },
    "atom_type": [
        "N",
        "Zr",
        "Zr",
        "Zr",
        "Zr",
        "Zr",
        "Zr",
        "Zr",
        "Zr"
    ],
    "coordinate_mode": "Direct",
    "global_properties": {
        "energy": {
            "value": -79.759645
        }
    },
    "lattice_vectors": [
        [2.28769252254361, 0.0, 2.28769252254361],
        [0.0, 2.28769252254361, 2.28769252254361],
        [-11.343436582235858, -11.343436582235858, 13.63112910477947]
    ]
}