{
    "atom_coords": [
        [0.928720501321564, 0.928720501321564, 0.8574411026431292],
        [0.7854953434355281, 0.7854953434355281, 0.570990686871049],
        [0.6431080302623471, 0.6431080302623471, 0.2862161605247024],
        [0.4997490697376534, 0.4997490697376534, 0.9994981394752998],
        [0.3573618565644736, 0.3573618565644736, 0.7147236131289461],
        [0.2141365986784365, 0.2141365986784365, 0.428273197356873],
        [0.9997522669455208, 0.9997522669455208, 0.9995045338910273],
        [0.8567070466724331, 0.8567070466724331, 0.713413993344858],
        [0.7136152598391661, 0.7136152598391661, 0.4272305196783392],
        [0.5714285999999973, 0.5714285999999973, 0.1428571000000005],
        [0.4292418401608344, 0.4292418401608344, 0.858483780321663],
        [0.2861501533275685, 0.2861501533275685, 0.5723003066551371],
        [0.1431048330544797, 0.1431048330544797, 0.2862097661089749]
    ],
    "atom_properties": {
        "force": {
            "value": [
                [-0.0, 0.0, 0.046202],
                [0.0, 0.0, -0.130777],
                [-0.0, 0.0, 0.061393],
                [0.0, 0.0, -0.061393],
                [0.0, 0.0, 0.130777],
                [0.0, 0.0, -0.046202],
                [0.0, 0.0, 0.020823],
                [0.0, 0.0, -0.107829],
                [-0.0, 0.0, -0.144876],
                [0.0, -0.0, -0.0],
                [0.0, 0.0, 0.144876],
                [-0.0, 0.0, 0.107829],
                [0.0, 0.0, -0.020823]
            ]
        }
    },
    "atom_type": [
        "N",
        "N",
        "N",
        "N",
        "N",
        "N",
        "Zr",
        "Zr",
        "Zr",
        "Zr",
        "Zr",
        "Zr",
        "Zr"
    ],
    "coordinate_mode": "Direct",
    "global_properties": {
        "energy": {
            "value": -130.9044
        }
    },
    "lattice_vectors": [
        [2.2961416117055498, -2.2961416117055498, 0.0],
        [2.2961416117055498, 2.2961416117055498, 0.0],
        [-2.2961416117055498, 0.0, 16.051692862641264]
    ]
}