{
    "atom_coords": [
        [0.25, 0.25, 0.25],
        [0.9991246769193438, 0.9991246769193438, 0.0014472756874468],
        [0.5008753230806562, 0.5008753230806562, 0.0014472756874468],
        [0.5079736945392384, 0.9920263054607616, 0.75],
        [0.9920263054607616, 0.5079736945392384, 0.75],
        [0.9991246769193438, 0.9991246769193438, 0.4985527243125532],
        [0.5008753230806562, 0.5008753230806562, 0.4985527243125532],
        [0.4936782792548158, 0.0063217207451842, 0.25],
        [0.0063217207451842, 0.4936782792548158, 0.25]
    ],
    "atom_properties": {
        "force": {
            "value": [
                [-0.0, -0.0, 0.0],
                [0.000416, -0.009373, 0.0],
                [0.009373, -0.000416, 0.0],
                [-0.0, -0.0, -0.008656],
                [-0.0, -0.0, 0.008656],
                [-0.009373, 0.000416, 0.0],
                [-0.000416, 0.009373, 0.0],
                [-0.0, -0.0, 0.020441],
                [-0.0, -0.0, -0.020441]
            ]
        }
    },
    "atom_type": [
        "N",
        "Zr",
        "Zr",
        "Zr",
        "Zr",
        "Zr",
        "Zr",
        "Zr",
        "Zr"
    ],
    "coordinate_mode": "Direct",
    "global_properties": {
        "energy": {
            "value": -79.862162
        }
    },
    "lattice_vectors": [
        [-2.26941278324108, -2.26941278324108, -4.620332449006849],
        [-2.26941278324108, -2.26941278324108, 4.620332449006849],
        [-4.529611014769831, 4.529611014769831, 0.0]
    ]
}