{
    "atom_coords": [
        [0.0, 0.5, 0.5008827090240189],
        [0.0, 0.0, 0.75],
        [0.5, 0.0, 0.9991172909759811],
        [0.0, 0.0, 0.9906393057316194],
        [0.5, 0.5, 0.0121183363163766],
        [0.0, 0.5, 0.2643774213306571],
        [0.5, 0.0, 0.2356225786693429],
        [0.0, 0.0, 0.5093606942683806],
        [0.5, 0.5, 0.4878816636836234],
        [0.0, 0.5, 0.733581485059311],
        [0.5, 0.0, 0.766418514940689]
    ],
    "atom_properties": {
        "force": {
            "value": [
                [0.0, 0.0, 0.031691],
                [0.0, 0.0, 0.0],
                [0.0, 0.0, -0.031691],
                [0.0, 0.0, -0.006085],
                [0.0, 0.0, 0.026399],
                [0.0, 0.0, -0.002333],
                [0.0, 0.0, 0.002333],
                [0.0, 0.0, 0.006085],
                [0.0, 0.0, -0.026399],
                [0.0, 0.0, 0.021856],
                [0.0, 0.0, -0.021856]
            ]
        }
    },
    "atom_type": [
        "N",
        "N",
        "N",
        "Zr",
        "Zr",
        "Zr",
        "Zr",
        "Zr",
        "Zr",
        "Zr",
        "Zr"
    ],
    "coordinate_mode": "Direct",
    "global_properties": {
        "energy": {
            "value": -104.23655
        }
    },
    "lattice_vectors": [
        [4.537677520622856, 0.0, 0.0],
        [0.0, 4.537677520622856, 0.0],
        [0.0, 0.0, 9.495921652767134]
    ]
}