{
    "atom_coords": [
        [0.75, 0.75, 0.25],
        [0.25, 0.25, 0.75],
        [0.75, 0.25, 0.75],
        [0.25, 0.75, 0.75],
        [0.75, 0.75, 0.75],
        [0.0004341504091698, 0.0004341504091698, 0.9910717158158562],
        [0.5080599833658042, 0.0004341504091698, 0.9910717158158562],
        [0.0004341504091698, 0.5080599833658042, 0.9910717158158562],
        [0.5048822568496902, 0.5048822568496902, 0.9853532294509293],
        [0.9951177431503098, 0.9951177431503098, 0.5146467705490707],
        [0.4995658495908302, 0.9919400166341958, 0.5089282841841438],
        [0.9919400166341958, 0.4995658495908302, 0.5089282841841438],
        [0.4995658495908302, 0.4995658495908302, 0.5089282841841438]
    ],
    "atom_properties": {
        "force": {
            "value": [
                [-0.0, -0.0, 0.0],
                [-0.0, -0.0, 0.0],
                [-0.0, -0.0, 0.0],
                [-0.0, -0.0, 0.0],
                [-0.0, -0.0, 0.0],
                [0.010457, 0.010457, 0.012855],
                [0.010457, -0.012855, -0.010457],
                [-0.012855, 0.010457, -0.010457],
                [-0.040615, -0.040615, 0.040615],
                [0.040615, 0.040615, -0.040615],
                [0.012855, -0.010457, 0.010457],
                [-0.010457, 0.012855, 0.010457],
                [-0.010457, -0.010457, -0.012855]
            ]
        }
    },
    "atom_type": [
        "N",
        "N",
        "N",
        "N",
        "N",
        "Zr",
        "Zr",
        "Zr",
        "Zr",
        "Zr",
        "Zr",
        "Zr",
        "Zr"
    ],
    "coordinate_mode": "Direct",
    "global_properties": {
        "energy": {
            "value": -128.02411
        }
    },
    "lattice_vectors": [
        [0.0, 4.61404400576933, 4.61404400576933],
        [4.61404400576933, 0.0, 4.61404400576933],
        [4.5970066710115915, 4.5970066710115915, 0.0170373347577377]
    ]
}