{
    "atom_coords": [
        [0.7540432672522641, 0.3750982828547293, 0.8750982828547293],
        [0.2459567327477359, 0.6249017171452707, 0.1249017171452707],
        [0.0, 0.0, 0.0],
        [0.0, 0.5, 0.0],
        [0.5, 0.2594765388212963, 0.2405234611787037],
        [0.4813810415224182, 0.7517068394330408, 0.2517068394330408],
        [0.0, 0.5, 0.5],
        [0.0, 0.0, 0.5],
        [0.5, 0.7405234611787037, 0.7594765388212963],
        [0.5186189584775818, 0.2482931605669592, 0.7482931605669592]
    ],
    "atom_properties": {
        "force": {
            "value": [
                [0.024653, 0.01778, 0.01778],
                [-0.024653, -0.01778, -0.01778],
                [0.0, -0.0, -0.0],
                [0.0, -0.0, -0.0],
                [0.0, -0.004332, 0.004332],
                [-0.019009, 0.027912, 0.027912],
                [0.0, -0.0, -0.0],
                [0.0, -0.0, -0.0],
                [0.0, 0.004332, -0.004332],
                [0.019009, -0.027912, -0.027912]
            ]
        }
    },
    "atom_type": [
        "N",
        "N",
        "Zr",
        "Zr",
        "Zr",
        "Zr",
        "Zr",
        "Zr",
        "Zr",
        "Zr"
    ],
    "coordinate_mode": "Direct",
    "global_properties": {
        "energy": {
            "value": -91.9422
        }
    },
    "lattice_vectors": [
        [4.62416905116547, -2.2727648821839423, -2.2727648821839423],
        [4.639640581158191, 4.563892620619481, 0.0117463681956772],
        [4.639640581158191, 0.0117463681956772, 4.563892620619481]
    ]
}