{
    "atom_coords": [
        [0.5806056045896639, 0.3387886908206568, 0.2500000000000568],
        [0.7527276954103357, 0.9945446091793428, 0.7499999999999432],
        [0.9805653172575646, 0.0096416904356715, 0.9968814940339712],
        [0.1666667000000004, 0.6666667000000004, 0.5],
        [0.352767982742435, 0.3236916095643281, 0.0031185059660288],
        [0.5097929923067426, 0.0096416904357213, 0.5031185059660004],
        [0.6666667000000004, 0.6666667000000004, 0.0],
        [0.823540307693257, 0.3236916095642854, 0.4968814940339996]
    ],
    "atom_properties": {
        "force": {
            "value": [
                [0.0, 0.042341, 0.042341],
                [-0.0, -0.042341, -0.042341],
                [-0.05774, 0.054752, -0.069772],
                [0.0, -0.0, 0.0],
                [0.05774, -0.054752, 0.069772],
                [0.05774, -0.069772, 0.054752],
                [0.0, -0.0, 0.0],
                [-0.05774, 0.069772, -0.054752]
            ]
        }
    },
    "atom_type": [
        "N",
        "N",
        "Zr",
        "Zr",
        "Zr",
        "Zr",
        "Zr",
        "Zr"
    ],
    "coordinate_mode": "Direct",
    "global_properties": {
        "energy": {
            "value": -74.970743
        }
    },
    "lattice_vectors": [
        [4.61592740546905, 2.2679452982500874, -2.267945298250285],
        [2.3079637078529776, 4.5651022538466215, 2.297156965655398],
        [4.6701390246104335, -2.321276029127918, 2.3212760291062886]
    ]
}