{
    "atom_coords": [
        [0.4280018518061084, 0.9280018518061084, 0.8560038036122108],
        [0.7156481279098799, 0.2156481279098799, 0.4312962558197597],
        [0.857576034659246, 0.357576034659246, 0.715151969318498],
        [2.74549860251e-05, 0.5000274549860251, 5.49099720573e-05],
        [0.997091652510548, 0.9970916525105551, 0.9941833050211031],
        [0.1469709922052047, 0.1469709922051976, 0.2939420844104106],
        [0.2837723626296125, 0.2837723626296125, 0.5675447252592178],
        [0.4294471623850882, 0.4294471623850882, 0.8588944247701704],
        [0.5687362044908468, 0.5687362044908539, 0.1374723089817067],
        [0.7120712483871543, 0.7120712483871614, 0.4241424967743157],
        [0.860656908030279, 0.860656908030272, 0.7213137160605498]
    ],
    "atom_properties": {
        "force": {
            "value": [
                [-0.012897, 0.0, -0.012897],
                [0.037678, -0.0, 0.037678],
                [-0.002697, 0.0, -0.002697],
                [-0.007067, 0.0, -0.007067],
                [-0.030513, 0.0, -0.030513],
                [0.039035, -0.0, 0.039035],
                [0.021151, -0.0, 0.021151],
                [-0.003559, 0.0, -0.003559],
                [-0.014915, 0.0, -0.014915],
                [-0.027175, 0.0, -0.027175],
                [0.000959, -0.0, 0.000959]
            ]
        }
    },
    "atom_type": [
        "N",
        "N",
        "N",
        "N",
        "Zr",
        "Zr",
        "Zr",
        "Zr",
        "Zr",
        "Zr",
        "Zr"
    ],
    "coordinate_mode": "Direct",
    "global_properties": {
        "energy": {
            "value": -107.25175
        }
    },
    "lattice_vectors": [
        [2.325524451180323, 0.0, -2.325524451180323],
        [-1.37364e-11, 4.539089118728472, -1.37364e-11],
        [6.93216980767733, -2.2695445643661696, 9.257694258857654]
    ]
}