{
    "atom_coords": [
        [0.5, 0.375, 0.625],
        [0.5, 0.6253255518629288, 0.3753255518629288],
        [0.0, 0.7513214833880113, 0.7486785166119887],
        [0.5, 0.875, 0.125],
        [0.0, 0.9986785166119887, 0.5013214833880113],
        [0.5, 0.1246744481370712, 0.8746744481370712],
        [0.0, 0.9954308820596012, 0.998079217618745],
        [0.5, 0.1208019680944261, 0.3791980319055739],
        [0.0, 0.248079217618745, 0.7454308820596012],
        [0.5, 0.375, 0.125],
        [0.0, 0.501920782381255, 0.5045691179403988],
        [0.5, 0.6291980319055739, 0.8708019680944261],
        [0.0, 0.7545691179403988, 0.251920782381255],
        [0.5, 0.875, 0.625]
    ],
    "atom_properties": {
        "force": {
            "value": [
                [-0.0, -0.0, 0.0],
                [-0.0, -0.0, -0.0277],
                [-0.014826, 0.014826, 0.0],
                [-0.0, -0.0, 0.0],
                [0.014826, -0.014826, 0.0],
                [-0.0, -0.0, 0.0277],
                [0.006296, -0.006296, -0.026097],
                [0.062283, -0.062283, 0.0],
                [-0.006296, 0.006296, -0.026097],
                [-0.0, -0.0, 0.0],
                [0.006296, -0.006296, 0.026097],
                [-0.062283, 0.062283, 0.0],
                [-0.006296, 0.006296, 0.026097],
                [-0.0, -0.0, 0.0]
            ]
        }
    },
    "atom_type": [
        "N",
        "N",
        "N",
        "N",
        "N",
        "N",
        "Zr",
        "Zr",
        "Zr",
        "Zr",
        "Zr",
        "Zr",
        "Zr",
        "Zr"
    ],
    "coordinate_mode": "Direct",
    "global_properties": {
        "energy": {
            "value": -139.65901
        }
    },
    "lattice_vectors": [
        [2.296737621074663, 2.296737621074663, 0.0],
        [-4.611874742808269, 4.611874742808269, 4.591777203739447],
        [4.611874742808269, -4.611874742808269, 4.591777203739447]
    ]
}