{
    "atom_coords": [
        [0.3999999999999986, 0.8999999999999986, 0.7999999999999972],
        [0.8004802511088727, 0.3004802511088798, 0.6009605022177666],
        [0.9995197488911174, 0.4995197488911174, 0.9990394977822348],
        [0.9966155934471317, 0.9966155934471104, 0.9932311868942705],
        [0.2038626657987948, 0.2038626657988232, 0.4077253315975753],
        [0.3999999999999986, 0.3999999999999986, 0.7999999999999972],
        [0.5961373342012095, 0.5961373342011811, 0.1922746684024261],
        [0.8033844065528655, 0.8033844065528868, 0.6067688131057309]
    ],
    "atom_properties": {
        "force": {
            "value": [
                [0.0, -0.0, -0.0],
                [-0.034943, 0.0, -0.034943],
                [0.034943, -0.0, 0.034943],
                [0.002375, -0.0, 0.002375],
                [0.066126, -0.0, 0.066126],
                [0.0, 0.0, -0.0],
                [-0.066126, 0.0, -0.066126],
                [-0.002375, 0.0, -0.002375]
            ]
        }
    },
    "atom_type": [
        "N",
        "N",
        "N",
        "Zr",
        "Zr",
        "Zr",
        "Zr",
        "Zr"
    ],
    "coordinate_mode": "Direct",
    "global_properties": {
        "energy": {
            "value": -78.216968
        }
    },
    "lattice_vectors": [
        [2.3169611434743786, 0.0, -2.3169611434743786],
        [-1.68505e-11, 4.565657879313215, -1.68505e-11],
        [4.617060520785053, -2.282828944681279, 6.934021664259433]
    ]
}