{
    "atom_coords": [
        [0.5, 0.7482792369153017, 0.4981997831377143],
        [0.0, 0.873545730978023, 0.2499394190957744],
        [0.5, 0.001454269021977, 6.05809042256e-05],
        [0.0, 0.1267207630846983, 0.7518002168622857],
        [0.0, 0.0002378556079208, 0.005250601092385],
        [0.5, 0.1101284466269306, 0.75352983645422],
        [0.0, 0.2413069651317343, 0.5040071340504397],
        [0.5, 0.3778727878738977, 0.2553467136290521],
        [0.0, 0.4971272121261023, 0.9946532863709479],
        [0.5, 0.6336930348682657, 0.7459928659495603],
        [0.0, 0.7648715533730694, 0.49647016354578],
        [0.5, 0.8747621443920792, 0.244749398907615]
    ],
    "atom_properties": {
        "force": {
            "value": [
                [0.0, 0.056459, -0.073601],
                [0.0, -0.019339, -0.030683],
                [0.0, 0.019339, 0.030683],
                [0.0, -0.056459, 0.073601],
                [0.0, -0.017493, -0.027649],
                [0.0, -0.034306, -0.002],
                [0.0, 0.065626, 0.021014],
                [0.0, -0.015927, 0.00926],
                [0.0, 0.015927, -0.00926],
                [0.0, -0.065626, -0.021014],
                [0.0, 0.034306, 0.002],
                [0.0, 0.017493, 0.027649]
            ]
        }
    },
    "atom_type": [
        "N",
        "N",
        "N",
        "N",
        "Zr",
        "Zr",
        "Zr",
        "Zr",
        "Zr",
        "Zr",
        "Zr",
        "Zr"
    ],
    "coordinate_mode": "Direct",
    "global_properties": {
        "energy": {
            "value": -115.82734
        }
    },
    "lattice_vectors": [
        [4.5869176259358815, 0.0, 0.0],
        [0.0, 4.57469611956832, -4.659246653605002],
        [0.0, 2.2724314085730013, 6.974530196196268]
    ]
}