{
    "atom_coords": [
        [0.0, 0.7502804984428195, 0.2497195015571805],
        [0.0, 0.7502804984428195, 0.7502804984428195],
        [0.5, 0.0, 0.0],
        [0.0, 0.2497195015571805, 0.7502804984428195],
        [0.0, 0.2497195015571805, 0.2497195015571805],
        [0.0, 0.0, 0.0],
        [0.0, 0.0, 0.5],
        [0.5, 0.2426175625730167, 0.2426175625730167],
        [0.5, 0.2426175625730167, 0.7573824374269833],
        [0.0, 0.5, 0.5],
        [0.0, 0.5, 0.0],
        [0.5, 0.7573824374269833, 0.7573824374269833],
        [0.5, 0.7573824374269833, 0.2426175625730167]
    ],
    "atom_properties": {
        "force": {
            "value": [
                [0.0, 0.0, -0.096211],
                [-0.0, -0.096211, 0.0],
                [-0.0, 0.0, -0.0],
                [0.0, 0.0, 0.096211],
                [-0.0, 0.096211, 0.0],
                [-0.0, 0.0, 0.0],
                [-0.0, 0.0, -0.0],
                [-0.0, -0.066062, 0.0],
                [-0.0, 0.0, -0.066062],
                [-0.0, -0.0, -0.0],
                [-0.0, -0.0, -0.0],
                [-0.0, 0.066062, 0.0],
                [-0.0, 0.0, 0.066062]
            ]
        }
    },
    "atom_type": [
        "N",
        "N",
        "N",
        "N",
        "N",
        "Zr",
        "Zr",
        "Zr",
        "Zr",
        "Zr",
        "Zr",
        "Zr",
        "Zr"
    ],
    "coordinate_mode": "Direct",
    "global_properties": {
        "energy": {
            "value": -127.3953
        }
    },
    "lattice_vectors": [
        [-4.500295675971072, 0.0, 0.0],
        [0.0, 4.655966031688499, 4.655966031688499],
        [0.0, 4.655966031688499, -4.655966031688499]
    ]
}