{
    "atom_coords": [
        [0.375, 0.375, 0.875],
        [0.0018654283993413, 0.0018654283993413, 0.9944037148019618],
        [0.2483461997689744, 0.2483461997689744, 0.2549614006930767],
        [0.5016538002310256, 0.5016538002310256, 0.4950385993069233],
        [0.7481345716006587, 0.7481345716006587, 0.7555962851980382]
    ],
    "atom_properties": {
        "force": {
            "value": [
                [0.0, 0.0, 0.0],
                [0.026103, -0.026103, -0.026103],
                [-0.041275, 0.041275, 0.041275],
                [0.041275, -0.041275, -0.041275],
                [-0.026103, 0.026103, 0.026103]
            ]
        }
    },
    "atom_type": [
        "N",
        "Zr",
        "Zr",
        "Zr",
        "Zr"
    ],
    "coordinate_mode": "Direct",
    "global_properties": {
        "energy": {
            "value": -45.841053
        }
    },
    "lattice_vectors": [
        [2.3093519550899124, 0.0, 2.3093519550899124],
        [2.3093519550899124, 2.3093519550899124, 0.0],
        [-4.5328779665156915, 6.842229921605605, 6.842229921605605]
    ]
}