{
    "atom_coords": [
        [0.4375, 0.9375, 0.1875],
        [0.687412039630054, 0.1868348987625552, 0.4383410219773296],
        [0.313044204950522, 0.8123152635044733, 0.5615963265944899],
        [0.561955795049478, 0.0626847364955267, 0.8134036734055101],
        [0.187587960369946, 0.6881651012374448, 0.9366589780226704],
        [0.0049876606599071, 0.9908926527017599, 0.999132025978426],
        [0.6269200483331119, 0.6299111355018638, 0.1162487678319124],
        [0.2480799516668881, 0.2450888644981433, 0.2587512321680876],
        [0.8700123393400929, 0.8841073472982401, 0.375867974021574],
        [0.4996431901318914, 0.4999398095010221, 0.500773810235188],
        [0.1298280827706932, 0.1185468644820133, 0.6217969699766002],
        [0.7451719172293068, 0.7564531355179867, 0.7532030300233998],
        [0.3753568098681086, 0.3750601904989779, 0.874226189764812]
    ],
    "atom_properties": {
        "force": {
            "value": [
                [0.0, -0.0, 0.0],
                [-0.058874, 0.050168, 0.058874],
                [0.030331, -0.048645, -0.030331],
                [-0.030331, 0.048645, 0.030331],
                [0.058874, -0.050168, -0.058874],
                [-0.019169, 0.020866, 0.019169],
                [0.015597, -0.062274, -0.015597],
                [-0.015597, 0.062274, 0.015597],
                [0.019169, -0.020866, -0.019169],
                [-0.035421, 0.029117, 0.035421],
                [-0.026303, -0.003238, 0.026303],
                [0.026303, 0.003238, -0.026303],
                [0.035421, -0.029117, -0.035421]
            ]
        }
    },
    "atom_type": [
        "N",
        "N",
        "N",
        "N",
        "N",
        "Zr",
        "Zr",
        "Zr",
        "Zr",
        "Zr",
        "Zr",
        "Zr",
        "Zr"
    ],
    "coordinate_mode": "Direct",
    "global_properties": {
        "energy": {
            "value": -127.96523
        }
    },
    "lattice_vectors": [
        [2.3112344227056827, 0.0, 2.3112344227056827],
        [2.31415300804378, 6.851472349200242, -0.0029185853380971],
        [-4.605094914921194, 2.273041106196118, 6.916329337626875]
    ]
}