{
    "atom_coords": [
        [0.2482017367804943, 0.0035965264390114, 0.2499999999999716],
        [0.4168274330015933, 0.6663452339968075, 0.7500000000000071],
        [0.5831725669984067, 0.3336547660031925, 0.2499999999999929],
        [0.7517982632195057, 0.9964034735609886, 0.7500000000000284],
        [0.0, 0.0, 0.0],
        [0.1782735549493708, 0.6806452334964987, 0.5086805991698569],
        [0.3589186884458826, 0.3193547665034231, 0.0086805991699137],
        [0.5, 0.0, 0.5],
        [0.6410813115541174, 0.6806452334965769, 0.9913194008300863],
        [0.8217264450506292, 0.3193547665035013, 0.4913194008301431]
    ],
    "atom_properties": {
        "force": {
            "value": [
                [-0.0, -0.033317, -0.033317],
                [-0.0, -0.006539, -0.006539],
                [0.0, 0.006539, 0.006539],
                [0.0, 0.033317, 0.033317],
                [0.0, -0.0, 0.0],
                [0.030144, -0.01514, -0.042251],
                [0.030144, 0.042251, 0.01514],
                [0.0, -0.0, 0.0],
                [-0.030144, -0.042251, -0.01514],
                [-0.030144, 0.01514, 0.042251]
            ]
        }
    },
    "atom_type": [
        "N",
        "N",
        "N",
        "N",
        "Zr",
        "Zr",
        "Zr",
        "Zr",
        "Zr",
        "Zr"
    ],
    "coordinate_mode": "Direct",
    "global_properties": {
        "energy": {
            "value": -99.080977
        }
    },
    "lattice_vectors": [
        [4.684351823334866, 2.2934080797199954, -2.2934080797197884],
        [2.3421759167788845, 4.601391158238805, 2.3079830885274895],
        [4.667079643278123, -2.276407667334029, 2.2764076674054503]
    ]
}