{
    "atom_coords": [
        [0.8771157128950833, 0.7542314257901097, 0.8124241049835277],
        [0.1225780898804274, 0.2451561797606914, 0.6900252014108048],
        [0.6274219101195726, 0.2548438202393086, 0.4349747985891952],
        [0.8728842871049167, 0.7457685742098903, 0.3125758950164723],
        [0.0041082237918104, 0.0082164475837203, 0.0048606176228532],
        [0.2598756573952841, 0.5197513147908737, 0.8721000015552107],
        [0.4968158388096455, 0.9936316776191205, 0.7488977366384901],
        [0.7389881548524926, 0.4779763097047294, 0.6316937288527598],
        [0.0110118451475074, 0.0220236902952706, 0.4933062711472402],
        [0.2531841611903545, 0.5063683223808795, 0.3761022633615099],
        [0.4901243426047159, 0.9802486852091263, 0.2528999984447893],
        [0.7458917762081896, 0.4917835524162726, 0.1201393823771468]
    ],
    "atom_properties": {
        "force": {
            "value": [
                [-0.022263, 0.022263, 0.036594],
                [-0.030376, 0.030376, 0.03969],
                [0.030376, -0.030376, -0.03969],
                [0.022263, -0.022263, -0.036594],
                [0.012775, -0.012775, 0.040523],
                [-0.024569, 0.024569, 0.072356],
                [-0.017448, 0.017448, 0.030225],
                [-0.024182, 0.024182, 0.029051],
                [0.024182, -0.024182, -0.029051],
                [0.017448, -0.017448, -0.030225],
                [0.024569, -0.024569, -0.072356],
                [-0.012775, 0.012775, -0.040523]
            ]
        }
    },
    "atom_type": [
        "N",
        "N",
        "N",
        "N",
        "Zr",
        "Zr",
        "Zr",
        "Zr",
        "Zr",
        "Zr",
        "Zr",
        "Zr"
    ],
    "coordinate_mode": "Direct",
    "global_properties": {
        "energy": {
            "value": -115.88994
        }
    },
    "lattice_vectors": [
        [2.320839839689888, 2.320839839781164, -5.57498e-11],
        [-4.660170282918256, 2.3393304533956756, 2.237435309489224],
        [4.682433342094745, -4.682433342496708, 8.996443869665676]
    ]
}