{
    "atom_coords": [
        [0.0710179299080878, 0.0710179299080878, 0.7869463102757166],
        [0.3573901848550989, 0.3573901848550989, 0.9278295454347187],
        [0.5002623252930292, 0.5002623252930292, 0.4992130241209125],
        [0.9999628104585625, 0.9999628104585625, 0.0001115686243125],
        [0.1440082338393793, 0.1440082338393793, 0.567975198481868],
        [0.2852327805892685, 0.2852327805892685, 0.1443016582322016],
        [0.4281556602021936, 0.4281556602021936, 0.7155329193934108],
        [0.5721507698960693, 0.5721507698960693, 0.2835477903118147],
        [0.7142780422603607, 0.7142780422603607, 0.8571658732189036],
        [0.8561127626979541, 0.8561127626979541, 0.4316618119061317]
    ],
    "atom_properties": {
        "force": {
            "value": [
                [-0.019409, 0.019409, 0.019409],
                [-0.022878, 0.022878, 0.022878],
                [0.025537, -0.025537, -0.025537],
                [-0.015752, 0.015752, 0.015752],
                [-0.00364, 0.00364, 0.00364],
                [-0.029913, 0.029913, 0.029913],
                [-0.004737, 0.004737, 0.004737],
                [0.046686, -0.046686, -0.046686],
                [-0.005164, 0.005164, 0.005164],
                [0.029269, -0.029269, -0.029269]
            ]
        }
    },
    "atom_type": [
        "N",
        "N",
        "N",
        "Zr",
        "Zr",
        "Zr",
        "Zr",
        "Zr",
        "Zr",
        "Zr"
    ],
    "coordinate_mode": "Direct",
    "global_properties": {
        "energy": {
            "value": -95.066081
        }
    },
    "lattice_vectors": [
        [2.2923137155780697, -1.2541e-12, 2.292313715575562],
        [2.2923137155780697, 2.292313715575562, -1.2541e-12],
        [-9.1809649299915, 11.473278635543933, 11.473278635543933]
    ]
}