{
    "atom_coords": [
        [0.8745193742771917, 0.8745193742771917, 0.376441877168439],
        [0.125, 0.125, 0.625],
        [0.3754806257228083, 0.3754806257228083, 0.873558122831561],
        [0.0012348509625681, 0.0012348509625681, 0.9962954471123027],
        [0.2487651490374319, 0.2487651490374319, 0.2537045528876973],
        [0.501691320476489, 0.501691320476489, 0.4949260385705259],
        [0.748308679523511, 0.748308679523511, 0.7550739614294741]
    ],
    "atom_properties": {
        "force": {
            "value": [
                [-0.047019, 0.047019, 0.047019],
                [-0.0, -0.0, -0.0],
                [0.047019, -0.047019, -0.047019],
                [0.00574, -0.00574, -0.00574],
                [-0.00574, 0.00574, 0.00574],
                [-0.029954, 0.029954, 0.029954],
                [0.029954, -0.029954, -0.029954]
            ]
        }
    },
    "atom_type": [
        "N",
        "N",
        "N",
        "Zr",
        "Zr",
        "Zr",
        "Zr"
    ],
    "coordinate_mode": "Direct",
    "global_properties": {
        "energy": {
            "value": -69.770547
        }
    },
    "lattice_vectors": [
        [2.297187451767707, 0.0, 2.297187451767707],
        [2.297187451767707, 2.297187451767707, 0.0],
        [-4.591888977154132, 6.889076428921838, 6.889076428921838]
    ]
}