{
    "atom_coords": [
        [0.2860684377578551, 0.7860684377578551, 0.572136875515703],
        [0.4284514701835391, 0.9284514701835391, 0.8569030403670723],
        [0.5713711882658856, 0.0713711882658856, 0.1427422765317772],
        [0.7143431117341095, 0.2143431117341095, 0.428686223468226],
        [0.8572628298164631, 0.3572628298164631, 0.714525559632925],
        [0.9996458622421471, 0.4996458622421471, 0.9992917244842943],
        [0.0020918706649979, 0.0020918706650122, 0.004183741330003],
        [0.1428571000000005, 0.1428571000000005, 0.2857143000000022],
        [0.2836224293350043, 0.28362242933499, 0.5672448586699943],
        [0.4295850634758764, 0.4295850634758764, 0.8591702269517398],
        [0.5686817558490986, 0.5686817558490915, 0.1373634116982103],
        [0.7170325441508965, 0.7170325441509036, 0.4340650883017929],
        [0.8561292365241258, 0.8561292365241258, 0.7122583730482575]
    ],
    "atom_properties": {
        "force": {
            "value": [
                [0.025053, -0.0, 0.025053],
                [-0.008317, 0.0, -0.008317],
                [0.00286, -0.0, 0.00286],
                [-0.00286, 0.0, -0.00286],
                [0.008317, -0.0, 0.008317],
                [-0.025053, 0.0, -0.025053],
                [0.028921, -0.0, 0.028921],
                [-0.0, -0.0, -0.0],
                [-0.028921, 0.0, -0.028921],
                [-0.007978, 0.0, -0.007978],
                [-0.096162, 0.0, -0.096162],
                [0.096162, -0.0, 0.096162],
                [0.007978, -0.0, 0.007978]
            ]
        }
    },
    "atom_type": [
        "N",
        "N",
        "N",
        "N",
        "N",
        "N",
        "Zr",
        "Zr",
        "Zr",
        "Zr",
        "Zr",
        "Zr",
        "Zr"
    ],
    "coordinate_mode": "Direct",
    "global_properties": {
        "energy": {
            "value": -131.02287
        }
    },
    "lattice_vectors": [
        [2.3013605766872374, 0.0, -2.3013605766872374],
        [-4.4205e-12, 4.600382981329175, -4.4205e-12],
        [6.892123193107297, -2.300191495700643, 9.193483769794533]
    ]
}