{
    "atom_coords": [
        [0.5, 0.5, 0.0],
        [0.0, 0.8773073959290727, 0.2546147918581525],
        [0.5, 0.0, 0.0],
        [0.0, 0.1226926040709273, 0.7453852081418475],
        [0.0, 0.0, 0.0],
        [0.5, 0.1347573528766404, 0.7695147057532807],
        [0.0, 0.243217203703054, 0.5],
        [0.5, 0.374222538177051, 0.2484450763540949],
        [0.0, 0.5, 0.0],
        [0.5, 0.625777461822949, 0.7515549236459051],
        [0.0, 0.756782796296946, 0.5],
        [0.5, 0.8652426471233596, 0.2304852942467193]
    ],
    "atom_properties": {
        "force": {
            "value": [
                [0.0, 0.0, -0.0],
                [0.0, 0.003996, 0.003996],
                [0.0, 0.0, -0.0],
                [0.0, -0.003996, -0.003996],
                [0.0, 0.0, -0.0],
                [0.0, 0.004728, 0.004728],
                [0.0, 0.009138, -0.009138],
                [0.0, 0.130922, 0.130922],
                [0.0, 0.0, -0.0],
                [0.0, -0.130922, -0.130922],
                [0.0, -0.009138, 0.009138],
                [0.0, -0.004728, -0.004728]
            ]
        }
    },
    "atom_type": [
        "N",
        "N",
        "N",
        "N",
        "Zr",
        "Zr",
        "Zr",
        "Zr",
        "Zr",
        "Zr",
        "Zr",
        "Zr"
    ],
    "coordinate_mode": "Direct",
    "global_properties": {
        "energy": {
            "value": -115.71445
        }
    },
    "lattice_vectors": [
        [4.616873184993826, 0.0, 0.0],
        [0.0, 4.600188904115142, -4.600188904115142],
        [0.0, 2.2806964072434233, 6.880885311358567]
    ]
}