{
    "atom_coords": [
        [0.0001406073696302, 0.5, 0.0002812147392603],
        [0.1656978620778276, 0.0, 0.3313956241556753],
        [0.3343021379221724, 0.5, 0.6686043758443247],
        [0.4998593926303698, 0.0, 0.9997187852607397],
        [0.0083058789099866, 0.0, 0.0166117578198737],
        [0.170113605911304, 0.5, 0.3402271118225642],
        [0.329886394088696, 0.0, 0.6597728881774358],
        [0.4916941210900134, 0.5, 0.9833882421801263],
        [0.6621150133964235, 0.0, 0.3242299267928956],
        [0.8378849866035765, 0.5, 0.6757700732071044]
    ],
    "atom_properties": {
        "force": {
            "value": [
                [-0.0, 0.0, 0.0444],
                [-0.0, 0.0, 0.036882],
                [0.0, 0.0, -0.036882],
                [0.0, 0.0, -0.0444],
                [0.0, 0.0, -0.016613],
                [-0.0, 0.0, 0.001658],
                [0.0, 0.0, -0.001658],
                [-0.0, 0.0, 0.016613],
                [0.0, 0.0, -0.024485],
                [-0.0, 0.0, 0.024485]
            ]
        }
    },
    "atom_type": [
        "N",
        "N",
        "N",
        "N",
        "Zr",
        "Zr",
        "Zr",
        "Zr",
        "Zr",
        "Zr"
    ],
    "coordinate_mode": "Direct",
    "global_properties": {
        "energy": {
            "value": -98.817725
        }
    },
    "lattice_vectors": [
        [4.570304502940869, 0.0, -4.66186e-11],
        [0.0, 4.589646990320066, 0.0],
        [-2.2851522565278444, 0.0, 6.968172881709255]
    ]
}