{
    "atom_coords": [
        [0.4369478886701899, 0.8143840328276113, 0.8738957773403868],
        [0.6876748370712562, 0.563123949355429, 0.3753496741425124],
        [0.8127854102480399, 0.9404350764793747, 0.6255708204960797],
        [0.937156863474172, 0.3113697151744361, 0.8743137269483512],
        [0.9986425079099561, 6.00227095262e-05, 0.9972850158199122],
        [0.1284126773575025, 0.3797138578256281, 0.2568253547149979],
        [0.2484433298893833, 0.7449516329118353, 0.4968866597787667],
        [0.3764358056088497, 0.1163097325018612, 0.7528716112176923],
        [0.497059382293763, 0.4993506911168737, 0.9941187645875189],
        [0.6249716136133543, 0.8735370451162296, 0.2499432272267015],
        [0.7480847796375585, 0.2472810954902158, 0.496169559275117],
        [0.8783849042259817, 0.634483148490979, 0.7567698084519705]
    ],
    "atom_properties": {
        "force": {
            "value": [
                [0.037275, 0.00656, 0.037275],
                [0.031815, 0.006573, 0.031815],
                [-0.004446, 0.033327, -0.004446],
                [-0.035475, 0.03408, -0.035475],
                [0.04158, 0.030064, 0.04158],
                [0.054164, -0.052611, 0.054164],
                [0.018749, -0.118253, 0.018749],
                [-0.025538, 0.079477, -0.025538],
                [-0.019579, 0.015947, -0.019579],
                [-0.027566, 0.051508, -0.027566],
                [-0.053284, -0.10015, -0.053284],
                [-0.017694, 0.013476, -0.017694]
            ]
        }
    },
    "atom_type": [
        "N",
        "N",
        "N",
        "N",
        "Zr",
        "Zr",
        "Zr",
        "Zr",
        "Zr",
        "Zr",
        "Zr",
        "Zr"
    ],
    "coordinate_mode": "Direct",
    "global_properties": {
        "energy": {
            "value": -115.75097
        }
    },
    "lattice_vectors": [
        [2.3034005463991316, 0.0, -2.3034005463991316],
        [2.3026016485230594, 4.593109028726293, 2.3026016485230594],
        [4.579696292526203, -6.8645671058491455, 6.883096838925335]
    ]
}