{
    "atom_coords": [
        [0.5709125080245414, 0.1418249160490817, 0.2158206703919276],
        [0.7148017919754537, 0.4296035839509216, 0.6413221296080707],
        [0.0050789292253413, 0.0101578584506825, 0.0105441004374853],
        [0.5707043282071567, 0.1414085564143122, 0.7132538239034716],
        [0.1428571000000005, 0.2857143000000022, 0.4285714000000027],
        [0.7150099717928384, 0.4300199435856911, 0.1438889760965267],
        [0.2806353707746609, 0.5612707415493148, 0.8465987995625142],
        [0.8601619590874066, 0.720323818174819, 0.5741821372799762],
        [0.4255523409125956, 0.8511047818251782, 0.2829607627200232]
    ],
    "atom_properties": {
        "force": {
            "value": [
                [-0.016683, -0.036254, -0.016683],
                [0.016683, 0.036254, 0.016683],
                [0.079016, 0.003921, 0.079016],
                [0.020408, 0.01757, 0.020408],
                [0.0, 0.0, 0.0],
                [-0.020408, -0.01757, -0.020408],
                [-0.079016, -0.003921, -0.079016],
                [0.01652, 0.047325, 0.01652],
                [-0.01652, -0.047325, -0.01652]
            ]
        }
    },
    "atom_type": [
        "N",
        "N",
        "Zr",
        "Zr",
        "Zr",
        "Zr",
        "Zr",
        "Zr",
        "Zr"
    ],
    "coordinate_mode": "Direct",
    "global_properties": {
        "energy": {
            "value": -83.120259
        }
    },
    "lattice_vectors": [
        [2.298793883269766, 0.0, -2.298793883269766],
        [-0.0251939526299041, 6.852464789873246, 2.273599930639863],
        [4.6052465627463635, -4.604317410403393, 4.6052465627463635]
    ]
}