{
    "atom_coords": [
        [0.0, 0.375, 0.25],
        [0.0, 0.6248758052690704, 0.75],
        [0.5, 0.7515034268419569, 0.5030068536839281],
        [0.0, 0.875, 0.25],
        [0.5, 0.9984965731580431, 0.9969931463160719],
        [0.0, 0.1251241947309296, 0.75],
        [0.0, 0.0005881629582021, 0.0011763259164113],
        [0.5, 0.1139085465543914, 0.75],
        [0.0, 0.2509976354175762, 0.5019952708351454],
        [0.5, 0.375, 0.25],
        [0.0, 0.4990023645824238, 0.9980047291648546],
        [0.5, 0.6360914534456086, 0.75],
        [0.0, 0.7494118370417979, 0.4988236740835887],
        [0.5, 0.875, 0.25]
    ],
    "atom_properties": {
        "force": {
            "value": [
                [0.0, 0.0, -0.0],
                [0.0, -0.005765, 0.005765],
                [0.0, -0.010118, -0.010118],
                [0.0, 0.0, -0.0],
                [0.0, 0.010118, 0.010118],
                [0.0, 0.005765, -0.005765],
                [0.0, 0.012798, 0.012798],
                [0.0, -0.065543, 0.065543],
                [0.0, 0.035335, 0.035335],
                [0.0, 0.0, -0.0],
                [0.0, -0.035335, -0.035335],
                [0.0, 0.065543, -0.065543],
                [0.0, -0.012798, -0.012798],
                [0.0, 0.0, -0.0]
            ]
        }
    },
    "atom_type": [
        "N",
        "N",
        "N",
        "N",
        "N",
        "N",
        "Zr",
        "Zr",
        "Zr",
        "Zr",
        "Zr",
        "Zr",
        "Zr",
        "Zr"
    ],
    "coordinate_mode": "Direct",
    "global_properties": {
        "energy": {
            "value": -139.51912
        }
    },
    "lattice_vectors": [
        [4.61196073600095, 0.0, 0.0],
        [0.0, 4.588562460065707, -4.588562460065707],
        [0.0, 2.300489998389601, 6.889052458455309]
    ]
}