{
    "atom_coords": [
        [0.2476246759855911, 0.627790741234449, 0.8769599067944114],
        [0.7554811261869219, 0.3659783580371041, 0.1230593895889953],
        [0.9992680405685093, 0.7493844593990673, 0.2520794594639355],
        [0.99885508805923, 0.9913458159988195, 0.0109440078827703],
        [0.2415481682554628, 0.3994296382556541, 0.1174740252333493],
        [0.5100754124774127, 0.7265301799498829, 0.2533189950952988],
        [0.7590507369538031, 0.1153167572939751, 0.3665817687983974],
        [0.0003395838057969, 0.5011775765903366, 0.4981432557980696],
        [0.2391686062659346, 0.8820278992523214, 0.6396348882158733],
        [0.4965613184686646, 0.2743588333064793, 0.7325185297561703],
        [0.7520272429726731, 0.6166597406819179, 0.879285773372736]
    ],
    "atom_properties": {
        "force": {
            "value": [
                [0.0, 0.022957, -0.005677],
                [-0.0, -0.007797, 0.014622],
                [-0.0, -0.081607, 0.010371],
                [-0.0, -0.053769, 0.0101],
                [-0.0, -0.014831, 0.026696],
                [-0.0, -0.042607, 0.025684],
                [0.0, 0.070594, 0.017103],
                [0.0, 0.014995, -0.015703],
                [0.0, 0.079328, -0.027679],
                [0.0, 0.008407, -0.048325],
                [0.0, 0.00433, -0.007192]
            ]
        }
    },
    "atom_type": [
        "N",
        "N",
        "N",
        "Zr",
        "Zr",
        "Zr",
        "Zr",
        "Zr",
        "Zr",
        "Zr",
        "Zr"
    ],
    "coordinate_mode": "Direct",
    "global_properties": {
        "energy": {
            "value": -103.88208
        }
    },
    "lattice_vectors": [
        [4.5366078291667105, 3.37215e-11, -3.662e-13],
        [2.268303919567469, 4.613087656885921, -2.338368936443151],
        [2.2683039195665513, 4.612457792166608, 7.014097856931731]
    ]
}