{
    "atom_coords": [
        [0.7493095874120073, 0.8756665098063081, 0.6257143153696774],
        [0.9983165653511605, 0.2513202458830435, 0.752046623414607],
        [0.2483478237808541, 0.6260450897211882, 0.8772592627170681],
        [0.5016521762191459, 0.9989549102788118, 0.9977407372829319],
        [0.7516834346488395, 0.3736797541169565, 0.122953376585393],
        [0.0006904125879927, 0.7493334901936919, 0.2492856846303226],
        [0.9933957102365198, 0.0060437854973188, 0.0071647940295279],
        [0.2446246686656437, 0.3879599199873951, 0.122790742681147],
        [0.512590275237379, 0.7362585472938292, 0.2385609022317112],
        [0.7595197356671051, 0.1073110925737097, 0.3736494360923359],
        [0.9904802643328949, 0.5176889074262903, 0.5013505639076641],
        [0.237409724762621, 0.8887414527061708, 0.6364390977682888],
        [0.5053753313343563, 0.2370400800126049, 0.752209257318853],
        [0.7566042897634802, 0.6189562145026812, 0.8678352059704721]
    ],
    "atom_properties": {
        "force": {
            "value": [
                [0.0, 0.034569, -0.010795],
                [0.0, 0.032643, -0.016049],
                [0.0, 0.010646, -0.011617],
                [-0.0, -0.010646, 0.011617],
                [-0.0, -0.032643, 0.016049],
                [-0.0, -0.034569, 0.010795],
                [-0.0, -0.036787, 0.031825],
                [-0.0, -0.027853, 0.011089],
                [-0.0, -0.047787, 0.018983],
                [-0.0, -0.000407, 0.018614],
                [0.0, 0.000407, -0.018614],
                [0.0, 0.047787, -0.018983],
                [0.0, 0.027853, -0.011089],
                [0.0, 0.036787, -0.031825]
            ]
        }
    },
    "atom_type": [
        "N",
        "N",
        "N",
        "N",
        "N",
        "N",
        "Zr",
        "Zr",
        "Zr",
        "Zr",
        "Zr",
        "Zr",
        "Zr",
        "Zr"
    ],
    "coordinate_mode": "Direct",
    "global_properties": {
        "energy": {
            "value": -139.77781
        }
    },
    "lattice_vectors": [
        [4.593941046970776, 5.81243e-11, 1.3848e-11],
        [2.2969705285498407, 4.628105819289825, -2.286291506633096],
        [2.296970528577649, 4.654608146710401, 6.91118614262773]
    ]
}