{
    "atom_coords": [
        [0.0, 0.5004680277318272, 0.995628730759897],
        [0.0, 0.7432440360501005, 0.7432440360501005],
        [0.5, 0.8811235093806431, 0.1251296403431539],
        [0.0, 0.995628730759897, 0.5004680277318272],
        [0.5, 0.1251296403431539, 0.8811235093806431],
        [0.0, 0.9923638453578221, 0.9923638453578221],
        [0.5, 0.1207174777742068, 0.3852566245648177],
        [0.0, 0.2427311865493991, 0.7569092704801861],
        [0.5, 0.3852566245648177, 0.1207174777742068],
        [0.0, 0.4967027925289642, 0.4967027925289642],
        [0.5, 0.6277545721817361, 0.8819702862972179],
        [0.0, 0.7569092704801861, 0.2427311865493991],
        [0.5, 0.8819702862972179, 0.6277545721817361]
    ],
    "atom_properties": {
        "force": {
            "value": [
                [-0.024983, 0.024983, -0.024202],
                [0.0, 0.0, 0.042238],
                [-0.000519, 0.000519, -0.007265],
                [0.024983, -0.024983, -0.024202],
                [0.000519, -0.000519, -0.007265],
                [0.0, 0.0, 0.059099],
                [0.030739, -0.030739, 0.114987],
                [0.074044, -0.074044, 0.005628],
                [-0.030739, 0.030739, 0.114987],
                [0.0, 0.0, -0.168032],
                [-0.008203, 0.008203, -0.0558],
                [-0.074044, 0.074044, 0.005628],
                [0.008203, -0.008203, -0.0558]
            ]
        }
    },
    "atom_type": [
        "N",
        "N",
        "N",
        "N",
        "N",
        "Zr",
        "Zr",
        "Zr",
        "Zr",
        "Zr",
        "Zr",
        "Zr",
        "Zr"
    ],
    "coordinate_mode": "Direct",
    "global_properties": {
        "energy": {
            "value": -127.93124
        }
    },
    "lattice_vectors": [
        [2.3107956820687745, 2.3107956820687745, 0.0],
        [-4.666355074779429, 4.666355074779429, 4.537897103799269],
        [4.666355074779429, -4.666355074779429, 4.537897103799269]
    ]
}