{
    "atom_coords": [
        [0.498068217220883, 0.5039730337869699, 0.4998905317712428],
        [0.001931782779117, 0.2460269662130301, 0.7501094682287572],
        [0.5010960668149664, 0.9969048215196352, 0.0009030448504532],
        [0.75, 0.375, 0.125],
        [0.9989039331850336, 0.7530951784803648, 0.2490969551495468],
        [0.9913858415892705, 0.015328543595885, 0.001899773225432],
        [0.25, 0.375, 0.125],
        [0.5086141584107295, 0.734671456404115, 0.248100226774568],
        [0.7493679801067756, 0.1299011041165201, 0.3713629356699144],
        [0.9975554967862337, 0.5008798838964381, 0.5040091225310519],
        [0.25, 0.875, 0.625],
        [0.5024445032137663, 0.2491201161035619, 0.7459908774689481],
        [0.7506320198932244, 0.6200988958834799, 0.8786370643300856]
    ],
    "atom_properties": {
        "force": {
            "value": [
                [0.0, 0.013695, -0.004726],
                [-0.0, -0.013695, 0.004726],
                [-0.0, -0.011562, 0.003748],
                [-0.0, 0.0, 0.0],
                [0.0, 0.011562, -0.003748],
                [0.0, 0.043671, -0.015622],
                [-0.0, 0.0, 0.0],
                [-0.0, -0.043671, 0.015622],
                [0.0, 0.036711, -0.021177],
                [0.0, 0.046731, 0.035403],
                [-0.0, 0.0, 0.0],
                [-0.0, -0.046731, -0.035403],
                [-0.0, -0.036711, 0.021177]
            ]
        }
    },
    "atom_type": [
        "N",
        "N",
        "N",
        "N",
        "N",
        "Zr",
        "Zr",
        "Zr",
        "Zr",
        "Zr",
        "Zr",
        "Zr",
        "Zr"
    ],
    "coordinate_mode": "Direct",
    "global_properties": {
        "energy": {
            "value": -127.55975
        }
    },
    "lattice_vectors": [
        [4.60726509180998, -4.741e-12, -6.8711e-12],
        [2.3036325509318964, 4.58060448215993, -2.312530249312986],
        [2.3036325509181883, 4.568096620737713, 6.912691351290062]
    ]
}