{
    "atom_coords": [
        [0.9290269335957362, 0.9290269335957362, 0.8580539671914664],
        [0.642401566404267, 0.642401566404267, 0.2848032328085353],
        [0.356980911893622, 0.356980911893622, 0.7139617237872429],
        [0.2144476881063753, 0.2144476881063753, 0.4288953762127576],
        [0.0020118849189075, 0.0020118849189075, 0.0040237698378149],
        [0.8583988481108449, 0.8583988481108449, 0.7167975962216886],
        [0.7130297518891524, 0.7130297518891524, 0.4260595037783119],
        [0.5694167150810898, 0.5694167150810898, 0.1388333301621856],
        [0.4265378448871431, 0.4265378448871431, 0.8530757897742802],
        [0.2857143000000022, 0.2857143000000022, 0.5714285999999973],
        [0.1448906551128601, 0.1448906551128601, 0.2897814102257215]
    ],
    "atom_properties": {
        "force": {
            "value": [
                [0.0, 0.0, 0.182482],
                [0.0, 0.0, -0.182482],
                [-0.0, 0.0, -0.07387],
                [0.0, 0.0, 0.07387],
                [0.0, 0.0, 0.05559],
                [0.0, 0.0, 0.027284],
                [-0.0, 0.0, -0.027284],
                [-0.0, 0.0, -0.05559],
                [0.0, 0.0, -0.028533],
                [-0.0, 0.0, 0.0],
                [0.0, 0.0, 0.028533]
            ]
        }
    },
    "atom_type": [
        "N",
        "N",
        "N",
        "N",
        "Zr",
        "Zr",
        "Zr",
        "Zr",
        "Zr",
        "Zr",
        "Zr"
    ],
    "coordinate_mode": "Direct",
    "global_properties": {
        "energy": {
            "value": -107.31441
        }
    },
    "lattice_vectors": [
        [2.306608021604298, -2.306608021604298, 0.0],
        [2.306608021604298, 2.306608021604298, 0.0],
        [-2.306608021604298, 0.0, 15.956880436349314]
    ]
}