{
    "atom_coords": [
        [0.600460264999434, 0.1004602649994411, 0.200920529998875],
        [0.7999999999999972, 0.2999999999999972, 0.6000000000000014],
        [0.9995397350005675, 0.4995397350005604, 0.9990794700011278],
        [0.0070539133306013, 0.0070539133305587, 0.0141078266612169],
        [0.2009426938497114, 0.2009426938497043, 0.4018853876994228],
        [0.39905730615029, 0.3990573061502971, 0.7981146123005729],
        [0.5929460866694001, 0.5929460866694427, 0.1858921733387859],
        [0.7999999999999972, 0.7999999999999972, 0.6000000000000014]
    ],
    "atom_properties": {
        "force": {
            "value": [
                [0.079703, -0.0, 0.079703],
                [0.0, 0.0, 0.0],
                [-0.079703, 0.0, -0.079703],
                [-0.012757, 0.0, -0.012757],
                [-0.020178, 0.0, -0.020178],
                [0.020178, -0.0, 0.020178],
                [0.012757, -0.0, 0.012757],
                [0.0, 0.0, 0.0]
            ]
        }
    },
    "atom_type": [
        "N",
        "N",
        "N",
        "Zr",
        "Zr",
        "Zr",
        "Zr",
        "Zr"
    ],
    "coordinate_mode": "Direct",
    "global_properties": {
        "energy": {
            "value": -78.399533
        }
    },
    "lattice_vectors": [
        [2.3170491973492244, 0.0, -2.3170491973492244],
        [-3.54162e-11, 4.505010626346358, -3.54162e-11],
        [4.670605072230521, -2.2525053181779717, 6.987654269579747]
    ]
}