{
    "atom_coords": [
        [0.0, 0.3740786713112172, 0.2500797205233383],
        [0.0, 0.6259213286887828, 0.7499202794766617],
        [0.0, 0.8760010492121211, 0.2500797205233383],
        [0.5, 0.0, 0.0],
        [0.0, 0.1239989507878789, 0.7499202794766617],
        [0.0, 0.0, 0.0],
        [0.5, 0.1218749186404438, 0.7583411725057871],
        [0.0, 0.2519145660069455, 0.5038291320138981],
        [0.5, 0.3635337461346637, 0.2416588274942129],
        [0.0, 0.5, 0.0],
        [0.5, 0.6364662538653363, 0.7583411725057871],
        [0.0, 0.7480854339930474, 0.4961708679861019],
        [0.5, 0.8781250813595562, 0.2416588274942129]
    ],
    "atom_properties": {
        "force": {
            "value": [
                [-0.0, 0.059977, 0.026038],
                [0.0, -0.059977, -0.026038],
                [-0.0, 0.026038, 0.059977],
                [0.0, 0.0, 0.0],
                [0.0, -0.026038, -0.059977],
                [0.0, 0.0, 0.0],
                [0.0, -0.040892, 0.049762],
                [0.0, 0.052504, 0.052504],
                [0.0, -0.049762, 0.040892],
                [0.0, 0.0, 0.0],
                [0.0, 0.049762, -0.040892],
                [0.0, -0.052504, -0.052504],
                [-0.0, 0.040892, -0.049762]
            ]
        }
    },
    "atom_type": [
        "N",
        "N",
        "N",
        "N",
        "N",
        "Zr",
        "Zr",
        "Zr",
        "Zr",
        "Zr",
        "Zr",
        "Zr",
        "Zr"
    ],
    "coordinate_mode": "Direct",
    "global_properties": {
        "energy": {
            "value": -127.46913
        }
    },
    "lattice_vectors": [
        [4.490796934436462, 0.0, 0.0],
        [0.0, 4.669016812348477, -4.669016812348477],
        [0.0, 2.318139329166691, 6.987156141515168]
    ]
}