{
    "atom_coords": [
        [0.3333332999999996, 0.6666667000000004, 0.0833332999999996],
        [0.0, 0.0, 0.7492923942669591],
        [0.3333332999999996, 0.6666667000000004, 0.5833332999999996],
        [0.6666667000000004, 0.3333332999999996, 0.4173743057330412],
        [0.0, 0.0, 0.0042800908703029],
        [0.3333332999999996, 0.6666667000000004, 0.8303600358275531],
        [0.6666667000000004, 0.3333332999999996, 0.6697128981052529],
        [0.0, 0.0, 0.4969538018947475],
        [0.3333332999999996, 0.6666667000000004, 0.3363065641724461],
        [0.6666667000000004, 0.3333332999999996, 0.1623866091296975]
    ],
    "atom_properties": {
        "force": {
            "value": [
                [0.0, -0.0, -0.0],
                [-0.036425, -0.036425, -0.036425],
                [0.0, -0.0, -0.0],
                [0.036425, 0.036425, 0.036425],
                [0.035501, 0.035501, 0.035501],
                [-0.043961, -0.043961, -0.043961],
                [0.010545, 0.010545, 0.010545],
                [-0.010545, -0.010545, -0.010545],
                [0.043961, 0.043961, 0.043961],
                [-0.035501, -0.035501, -0.035501]
            ]
        }
    },
    "atom_type": [
        "N",
        "N",
        "N",
        "N",
        "Zr",
        "Zr",
        "Zr",
        "Zr",
        "Zr",
        "Zr"
    ],
    "coordinate_mode": "Direct",
    "global_properties": {
        "energy": {
            "value": -98.691502
        }
    },
    "lattice_vectors": [
        [2.3082579039800213, 0.0, -2.308257903980021],
        [-2.3082579039800213, 2.308257903980021, 0.0],
        [9.169036736578486, 9.169036736578486, 9.169036736578486]
    ]
}