{
    "atom_coords": [
        [0.3999999999999986, 0.2999999999999972, 0.8999999999999986],
        [0.6003244466005526, 0.6993705997589785, 0.0999805070399091],
        [0.1996755533994516, 0.9006294002410229, 0.7000194929600951],
        [0.0058705350782162, 0.9951616920320916, 0.9930972378114475],
        [0.6020689292723702, 0.1889951342756717, 0.6068670071795665],
        [0.1979310707276341, 0.4110048657243297, 0.1931329928204377],
        [0.7941294649217809, 0.6048383079679098, 0.8069027621885496],
        [0.3999999999999986, 0.7999999999999972, 0.3999999999999986]
    ],
    "atom_properties": {
        "force": {
            "value": [
                [0.0, -0.0, -0.0],
                [-0.039148, 0.039148, 0.037915],
                [0.039148, -0.039148, -0.037915],
                [-0.033171, 0.033171, -0.095628],
                [0.098938, -0.098938, 0.037841],
                [-0.098938, 0.098938, -0.037841],
                [0.033171, -0.033171, 0.095628],
                [0.0, -0.0, 0.0]
            ]
        }
    },
    "atom_type": [
        "N",
        "N",
        "N",
        "Zr",
        "Zr",
        "Zr",
        "Zr",
        "Zr"
    ],
    "coordinate_mode": "Direct",
    "global_properties": {
        "energy": {
            "value": -78.418721
        }
    },
    "lattice_vectors": [
        [2.320891233071556, 2.3208912330382088, 8.7948e-12],
        [-2.2933588599309127, 4.614250082812747, 2.2795117185070124],
        [2.321428325717512, -0.0005370926196674, 6.867971355513754]
    ]
}