{
    "atom_coords": [
        [0.75, 0.875, 0.625],
        [0.4983180143348633, 0.0041639939539877, 0.9991999773762714],
        [0.75, 0.375, 0.125],
        [0.0016819856651367, 0.7458360060460123, 0.2508000226237286],
        [0.9849261362075197, 0.0151402815122665, 0.0150074460725307],
        [0.25, 0.375, 0.125],
        [0.5150738637924803, 0.7348597184877335, 0.2349925539274693],
        [0.7597123023395795, 0.1049079566601847, 0.375667438660777],
        [0.9879911508428023, 0.5214623620445806, 0.5025553362696371],
        [0.25, 0.875, 0.625],
        [0.5120088491571977, 0.2285376379554194, 0.7474446637303629],
        [0.7402876976604205, 0.6450920433398153, 0.874332561339223]
    ],
    "atom_properties": {
        "force": {
            "value": [
                [-0.0, 0.0, 0.0],
                [0.0, 0.038765, -0.015953],
                [-0.0, 0.0, 0.0],
                [-0.0, -0.038765, 0.015953],
                [0.0, 0.021568, 0.037658],
                [-0.0, 0.0, 0.0],
                [-0.0, -0.021568, -0.037658],
                [-0.0, -0.070065, 0.024441],
                [-0.0, -0.008602, 0.00949],
                [-0.0, 0.0, 0.0],
                [0.0, 0.008602, -0.00949],
                [0.0, 0.070065, -0.024441]
            ]
        }
    },
    "atom_type": [
        "N",
        "N",
        "N",
        "N",
        "Zr",
        "Zr",
        "Zr",
        "Zr",
        "Zr",
        "Zr",
        "Zr",
        "Zr"
    ],
    "coordinate_mode": "Direct",
    "global_properties": {
        "energy": {
            "value": -116.23435
        }
    },
    "lattice_vectors": [
        [4.565896528848929, 1.26323e-10, 3.2562e-11],
        [2.282948269515164, 4.68099919452219, -2.2645998954273647],
        [2.2829482695810337, 4.743135585631769, 6.915679592597044]
    ]
}