{
    "atom_coords": [
        [0.6692151086634155, 0.1692151086634155, 0.3384301173268085],
        [0.9974515913365849, 0.4974515913365849, 0.9949031826731911],
        [0.0136568361773399, 0.0136568361773968, 0.0273136723548149],
        [0.3333332999999996, 0.3333332999999996, 0.6666667000000004],
        [0.6530098638226605, 0.6530098638226036, 0.3060196276451848]
    ],
    "atom_properties": {
        "force": {
            "value": [
                [0.045768, -0.0, 0.045768],
                [-0.045768, 0.0, -0.045768],
                [0.013794, -0.0, 0.013794],
                [-0.0, 0.0, -0.0],
                [-0.013794, 0.0, -0.013794]
            ]
        }
    },
    "atom_type": [
        "N",
        "N",
        "Zr",
        "Zr",
        "Zr"
    ],
    "coordinate_mode": "Direct",
    "global_properties": {
        "energy": {
            "value": -49.570208
        }
    },
    "lattice_vectors": [
        [2.3226844039433554, 0.0, -2.322684403824075],
        [-5.92351e-11, 4.539509111044417, -5.92351e-11],
        [2.3361868923679854, -2.269754560564766, 4.658871285933276]
    ]
}