{
    "atom_coords": [
        [0.7146428006888144, 0.2146428006888215, 0.4292856013776358],
        [0.8571428999999995, 0.3571428999999995, 0.7142856999999978],
        [0.9996428993111834, 0.4996428993111763, 0.9992857986223669],
        [0.000805683702545, 0.0008056837025379, 0.0016113674050899],
        [0.1471094419353349, 0.1471094419352923, 0.294218983870671],
        [0.2856509171654409, 0.2856509171654409, 0.5713018343308605],
        [0.428634782834564, 0.428634782834564, 0.8572696656691363],
        [0.5671762580646629, 0.5671762580647055, 0.1343524161293317],
        [0.7134800162974528, 0.7134800162974599, 0.4269600325949128],
        [0.8571428999999995, 0.8571428999999995, 0.7142856999999978]
    ],
    "atom_properties": {
        "force": {
            "value": [
                [0.070854, -0.0, 0.070854],
                [-0.0, -0.0, 0.0],
                [-0.070854, 0.0, -0.070854],
                [-0.031563, 0.0, -0.031563],
                [0.013786, -0.0, 0.013786],
                [0.022554, -0.0, 0.022554],
                [-0.022554, 0.0, -0.022554],
                [-0.013786, 0.0, -0.013786],
                [0.031563, -0.0, 0.031563],
                [-0.0, 0.0, 0.0]
            ]
        }
    },
    "atom_type": [
        "N",
        "N",
        "N",
        "Zr",
        "Zr",
        "Zr",
        "Zr",
        "Zr",
        "Zr",
        "Zr"
    ],
    "coordinate_mode": "Direct",
    "global_properties": {
        "energy": {
            "value": -95.301902
        }
    },
    "lattice_vectors": [
        [2.32114743543791, 0.0, -2.32114743543791],
        [-1.10472e-11, 4.500634700734604, -1.10472e-11],
        [6.921152414273242, -2.250317355318077, 9.242299849711154]
    ]
}