{
    "atom_coords": [
        [0.2526149940156017, 0.8777097312172302, 0.8137910337053498],
        [0.250494748393173, 0.373484216378273, 0.0617606736727723],
        [0.7495761035258823, 0.1236774860441585, 0.1851824631393626],
        [0.2496421608912485, 0.8794827073998306, 0.3113518689467298],
        [0.7489888731796839, 0.6238131742025317, 0.4389997892373003],
        [0.0134767611579605, 0.013107487302463, 0.0096278873071896],
        [0.4892015137321621, 0.7524807157184696, 0.1291803511706675],
        [0.9980562144084857, 0.4938356231638963, 0.2525222902461337],
        [0.5107019673850459, 0.257862290041956, 0.3648267037861004],
        [0.9997850355806008, 0.9771231886696086, 0.4934595415624372],
        [0.4918030131432474, 0.7506936499773786, 0.6161806968119308],
        [0.0052419207174665, 0.5153092939749087, 0.7527917468054639],
        [0.4904166938694487, 0.2364204359092952, 0.8828249536085693]
    ],
    "atom_properties": {
        "force": {
            "value": [
                [-0.011826, 0.009902, 0.020685],
                [0.010198, -0.004663, -0.002434],
                [-0.018355, -0.019255, -0.021596],
                [0.006194, 0.013697, -0.000408],
                [0.027937, -0.01814, -0.015913],
                [-0.006058, 0.035799, -0.00154],
                [0.004576, -0.003684, -0.006624],
                [0.020869, 0.009354, -0.009258],
                [0.020362, 0.000102, -0.033686],
                [-0.013959, -0.03722, -0.009195],
                [-0.01434, -0.005333, 0.000277],
                [-0.001316, 0.05526, 0.05044],
                [-0.024282, -0.035818, 0.029253]
            ]
        }
    },
    "atom_type": [
        "N",
        "N",
        "N",
        "N",
        "N",
        "Zr",
        "Zr",
        "Zr",
        "Zr",
        "Zr",
        "Zr",
        "Zr",
        "Zr"
    ],
    "coordinate_mode": "Direct",
    "global_properties": {
        "energy": {
            "value": -127.98777
        }
    },
    "lattice_vectors": [
        [2.2996332800545494, 2.3196674775462425, -4.61248134109939],
        [-2.2994551173480673, 4.642303007760016, 2.3078487254708664],
        [4.588644543027428, -0.0006410979494927, 4.606811165870345]
    ]
}