{
    "atom_coords": [
        [0.4375, 0.4375, 0.6875],
        [0.062623775232467, 0.062623775232467, 0.8121286743025848],
        [0.812376224767533, 0.812376224767533, 0.5628713256974152],
        [0.99925975795081, 0.99925975795081, 0.0022207261475771],
        [0.87574024204919, 0.87574024204919, 0.3727792738524229],
        [0.7492846669002802, 0.7492846669002802, 0.7521459992991737],
        [0.6249551366338864, 0.6249551366338864, 0.1251345900983409],
        [0.4995980133441478, 0.4995980133441478, 0.5012059599675638],
        [0.3754019866558522, 0.3754019866558522, 0.8737940400324362],
        [0.2500448633661136, 0.2500448633661136, 0.2498654099016591],
        [0.1257153330997198, 0.1257153330997198, 0.6228540007008263]
    ],
    "atom_properties": {
        "force": {
            "value": [
                [-0.0, -0.0, -0.0],
                [-0.000342, -0.000342, 0.000342],
                [0.000342, 0.000342, -0.000342],
                [-0.070341, -0.070341, 0.070341],
                [0.070341, 0.070341, -0.070341],
                [-0.064111, -0.064111, 0.064111],
                [-0.013674, -0.013674, 0.013674],
                [0.034948, 0.034948, -0.034948],
                [-0.034948, -0.034948, 0.034948],
                [0.013674, 0.013674, -0.013674],
                [0.064111, 0.064111, -0.064111]
            ]
        }
    },
    "atom_type": [
        "N",
        "N",
        "N",
        "Zr",
        "Zr",
        "Zr",
        "Zr",
        "Zr",
        "Zr",
        "Zr",
        "Zr"
    ],
    "coordinate_mode": "Direct",
    "global_properties": {
        "energy": {
            "value": -103.6214
        }
    },
    "lattice_vectors": [
        [2.290072829592692, 0.0, 2.290072829592692],
        [0.0, 2.290072829592692, 2.290072829592692],
        [-11.378908897741256, -11.378908897741256, 13.668981727333948]
    ]
}