{
    "atom_coords": [
        [0.5005397596008905, 0.0005397596008905, 0.5010795192017881],
        [0.8756356024170628, 0.8756356024170628, 0.2512712048341257],
        [0.6268888880433394, 0.6268888880433394, 0.753777776086686],
        [0.0005397596008905, 0.5005397596008905, 0.5010795192017881],
        [0.3730709782835504, 0.3730709782835504, 0.2461419565671008],
        [0.998702214244851, 0.998702214244851, 0.0057069292939858],
        [0.3777762811356311, 0.860875605572069, 0.7386518867076859],
        [0.7393041483980198, 0.7393041483980198, 0.492824772109671],
        [0.1292598925035691, 0.6318815314393191, 0.2611414239429024],
        [0.5070047150491348, 0.5070047150491348, 0.0057069292939929],
        [0.860875605572069, 0.3777762811356311, 0.7386518867076859],
        [0.2535206237116654, 0.2535206237116654, 0.4928247721096923],
        [0.6318815314393191, 0.1292598925035691, 0.2611414239429024]
    ],
    "atom_properties": {
        "force": {
            "value": [
                [-0.0, -0.022675, 0.022675],
                [-0.0, -0.023346, 0.023346],
                [-0.0, 0.016771, -0.016771],
                [-0.0, -0.022675, 0.022675],
                [-0.0, 0.061052, -0.061052],
                [-0.0, 0.037986, 0.018001],
                [0.002183, -0.013408, 0.013408],
                [-0.0, -0.049095, -0.03653],
                [0.01829, 0.005134, -0.005134],
                [-0.0, -0.018001, -0.037986],
                [-0.002183, -0.013408, 0.013408],
                [-0.0, 0.03653, 0.049095],
                [-0.01829, 0.005134, -0.005134]
            ]
        }
    },
    "atom_type": [
        "N",
        "N",
        "N",
        "N",
        "N",
        "Zr",
        "Zr",
        "Zr",
        "Zr",
        "Zr",
        "Zr",
        "Zr",
        "Zr"
    ],
    "coordinate_mode": "Direct",
    "global_properties": {
        "energy": {
            "value": -127.97159
        }
    },
    "lattice_vectors": [
        [4.617383865481208, 2.3065267458675947, 2.3065267458800847],
        [-4.617383865481208, 2.3065267458675947, 2.3065267458800847],
        [0.0, -6.89959205276897, 2.286538571114631]
    ]
}