{
    "atom_coords": [
        [0.0, 0.5, 0.3360700545101025],
        [0.0, 0.5, 0.6651003498787347],
        [0.5, 0.0, 0.8359816201680275],
        [0.0, 0.0, 0.9935538922818878],
        [0.5, 0.5, 0.1785372376625034],
        [0.0, 0.0, 0.3267056651123426],
        [0.5, 0.5, 0.4957650808726228],
        [0.0, 0.0, 0.6790478173826742],
        [0.5, 0.5, 0.8225715821311042]
    ],
    "atom_properties": {
        "force": {
            "value": [
                [-0.008652, 0.0, 0.008652],
                [0.033385, 0.0, -0.033385],
                [-0.031215, 0.0, 0.031215],
                [-0.04064, 0.0, 0.04064],
                [-0.002296, 0.0, 0.002296],
                [-0.001381, 0.0, 0.001381],
                [-0.006668, 0.0, 0.006668],
                [0.050967, 0.0, -0.050967],
                [0.0065, 0.0, -0.0065]
            ]
        }
    },
    "atom_type": [
        "N",
        "N",
        "N",
        "Zr",
        "Zr",
        "Zr",
        "Zr",
        "Zr",
        "Zr"
    ],
    "coordinate_mode": "Direct",
    "global_properties": {
        "energy": {
            "value": -86.984222
        }
    },
    "lattice_vectors": [
        [2.3301119594123416, 0.0, 2.3301119594123416],
        [0.0, 4.532023828057425, 0.0],
        [-6.947857998467745, 0.0, 6.947857998467745]
    ]
}