{
    "atom_coords": [
        [0.5, 0.5005113815512487, 0.5003404467314496],
        [0.0, 0.7494886184487513, 0.7496595532685504],
        [0.5, 0.0007357274035442, 0.5007357274035442],
        [0.5, 0.0003404467314496, 0.0005113815512487],
        [0.0, 0.2492642725964558, 0.7492642725964558],
        [0.0, 0.2496595532685504, 0.2494886184487513],
        [0.0, 0.0054699203777133, 0.9947174494203139],
        [0.0, 0.0053196592243481, 0.5053196592243481],
        [0.5, 0.2445300796222867, 0.2552825505796861],
        [0.5, 0.2446803407756519, 0.7446803407756519],
        [0.0, 0.4947174494203139, 0.5054699203777133],
        [0.0, 0.4972927808637451, 0.9972927808637451],
        [0.5, 0.7552825505796861, 0.7445300796222867],
        [0.5, 0.7527072191362549, 0.2527072191362549]
    ],
    "atom_properties": {
        "force": {
            "value": [
                [0.0, -0.017351, 0.032631],
                [-0.0, 0.017351, -0.032631],
                [-0.0, -0.004314, -0.0],
                [-0.0, -0.017351, -0.032631],
                [-0.0, 0.004314, -0.0],
                [0.0, 0.017351, 0.032631],
                [-0.0, 0.029808, 0.069195],
                [-0.0, -0.003915, -0.0],
                [0.0, -0.029808, -0.069195],
                [0.0, 0.003915, -0.0],
                [0.0, 0.029808, -0.069195],
                [-0.0, -0.012636, -0.0],
                [-0.0, -0.029808, 0.069195],
                [-0.0, 0.012636, -0.0]
            ]
        }
    },
    "atom_type": [
        "N",
        "N",
        "N",
        "N",
        "N",
        "N",
        "Zr",
        "Zr",
        "Zr",
        "Zr",
        "Zr",
        "Zr",
        "Zr",
        "Zr"
    ],
    "coordinate_mode": "Direct",
    "global_properties": {
        "energy": {
            "value": -139.80251
        }
    },
    "lattice_vectors": [
        [-4.612701965694181, 0.0, 0.0],
        [0.0, 4.588215262736427, 4.599261932139133],
        [0.0, 4.588215262736427, -4.599261932139133]
    ]
}