{
    "atom_coords": [
        [0.5, 0.5000502152900381, 0.9989733190052945],
        [0.5, 0.7501952229311684, 0.5],
        [0.0, 0.8767564959310548, 0.2526472825738537],
        [0.5, 0.0010768962847436, 0.0010266809947055],
        [0.0, 0.124109213357201, 0.7473527174261463],
        [0.0, 0.9999728349391077, 0.0012838461251619],
        [0.5, 0.1207293972039452, 0.7584206493872543],
        [0.0, 0.241660103551574, 0.5],
        [0.5, 0.3805459259750847, 0.2495674968932278],
        [0.0, 0.4986889888139459, 0.9987161538748381],
        [0.5, 0.630978429081857, 0.7504325031067722],
        [0.0, 0.7629275288236101, 0.5],
        [0.5, 0.8623087478166909, 0.2415793506127457]
    ],
    "atom_properties": {
        "force": {
            "value": [
                [0.0, -0.066748, -0.057042],
                [0.0, -0.005776, 0.005776],
                [0.0, -0.012379, -0.04223],
                [0.0, 0.057042, 0.066748],
                [0.0, 0.04223, 0.012379],
                [0.0, 0.023103, 0.053582],
                [0.0, 0.01776, 0.051325],
                [0.0, 0.001675, -0.001675],
                [0.0, 0.023481, 0.014887],
                [0.0, -0.053582, -0.023103],
                [0.0, -0.014887, -0.023481],
                [0.0, 0.039406, -0.039406],
                [0.0, -0.051325, -0.01776]
            ]
        }
    },
    "atom_type": [
        "N",
        "N",
        "N",
        "N",
        "N",
        "Zr",
        "Zr",
        "Zr",
        "Zr",
        "Zr",
        "Zr",
        "Zr",
        "Zr"
    ],
    "coordinate_mode": "Direct",
    "global_properties": {
        "energy": {
            "value": -127.74294
        }
    },
    "lattice_vectors": [
        [4.611133697672767, 0.0, 0.0],
        [0.0, 4.604061171996946, -4.604061171996946],
        [0.0, 2.2858116709282186, 6.889872842925164]
    ]
}