{
    "atom_coords": [
        [0.5, 0.0, 0.3744026508957674],
        [0.0, 0.5, 0.7487437392909655],
        [0.5, 0.0, 0.8756363366100572],
        [0.0, 0.0, 0.0002157949743022],
        [0.5, 0.5, 0.1260807311448957],
        [0.0, 0.0, 0.253925742102723],
        [0.5, 0.5, 0.3747752911215727],
        [0.0, 0.0, 0.4919426481000642],
        [0.5, 0.5, 0.6287275585074639],
        [0.0, 0.0, 0.7569368067887723],
        [0.5, 0.5, 0.8686127004634159]
    ],
    "atom_properties": {
        "force": {
            "value": [
                [0.033623, 0.0, -0.033623],
                [0.072849, 0.0, -0.072849],
                [-0.085614, 0.0, 0.085614],
                [-0.049587, 0.0, 0.049587],
                [-0.020792, 0.0, 0.020792],
                [0.035709, 0.0, -0.035709],
                [0.01277, 0.0, -0.01277],
                [0.021003, 0.0, -0.021003],
                [0.014335, 0.0, -0.014335],
                [-0.050659, 0.0, 0.050659],
                [0.016365, 0.0, -0.016365]
            ]
        }
    },
    "atom_type": [
        "N",
        "N",
        "N",
        "Zr",
        "Zr",
        "Zr",
        "Zr",
        "Zr",
        "Zr",
        "Zr",
        "Zr"
    ],
    "coordinate_mode": "Direct",
    "global_properties": {
        "energy": {
            "value": -103.82836
        }
    },
    "lattice_vectors": [
        [2.303214619783084, 0.0, 2.303214619783084],
        [0.0, 4.580856137250206, 0.0],
        [-9.165222824679555, 0.0, 9.165222824679555]
    ]
}