{
    "atom_coords": [
        [0.3579096940364366, 0.7158192880728791, 0.9277720744142357],
        [0.069964841785108, 0.1399295835701935, 0.7858559614600011],
        [0.7871780582148915, 0.5743561164298043, 0.6427154385400016],
        [0.4992332059635629, 0.9984664119271187, 0.500799325585767],
        [0.9950818503191954, 0.9901637006383197, 0.9969616089534412],
        [0.7186368669574748, 0.4372737339150063, 0.8543619263846196],
        [0.4285714000000027, 0.8571428999999995, 0.7142856999999978],
        [0.1385059330425236, 0.2770119660849986, 0.5742095736153772],
        [0.8620610496808041, 0.7241219993616781, 0.4316097910465615],
        [0.5734700604327401, 0.1469400208655003, 0.2837924446593831],
        [0.2836728395672594, 0.5673456791344975, 0.1447789553406196]
    ],
    "atom_properties": {
        "force": {
            "value": [
                [-0.036481, -0.036481, 0.014914],
                [-0.006607, -0.006607, 0.052559],
                [0.006607, 0.006607, -0.052559],
                [0.036481, 0.036481, -0.014914],
                [-0.075599, -0.075599, -0.070392],
                [-0.01441, -0.01441, -0.014549],
                [-0.0, -0.0, -0.0],
                [0.01441, 0.01441, 0.014549],
                [0.075599, 0.075599, 0.070392],
                [0.017152, 0.017152, -0.038996],
                [-0.017152, -0.017152, 0.038996]
            ]
        }
    },
    "atom_type": [
        "N",
        "N",
        "N",
        "N",
        "Zr",
        "Zr",
        "Zr",
        "Zr",
        "Zr",
        "Zr",
        "Zr"
    ],
    "coordinate_mode": "Direct",
    "global_properties": {
        "energy": {
            "value": -107.13972
        }
    },
    "lattice_vectors": [
        [2.301016165930585, -2.3010161659078183, -2.3256e-12],
        [2.2992391315384433, 4.600255287376362, -2.2952821099086393],
        [2.3029931451226453, 2.302993145109241, 9.190632528658474]
    ]
}