{
    "atom_coords": [
        [0.5, 0.8333332999999996, 0.8333332999999996],
        [0.5, 0.1643818639184431, 0.1664891641548394],
        [0.0, 0.3333332999999996, 0.8333332999999996],
        [0.5, 0.5022848360815573, 0.500177535845161],
        [0.0, 0.0078111946672408, 0.9991666817998421],
        [0.5, 0.1733751661898566, 0.6734204853338426],
        [0.0, 0.3333332999999996, 0.3333332999999996],
        [0.5, 0.4932915338101438, 0.9932462146661578],
        [0.0, 0.6588555053327596, 0.6675000182001583],
        [0.5, 0.8333332999999996, 0.3333332999999996]
    ],
    "atom_properties": {
        "force": {
            "value": [
                [0.0, -0.0, 0.0],
                [-0.020825, -0.04267, -0.020825],
                [0.0, -0.0, 0.0],
                [0.020825, 0.04267, 0.020825],
                [0.021541, 0.002562, 0.021541],
                [0.027699, -0.001338, 0.027699],
                [0.0, -0.0, 0.0],
                [-0.027699, 0.001338, -0.027699],
                [-0.021541, -0.002562, -0.021541],
                [0.0, -0.0, 0.0]
            ]
        }
    },
    "atom_type": [
        "N",
        "N",
        "N",
        "N",
        "Zr",
        "Zr",
        "Zr",
        "Zr",
        "Zr",
        "Zr"
    ],
    "coordinate_mode": "Direct",
    "global_properties": {
        "energy": {
            "value": -98.887644
        }
    },
    "lattice_vectors": [
        [2.313285141872021, 0.0, -2.313285141872021],
        [2.2917792612682346, 4.566608295680707, 2.2917792612682346],
        [4.6108868445525255, -4.593880484948261, 4.6108868445525255]
    ]
}