{
    "atom_coords": [
        [0.5, 0.2506628226732914, 5.99550131639e-05],
        [0.5, 0.2506628226732914, 0.4999400449868361],
        [0.0, 0.5, 0.25],
        [0.5, 0.7493371773267086, 0.4999400449868361],
        [0.5, 0.7493371773267086, 5.99550131639e-05],
        [0.0, 0.0, 0.9985659492319314],
        [0.0, 0.0, 0.5014340507680686],
        [0.5, 0.2495725796228925, 0.75],
        [0.5, 0.2622225804338214, 0.25],
        [0.0, 0.5, 0.4981339687485473],
        [0.0, 0.5, 0.0018660312514527],
        [0.5, 0.7377774195661786, 0.25],
        [0.5, 0.7504274203771075, 0.75]
    ],
    "atom_properties": {
        "force": {
            "value": [
                [0.010937, -0.010937, 0.015017],
                [0.010937, -0.010937, -0.015017],
                [-0.0, 0.0, 0.0],
                [-0.010937, 0.010937, -0.015017],
                [-0.010937, 0.010937, 0.015017],
                [-0.0, 0.0, 0.014162],
                [-0.0, 0.0, -0.014162],
                [-0.005638, 0.005638, 0.0],
                [-0.054563, 0.054563, 0.0],
                [-0.0, 0.0, 0.019098],
                [-0.0, 0.0, -0.019098],
                [0.054563, -0.054563, 0.0],
                [0.005638, -0.005638, 0.0]
            ]
        }
    },
    "atom_type": [
        "N",
        "N",
        "N",
        "N",
        "N",
        "Zr",
        "Zr",
        "Zr",
        "Zr",
        "Zr",
        "Zr",
        "Zr",
        "Zr"
    ],
    "coordinate_mode": "Direct",
    "global_properties": {
        "energy": {
            "value": -127.79323
        }
    },
    "lattice_vectors": [
        [2.3160953416979813, 2.3160953416979813, 0.0],
        [-4.618225431254245, 4.618225431254245, 0.0],
        [0.0, 0.0, 9.100867363420974]
    ]
}