{
    "atom_coords": [
        [0.5, 0.5, 0.2486226459286485],
        [0.0, 0.0, 0.3751124096111909],
        [0.5, 0.5, 0.5],
        [0.0, 0.0, 0.6248875903888091],
        [0.5, 0.5, 0.7513773540713515],
        [0.0, 0.0, 0.0],
        [0.5, 0.5, 0.1230917179621827],
        [0.0, 0.0, 0.2518992166990515],
        [0.5, 0.5, 0.373234810736534],
        [0.0, 0.0, 0.5],
        [0.5, 0.5, 0.626765189263466],
        [0.0, 0.0, 0.7481007833009485],
        [0.5, 0.5, 0.8769082820378173]
    ],
    "atom_properties": {
        "force": {
            "value": [
                [-0.0, -0.0, 0.195878],
                [-0.0, 0.0, -0.065226],
                [-0.0, 0.0, -0.0],
                [-0.0, 0.0, 0.065226],
                [0.0, 0.0, -0.195878],
                [-0.0, 0.0, -0.0],
                [0.0, -0.0, 0.025367],
                [-0.0, 0.0, -0.076062],
                [0.0, -0.0, 0.092291],
                [-0.0, 0.0, -0.0],
                [0.0, -0.0, -0.092291],
                [0.0, 0.0, 0.076062],
                [0.0, 0.0, -0.025367]
            ]
        }
    },
    "atom_type": [
        "N",
        "N",
        "N",
        "N",
        "N",
        "Zr",
        "Zr",
        "Zr",
        "Zr",
        "Zr",
        "Zr",
        "Zr",
        "Zr"
    ],
    "coordinate_mode": "Direct",
    "global_properties": {
        "energy": {
            "value": -127.47027
        }
    },
    "lattice_vectors": [
        [2.300858945295788, 2.300858945295788, 0.0],
        [2.300858945295788, -2.300858945295788, 0.0],
        [0.0, 0.0, -18.28572221716084]
    ]
}