{
    "atom_coords": [
        [0.642723101239433, 0.642723101239433, 0.2854463024788743],
        [0.357628802501857, 0.357628802501857, 0.71525750500372],
        [0.2144057204390037, 0.2144057204390037, 0.4288114408780146],
        [0.9999865373178523, 0.9999865373178523, 0.9999730746356974],
        [0.8569414571792819, 0.8569414571792819, 0.7138828143585698],
        [0.7128247096023941, 0.7128247096023941, 0.4256494192048024],
        [0.5700407320401197, 0.5700407320401197, 0.1400813640802454],
        [0.4290424370108994, 0.4290424370108994, 0.8580849740217857],
        [0.2863234856202794, 0.2863234856202794, 0.5726469712405446],
        [0.1443687170488701, 0.1443687170488701, 0.2887375340977414]
    ],
    "atom_properties": {
        "force": {
            "value": [
                [-0.0, -0.0, -0.146392],
                [0.0, -0.0, 0.168834],
                [-0.0, -0.0, 0.079108],
                [-0.0, -0.0, -0.06206],
                [-0.0, 0.0, 0.012967],
                [-0.0, -0.0, -0.110413],
                [0.0, -0.0, -0.173173],
                [0.0, -0.0, 0.09866],
                [-0.0, -0.0, 0.06234],
                [0.0, -0.0, 0.070127]
            ]
        }
    },
    "atom_type": [
        "N",
        "N",
        "N",
        "Zr",
        "Zr",
        "Zr",
        "Zr",
        "Zr",
        "Zr",
        "Zr"
    ],
    "coordinate_mode": "Direct",
    "global_properties": {
        "energy": {
            "value": -95.270668
        }
    },
    "lattice_vectors": [
        [2.3030462443817274, -2.3030462443817274, 0.0],
        [2.3030462443817274, 2.3030462443817274, 0.0],
        [-2.3030462443817274, 0.0, 15.929663257587272]
    ]
}