{
    "atom_coords": [
        [0.9285714000000027, 0.3571428999999995, 0.2142856999999978],
        [0.0003359987823046, 0.0076489765744725, 0.999087528233872],
        [0.5790775765744698, 0.1419446282338725, 0.2860502987823068],
        [0.1437695717661285, 0.2853783012176976, 0.5637796234255248],
        [0.7133732282338627, 0.4289073987823073, 0.864791876574472],
        [0.2780653234255297, 0.5723410717661324, 0.1425211012176959],
        [0.8568069012176949, 0.7066367234255253, 0.4294838717661378],
        [0.4285714000000027, 0.8571428999999995, 0.7142856999999978]
    ],
    "atom_properties": {
        "force": {
            "value": [
                [0.0, -0.0, -0.0],
                [-0.069577, -0.037955, 0.046279],
                [0.046279, -0.069577, -0.037955],
                [0.037955, -0.046279, 0.069577],
                [-0.037955, 0.046279, -0.069577],
                [-0.046279, 0.069577, 0.037955],
                [0.069577, 0.037955, -0.046279],
                [0.0, -0.0, 0.0]
            ]
        }
    },
    "atom_type": [
        "N",
        "Zr",
        "Zr",
        "Zr",
        "Zr",
        "Zr",
        "Zr",
        "Zr"
    ],
    "coordinate_mode": "Direct",
    "global_properties": {
        "energy": {
            "value": -71.241529
        }
    },
    "lattice_vectors": [
        [2.273218853361018, -4.576456819272504, -2.2932316084240427],
        [-4.576456819272504, -2.2932316084240427, 2.273218853361018],
        [-2.2932316084240427, 2.273218853361018, -4.576456819272504]
    ]
}