{
    "atom_coords": [
        [0.5010668513382015, 0.497706027205588, 0.5001602701179593],
        [0.7489331486617985, 0.877293972794412, 0.6248397298820407],
        [0.2493269623396586, 0.6255262843172886, 0.8758197910033658],
        [0.50070665238826, 0.9993450896651268, 0.999241605558403],
        [0.74929334761174, 0.3756549103348732, 0.125758394441597],
        [0.0006730376603414, 0.7494737156827114, 0.2491802089966342],
        [0.9942008517404091, 0.9969312733526294, 0.0146670231665738],
        [0.2557991482595909, 0.3780687266473706, 0.1103329768334262],
        [0.5101472841544279, 0.7327552752275324, 0.2469501564638108],
        [0.7448010698006016, 0.1296935382652151, 0.3807043221335178],
        [0.9894918259686634, 0.5273979196192684, 0.4936184284431278],
        [0.2605081740313366, 0.8476020803807316, 0.6313815715568722],
        [0.5051989301993984, 0.2453064617347849, 0.7442956778664822],
        [0.7398527158455721, 0.6422447247724676, 0.8780498435361892]
    ],
    "atom_properties": {
        "force": {
            "value": [
                [-0.0, -0.03053, 0.030671],
                [0.0, 0.03053, -0.030671],
                [-0.0, -0.022241, 0.007335],
                [-0.0, -0.004785, -0.028734],
                [0.0, 0.004785, 0.028734],
                [0.0, 0.022241, -0.007335],
                [-0.0, -0.023783, 0.02702],
                [0.0, 0.023783, -0.02702],
                [0.0, 0.015274, 0.010765],
                [-0.0, -0.051913, 0.011117],
                [0.0, 0.003003, -0.022628],
                [-0.0, -0.003003, 0.022628],
                [0.0, 0.051913, -0.011117],
                [-0.0, -0.015274, -0.010765]
            ]
        }
    },
    "atom_type": [
        "N",
        "N",
        "N",
        "N",
        "N",
        "N",
        "Zr",
        "Zr",
        "Zr",
        "Zr",
        "Zr",
        "Zr",
        "Zr",
        "Zr"
    ],
    "coordinate_mode": "Direct",
    "global_properties": {
        "energy": {
            "value": -140.01098
        }
    },
    "lattice_vectors": [
        [4.596541272025654, 3.16356e-11, -4.8489e-12],
        [2.2982706410627465, 4.611858653013257, -2.31344117690147],
        [2.2982706410529707, 4.601971363756019, 6.920671415165746]
    ]
}