{
    "atom_coords": [
        [0.0, 0.6237758990745732, 0.7464074903899203],
        [0.0, 0.877753484618701, 0.2514198283937148],
        [0.5, 0.0012228954555553, 0.0021510124999011],
        [0.0, 0.125379184189228, 0.751926308505233],
        [0.0, 0.9856620188505971, 0.9929664430487151],
        [0.5, 0.1218981140587019, 0.7641842675553221],
        [0.0, 0.2467333758057819, 0.5085374161614169],
        [0.5, 0.3724861454644213, 0.2465199589560854],
        [0.0, 0.5028968506534071, 0.996833700668688],
        [0.5, 0.630892152129988, 0.7507782751728058],
        [0.0, 0.7570703791121645, 0.4982108831730869],
        [0.5, 0.8792295005869093, 0.2400644154751106]
    ],
    "atom_properties": {
        "force": {
            "value": [
                [0.0, -0.006387, 0.013538],
                [0.0, 0.027334, -0.018345],
                [0.0, 0.017597, -0.003081],
                [0.0, 0.009535, 0.026971],
                [0.0, 0.00632, -0.015568],
                [0.0, 0.040243, 0.020059],
                [0.0, 0.006559, 0.03442],
                [0.0, 0.015039, -0.054548],
                [0.0, -0.041468, -0.02765],
                [0.0, -0.075759, 0.011444],
                [0.0, -0.000117, -0.005885],
                [0.0, 0.001104, 0.018647]
            ]
        }
    },
    "atom_type": [
        "N",
        "N",
        "N",
        "N",
        "Zr",
        "Zr",
        "Zr",
        "Zr",
        "Zr",
        "Zr",
        "Zr",
        "Zr"
    ],
    "coordinate_mode": "Direct",
    "global_properties": {
        "energy": {
            "value": -115.69135
        }
    },
    "lattice_vectors": [
        [4.538956004235933, 0.0, 0.0],
        [0.0, 4.618196998283477, -4.675555854393747],
        [0.0, 2.2740142357717152, 6.978376751053255]
    ]
}