{
    "atom_coords": [
        [0.0, 0.0, 0.3747293635994708],
        [0.5, 0.5, 0.7502706364005292],
        [0.0, 0.0, 0.0002081399247729],
        [0.5, 0.5, 0.1247918600752271],
        [0.0, 0.0, 0.2494715304274706],
        [0.5, 0.5, 0.3752643739476795],
        [0.0, 0.0, 0.5004919437976625],
        [0.5, 0.5, 0.6245080562023375],
        [0.0, 0.0, 0.7497356260523205],
        [0.5, 0.5, 0.8755284695725294]
    ],
    "atom_properties": {
        "force": {
            "value": [
                [0.0, 0.0, 0.059271],
                [-0.0, -0.0, -0.059271],
                [0.0, 0.0, -0.037422],
                [-0.0, -0.0, 0.037422],
                [0.0, 0.0, 0.070189],
                [-0.0, -0.0, -0.051078],
                [0.0, 0.0, -0.052036],
                [0.0, -0.0, 0.052036],
                [0.0, 0.0, 0.051078],
                [-0.0, -0.0, -0.070189]
            ]
        }
    },
    "atom_type": [
        "N",
        "N",
        "Zr",
        "Zr",
        "Zr",
        "Zr",
        "Zr",
        "Zr",
        "Zr",
        "Zr"
    ],
    "coordinate_mode": "Direct",
    "global_properties": {
        "energy": {
            "value": -91.665083
        }
    },
    "lattice_vectors": [
        [2.297391884585769, 2.297391884585769, 0.0],
        [2.297391884585769, -2.297391884585769, 0.0],
        [0.0, 0.0, -18.127795885444424]
    ]
}