{
    "atom_coords": [
        [0.6426137788356314, 0.6426137788356314, 0.2852276576712711],
        [0.4996153117160489, 0.4996153117160489, 0.9992306234321049],
        [0.3575275882839506, 0.3575275882839506, 0.7150550765678929],
        [0.2145290211643669, 0.2145290211643669, 0.4290580423287338],
        [8.83115826369e-05, 8.83115826369e-05, 0.0001766231652738],
        [0.8570545884173626, 0.8570545884173626, 0.714109076834724],
        [0.7126842234455708, 0.7126842234455708, 0.4253684468911487],
        [0.5705886376077345, 0.5705886376077345, 0.1411771752154749],
        [0.4285714000000027, 0.4285714000000027, 0.8571428999999995],
        [0.286554262392265, 0.286554262392265, 0.5731085247845229],
        [0.1444585765544275, 0.1444585765544275, 0.2889172531088562]
    ],
    "atom_properties": {
        "force": {
            "value": [
                [0.0, -0.0, -0.028059],
                [-0.0, -0.0, -0.014948],
                [0.0, -0.0, 0.014948],
                [-0.0, -0.0, 0.028059],
                [-0.0, -0.0, 0.004966],
                [0.0, -0.0, -0.004966],
                [-0.0, -0.0, -0.058373],
                [-0.0, -0.0, -0.073717],
                [-0.0, 0.0, -0.0],
                [0.0, -0.0, 0.073717],
                [0.0, -0.0, 0.058373]
            ]
        }
    },
    "atom_type": [
        "N",
        "N",
        "N",
        "N",
        "Zr",
        "Zr",
        "Zr",
        "Zr",
        "Zr",
        "Zr",
        "Zr"
    ],
    "coordinate_mode": "Direct",
    "global_properties": {
        "energy": {
            "value": -107.30249
        }
    },
    "lattice_vectors": [
        [2.3018162234200163, -2.3018162234200163, 0.0],
        [2.3018162234200163, 2.3018162234200163, 0.0],
        [-2.3018162234200163, 0.0, 15.970660014350699]
    ]
}