{
    "atom_coords": [
        [0.7141151861904049, 0.2141151861904049, 0.4282303723808099],
        [0.0001705138095929, 0.5001705138095929, 0.0003410276191929],
        [0.9994008820422664, 0.9994008820422664, 0.9988017640845399],
        [0.1470016829347713, 0.14700168293475, 0.2940034658695438],
        [0.2837799539737844, 0.2837799539737915, 0.5675599079475617],
        [0.4305057460262205, 0.4305057460262134, 0.861011592052435],
        [0.5672840170652265, 0.5672840170652478, 0.1345679341304589],
        [0.7148848179577314, 0.7148848179577314, 0.4297696359154628],
        [0.8571428999999995, 0.8571428999999995, 0.7142856999999978]
    ],
    "atom_properties": {
        "force": {
            "value": [
                [0.023922, -0.0, 0.023922],
                [-0.023922, 0.0, -0.023922],
                [-0.03249, 0.0, -0.03249],
                [0.02481, -0.0, 0.02481],
                [-0.001912, 0.0, -0.001912],
                [0.001912, -0.0, 0.001912],
                [-0.02481, 0.0, -0.02481],
                [0.03249, -0.0, 0.03249],
                [-0.0, 0.0, -0.0]
            ]
        }
    },
    "atom_type": [
        "N",
        "N",
        "Zr",
        "Zr",
        "Zr",
        "Zr",
        "Zr",
        "Zr",
        "Zr"
    ],
    "coordinate_mode": "Direct",
    "global_properties": {
        "energy": {
            "value": -83.414794
        }
    },
    "lattice_vectors": [
        [2.3058104584990184, 0.0, -2.3058104584990184],
        [4.3965e-12, 4.587956033182624, 4.3966e-12],
        [6.840500438202949, -2.293978021582548, 9.14631089670197]
    ]
}