{
    "atom_coords": [
        [0.5, 0.0, 0.0],
        [0.0, 0.0, 0.0],
        [0.1294381764852588, 0.6294381764852588, 0.2588763529704821],
        [0.25, 0.25, 0.5],
        [0.3771634963037869, 0.8771634963037869, 0.7543269926075524],
        [0.5, 0.5, 0.0],
        [0.6228365036962131, 0.1228365036962131, 0.2456730073924476],
        [0.75, 0.75, 0.5],
        [0.8705618235147412, 0.3705618235147412, 0.7411236470295179]
    ],
    "atom_properties": {
        "force": {
            "value": [
                [0.0, -0.0, 0.0],
                [0.0, -0.0, 0.0],
                [-0.0, -0.0, 0.050629],
                [-0.0, 0.0, 0.0],
                [-0.0, -0.0, 0.051956],
                [0.0, -0.0, 0.0],
                [0.0, 0.0, -0.051956],
                [-0.0, -0.0, 0.0],
                [0.0, 0.0, -0.050629]
            ]
        }
    },
    "atom_type": [
        "N",
        "Zr",
        "Zr",
        "Zr",
        "Zr",
        "Zr",
        "Zr",
        "Zr",
        "Zr"
    ],
    "coordinate_mode": "Direct",
    "global_properties": {
        "energy": {
            "value": -80.002394
        }
    },
    "lattice_vectors": [
        [4.55544034773726, 0.0, 1.12517e-11],
        [0.0, 4.55544034773726, 1.12517e-11],
        [-2.2777201788176487, -2.2777201788176487, 9.123569751966505]
    ]
}